ISO-10303-21;
HEADER;
FILE_DESCRIPTION (( 'STEP AP214' ),
    '1' );
FILE_NAME ('Top_solid.STEP',
    '2025-11-12T17:41:32',
    ( '' ),
    ( '' ),
    'SwSTEP 2.0',
    'SolidWorks 2024',
    '' );
FILE_SCHEMA (( 'AUTOMOTIVE_DESIGN' ));
ENDSEC;

DATA;
#1 = DIRECTION ( 'NONE',  ( 1.000000000000000000, 0.000000000000000000, 0.000000000000000000 ) ) ;
#2 = ADVANCED_FACE ( 'NONE', ( #574 ), #183, .T. ) ;
#3 = CARTESIAN_POINT ( 'NONE',  ( -404.8556549163546379, 6.124999999999969802, 18.65069170389008235 ) ) ;
#4 = CARTESIAN_POINT ( 'NONE',  ( -425.8556549163545810, 5.500000000000000888, -168.3749310443081413 ) ) ;
#5 = CARTESIAN_POINT ( 'NONE',  ( -308.7767999200669919, 5.412504818268178752, 19.13015040621093377 ) ) ;
#6 = CARTESIAN_POINT ( 'NONE',  ( -408.8556549163545810, 5.877655079465403887, 18.84872613128140273 ) ) ;
#7 = CARTESIAN_POINT ( 'NONE',  ( -267.8556549163546379, 6.124999999999985789, 18.65069170389008590 ) ) ;
#8 = ORIENTED_EDGE ( 'NONE', *, *, #719, .T. ) ;
#9 = CARTESIAN_POINT ( 'NONE',  ( -365.8600848882931587, 5.389381927037358189, -168.5427051402528775 ) ) ;
#10 = ORIENTED_EDGE ( 'NONE', *, *, #6918, .F. ) ;
#11 = ORIENTED_EDGE ( 'NONE', *, *, #6594, .F. ) ;
#12 = CARTESIAN_POINT ( 'NONE',  ( -407.8556549163545810, 6.124999999999970690, -169.1555557941079542 ) ) ;
#13 = DIRECTION ( 'NONE',  ( -0.000000000000000000, -0.7806247497998098916, -0.6249999999999875655 ) ) ;
#14 = CARTESIAN_POINT ( 'NONE',  ( -345.8797666428928324, 5.274054342413041496, 18.18616927195816402 ) ) ;
#15 = CARTESIAN_POINT ( 'NONE',  ( -327.4112993772124014, 3.698795873749177954, 19.70051105391996060 ) ) ;
#16 = CARTESIAN_POINT ( 'NONE',  ( -367.8556549163546379, 5.500000000000000888, 19.74756795489107475 ) ) ;
#17 = CARTESIAN_POINT ( 'NONE',  ( -248.4762700166565423, 2.826972400826935239, -95.10813430806021529 ) ) ;
#18 = ORIENTED_EDGE ( 'NONE', *, *, #2722, .F. ) ;
#19 = EDGE_CURVE ( 'NONE', #70, #8160, #3160, .T. ) ;
#20 = ORIENTED_EDGE ( 'NONE', *, *, #5231, .T. ) ;
#21 = CARTESIAN_POINT ( 'NONE',  ( -385.8556549163545810, 3.000000000000000000, -165.2524320451089181 ) ) ;
#22 = CARTESIAN_POINT ( 'NONE',  ( -324.8645148557371272, 5.848454817158821761, -169.3652734148521404 ) ) ;
#23 = FACE_OUTER_BOUND ( 'NONE', #1883, .T. ) ;
#24 = CARTESIAN_POINT ( 'NONE',  ( -384.8845655813710778, 5.613761050926163065, 19.02108699399690295 ) ) ;
#25 =( BOUNDED_SURFACE ( )  B_SPLINE_SURFACE ( 3, 2, ( 
 ( #5125, #3024, #7949 ),
 ( #6468, #5865, #1585 ),
 ( #8701, #2373, #4425 ),
 ( #5214, #268, #2235 ),
 ( #88, #1674, #1633 ),
 ( #7263, #884, #2329 ),
 ( #3068, #5174, #7996 ),
 ( #7304, #927, #6651 ),
 ( #5956, #5081, #4370 ),
 ( #8793, #2931, #5784 ),
 ( #1767, #7394, #313 ),
 ( #6000, #8130, #2464 ),
 ( #5308, #8840, #1020 ),
 ( #3860, #6695, #3157 ) ),
 .UNSPECIFIED., .F., .F., .T. ) 
 B_SPLINE_SURFACE_WITH_KNOTS ( ( 4, 2, 2, 2, 2, 2, 4 ),
 ( 3, 3 ),
 ( 0.001015998582458478095, 0.001428449273944989127, 0.001840899965431500376, 0.002253350656918011626, 0.002665801348404522875, 0.003490702731377545373, 0.004315604114350567871 ),
 ( 0.000000000000000000, 1.000000000000000000 ),
 .UNSPECIFIED. ) 
 GEOMETRIC_REPRESENTATION_ITEM ( )  RATIONAL_B_SPLINE_SURFACE ( (
 ( 1.000000000000000000, 0.7071067811865496822, 1.000000000000000000),
 ( 1.000000000000000000, 0.7191539465619961602, 1.000000000000000000),
 ( 1.000000000000000000, 0.7296663882557229419, 1.000000000000000000),
 ( 1.000000000000000000, 0.7474372416598654700, 1.000000000000000000),
 ( 1.000000000000000000, 0.7547518899039740159, 1.000000000000000000),
 ( 1.000000000000000000, 0.7656299723738917429, 1.000000000000000000),
 ( 1.000000000000000000, 0.7691951883262585499, 1.000000000000000000),
 ( 1.000000000000000000, 0.7731396846999082362, 1.000000000000000000),
 ( 1.000000000000000000, 0.7734820014422115753, 1.000000000000000000),
 ( 1.000000000000000000, 0.7709873420212794981, 1.000000000000000000),
 ( 1.000000000000000000, 0.7646994115826273308, 1.000000000000000000),
 ( 1.000000000000000000, 0.7540697026766329802, 1.000000000000000000),
 ( 1.000000000000000000, 0.7498104614823530856, 1.000000000000000000),
 ( 1.000000000000000000, 0.7499999999999998890, 1.000000000000000000) ) ) 
 REPRESENTATION_ITEM ( '' )  SURFACE ( )  );
#26 = EDGE_LOOP ( 'NONE', ( #2987, #6253, #3522, #4027 ) ) ;
#27 = CARTESIAN_POINT ( 'NONE',  ( -285.7989918981637061, 5.919283266445281022, -169.3143903733093794 ) ) ;
#28 = CARTESIAN_POINT ( 'NONE',  ( -444.8556549163562295, 3.750000000000000000, -0.5024320451088859496 ) ) ;
#29 = CARTESIAN_POINT ( 'NONE',  ( -387.8556549163546379, 5.500000000000000888, -168.3749310443081413 ) ) ;
#30 = ORIENTED_EDGE ( 'NONE', *, *, #4255, .F. ) ;
#31 = CARTESIAN_POINT ( 'NONE',  ( -444.8556549163562295, 3.750000000000000000, -72.00243204510887551 ) ) ;
#32 = CARTESIAN_POINT ( 'NONE',  ( -365.7989050678921785, 5.918887576269623807, 18.80982022867351589 ) ) ;
#33 = CARTESIAN_POINT ( 'NONE',  ( -444.8556549163562295, 3.750000000000000000, 7.147567954891137276 ) ) ;
#34 = B_SPLINE_CURVE_WITH_KNOTS ( 'NONE', 3,
 ( #5654, #1324, #6250, #3417, #4108, #6943, #7587, #4156, #9091, #4060, #658, #6295, #3502, #9184, #2712, #2104 ),
 .UNSPECIFIED., .F., .F.,
 ( 4, 2, 2, 2, 2, 2, 2, 4 ),
 ( 0.000000000000000000, 0.0009498534235542501186, 0.001424780135331372901, 0.001899706847108495683, 0.002374633558885618032, 0.002849560270662740598, 0.003324486982439863163, 0.003799413694216985295 ),
 .UNSPECIFIED. ) ;
#35 = ADVANCED_FACE ( 'NONE', ( #3032 ), #1503, .F. ) ;
#36 = CARTESIAN_POINT ( 'NONE',  ( -425.8556549163545810, 5.445482461463225121, -168.4622289694928554 ) ) ;
#37 = CARTESIAN_POINT ( 'NONE',  ( -445.8556549163562863, 3.750000000000000000, -72.00243204510887551 ) ) ;
#38 = CARTESIAN_POINT ( 'NONE',  ( -268.8267442513381980, 5.613761050926165730, -169.5259510842147392 ) ) ;
#39 = AXIS2_PLACEMENT_3D ( 'NONE', #6186, #3402, #2653 ) ;
#40 = FACE_OUTER_BOUND ( 'NONE', #250, .T. ) ;
#41 = CARTESIAN_POINT ( 'NONE',  ( -445.8556549163562863, 3.750000000000000000, -78.50243204510888972 ) ) ;
#42 = CARTESIAN_POINT ( 'NONE',  ( -327.6369613343885590, 4.872234721371595967, -169.0553227531928258 ) ) ;
#43 = CARTESIAN_POINT ( 'NONE',  ( -286.0931336379928780, 3.806447783934358231, -170.1876835677589099 ) ) ;
#44 = CARTESIAN_POINT ( 'NONE',  ( -344.8556549163545810, 6.124999999999951150, -169.1555557941079542 ) ) ;
#45 = CARTESIAN_POINT ( 'NONE',  ( -426.3084438545032526, 3.714219789345781564, 19.69642408864809013 ) ) ;
#46 = ADVANCED_FACE ( 'NONE', ( #5792 ), #4565, .F. ) ;
#47 = CARTESIAN_POINT ( 'NONE',  ( -307.9345859628257926, 5.710848127064440227, 18.95411819148986510 ) ) ;
#48 = DIRECTION ( 'NONE',  ( -1.000000000000000000, -0.000000000000000000, -0.000000000000000000 ) ) ;
#49 = CARTESIAN_POINT ( 'NONE',  ( -267.5005204068764897, 4.723855547281281098, 18.63922123801330955 ) ) ;
#50 = ORIENTED_EDGE ( 'NONE', *, *, #7271, .T. ) ;
#51 = CIRCLE ( 'NONE', #3480, 1.000000000000000888 ) ;
#52 = CARTESIAN_POINT ( 'NONE',  ( -366.7179920740174452, 4.500000000000000888, -169.2210590106588768 ) ) ;
#53 = VERTEX_POINT ( 'NONE', #5831 ) ;
#54 = CARTESIAN_POINT ( 'NONE',  ( -427.7854562619177159, 5.116383170996372520, 18.36058535655304169 ) ) ;
#55 = CARTESIAN_POINT ( 'NONE',  ( -367.8556549163546379, 3.000000000000000000, 14.74756795489106231 ) ) ;
#56 = CIRCLE ( 'NONE', #2924, 1.000000000000000888 ) ;
#57 = CARTESIAN_POINT ( 'NONE',  ( -267.4733861663405605, 3.739288344263300701, 19.69282342312304834 ) ) ;
#58 = CARTESIAN_POINT ( 'NONE',  ( -327.8891550493725617, 6.023662094633793096, 18.73182695911980389 ) ) ;
#59 = DIRECTION ( 'NONE',  ( 0.000000000000000000, 0.000000000000000000, -1.000000000000000000 ) ) ;
#60 = EDGE_CURVE ( 'NONE', #8825, #9149, #8577, .T. ) ;
#61 = CARTESIAN_POINT ( 'NONE',  ( -246.8556549163562579, 5.925049424987578917, -94.66416469894099350 ) ) ;
#62 = ORIENTED_EDGE ( 'NONE', *, *, #7338, .T. ) ;
#63 = EDGE_CURVE ( 'NONE', #4245, #9094, #5279, .T. ) ;
#64 = CIRCLE ( 'NONE', #1260, 1.349999999999976108 ) ;
#65 = ORIENTED_EDGE ( 'NONE', *, *, #7841, .T. ) ;
#66 = CARTESIAN_POINT ( 'NONE',  ( -366.8556549163546379, 4.500000000000000888, 0.000000000000000000 ) ) ;
#67 = DIRECTION ( 'NONE',  ( 0.000000000000000000, -0.000000000000000000, -1.000000000000000000 ) ) ;
#68 = DIRECTION ( 'NONE',  ( 1.000000000000000000, 0.000000000000000000, 0.000000000000000000 ) ) ;
#69 = CARTESIAN_POINT ( 'NONE',  ( -326.6981921440525412, 4.509365819018567478, 18.71396276295645222 ) ) ;
#70 = VERTEX_POINT ( 'NONE', #935 ) ;
#71 = CARTESIAN_POINT ( 'NONE',  ( -285.2916704473142318, 4.557655364776424634, -170.0053841917504371 ) ) ;
#72 = FACE_OUTER_BOUND ( 'NONE', #3366, .T. ) ;
#73 = CARTESIAN_POINT ( 'NONE',  ( -368.2240811334460773, 4.293272472136263396, -170.0836341850529436 ) ) ;
#74 = ORIENTED_EDGE ( 'NONE', *, *, #6055, .T. ) ;
#75 = AXIS2_PLACEMENT_3D ( 'NONE', #2522, #1819, #6107 ) ;
#76 = DIRECTION ( 'NONE',  ( 1.000000000000000000, 0.000000000000000000, 2.921639538487254261E-16 ) ) ;
#77 = CARTESIAN_POINT ( 'NONE',  ( -366.1743829770999241, 3.768189216954951348, 19.68870928488159322 ) ) ;
#78 = CARTESIAN_POINT ( 'NONE',  ( -446.8556549163562863, 0.000000000000000000, -82.25243204510888972 ) ) ;
#79 = CARTESIAN_POINT ( 'NONE',  ( -425.8556549163545810, 5.499999999999989342, -168.3749310443081413 ) ) ;
#80 = EDGE_CURVE ( 'NONE', #7427, #5673, #6056, .T. ) ;
#81 = CARTESIAN_POINT ( 'NONE',  ( -406.3330437580667649, 4.643937170568182005, 18.66985447363968120 ) ) ;
#82 = CARTESIAN_POINT ( 'NONE',  ( -246.8556549163562295, 6.184658438426472671, -57.25243204510889683 ) ) ;
#83 = DIRECTION ( 'NONE',  ( 0.000000000000000000, 0.000000000000000000, 1.000000000000000000 ) ) ;
#84 = DIRECTION ( 'NONE',  ( 0.000000000000000000, -1.000000000000000000, 0.000000000000000000 ) ) ;
#85 = CARTESIAN_POINT ( 'NONE',  ( -327.9084018391927202, 5.399915996860762846, -169.6511968241165675 ) ) ;
#86 = DIRECTION ( 'NONE',  ( -0.000000000000000000, -0.000000000000000000, -1.000000000000000000 ) ) ;
#87 = DIRECTION ( 'NONE',  ( -1.000000000000000000, 0.000000000000000000, 0.000000000000000000 ) ) ;
#88 = CARTESIAN_POINT ( 'NONE',  ( -288.7767999200669919, 5.412504818268080165, 19.13015040621098706 ) ) ;
#89 = AXIS2_PLACEMENT_3D ( 'NONE', #2815, #4771, #9003 ) ;
#90 = DIRECTION ( 'NONE',  ( -1.000000000000000000, -0.000000000000000000, -0.000000000000000000 ) ) ;
#91 = EDGE_LOOP ( 'NONE', ( #4777, #3682, #7415, #4935 ) ) ;
#92 = LINE ( 'NONE', #1206, #7094 ) ;
#93 = FACE_OUTER_BOUND ( 'NONE', #7081, .T. ) ;
#94 = EDGE_LOOP ( 'NONE', ( #6968, #951 ) ) ;
#95 = FACE_OUTER_BOUND ( 'NONE', #3132, .T. ) ;
#96 = ORIENTED_EDGE ( 'NONE', *, *, #217, .F. ) ;
#97 = ADVANCED_FACE ( 'NONE', ( #2292 ), #2045, .F. ) ;
#98 = CARTESIAN_POINT ( 'NONE',  ( -267.7341608780493516, 5.002226165318919726, 18.46125788759335151 ) ) ;
#99 = AXIS2_PLACEMENT_3D ( 'NONE', #5162, #6458, #7987 ) ;
#100 = ADVANCED_FACE ( 'NONE', ( #5740 ), #7165, .F. ) ;
#101 = AXIS2_PLACEMENT_3D ( 'NONE', #8666, #5221, #6569 ) ;
#102 = CARTESIAN_POINT ( 'NONE',  ( -442.8556549163562295, 3.750000000000000000, -1.652432045108903180 ) ) ;
#103 = DIRECTION ( 'NONE',  ( -1.000000000000000000, -0.000000000000000000, -0.000000000000000000 ) ) ;
#104 = CARTESIAN_POINT ( 'NONE',  ( -327.8512249444161739, 5.389381927037761422, 18.03784105003430582 ) ) ;
#105 = DIRECTION ( 'NONE',  ( -1.000000000000000000, -0.000000000000000000, -2.921639538487254261E-16 ) ) ;
#106 = AXIS2_PLACEMENT_3D ( 'NONE', #8061, #908, #7325 ) ;
#107 = CARTESIAN_POINT ( 'NONE',  ( -246.8556549163562579, 1.787215440902117036, -97.25243205591270623 ) ) ;
#108 = VERTEX_POINT ( 'NONE', #7272 ) ;
#109 = ORIENTED_EDGE ( 'NONE', *, *, #608, .F. ) ;
#110 = ORIENTED_EDGE ( 'NONE', *, *, #6577, .F. ) ;
#111 = AXIS2_PLACEMENT_3D ( 'NONE', #1960, #2755, #5505 ) ;
#112 = EDGE_CURVE ( 'NONE', #2432, #4294, #7686, .T. ) ;
#113 = CARTESIAN_POINT ( 'NONE',  ( -248.3481347071597725, 3.476307632360907007, -55.71094277033197528 ) ) ;
#114 = CIRCLE ( 'NONE', #715, 1.000000000000000888 ) ;
#115 = DIRECTION ( 'NONE',  ( 2.921639538487254261E-16, -0.000000000000000000, -1.000000000000000000 ) ) ;
#116 = CARTESIAN_POINT ( 'NONE',  ( -367.9086614756249105, 3.992597862132107434, -170.1539954553384177 ) ) ;
#117 = CARTESIAN_POINT ( 'NONE',  ( -445.8556549163562863, 7.000000000000000000, 156.0000000000000000 ) ) ;
#118 = ORIENTED_EDGE ( 'NONE', *, *, #7890, .F. ) ;
#119 = CARTESIAN_POINT ( 'NONE',  ( -286.8556549163545810, 3.625000000000000444, -170.2132157533550298 ) ) ;
#120 = CARTESIAN_POINT ( 'NONE',  ( -286.7857345905474631, 4.500000000000000888, 18.71619492074467672 ) ) ;
#121 = DIRECTION ( 'NONE',  ( 0.000000000000000000, 1.000000000000000000, 0.000000000000000000 ) ) ;
#122 = ORIENTED_EDGE ( 'NONE', *, *, #1871, .F. ) ;
#123 = CARTESIAN_POINT ( 'NONE',  ( -250.8556549163562011, 6.099999999999999645, -169.1524320451088954 ) ) ;
#124 = VECTOR ( 'NONE', #682, 1000.000000000000000 ) ;
#125 = ORIENTED_EDGE ( 'NONE', *, *, #9104, .F. ) ;
#126 = LINE ( 'NONE', #774, #3782 ) ;
#127 = CARTESIAN_POINT ( 'NONE',  ( -367.8556549163546379, 5.499999999999992006, 17.87006695409027657 ) ) ;
#128 = CARTESIAN_POINT ( 'NONE',  ( -426.3255170659738269, 4.640946051870844080, -169.1768963064188824 ) ) ;
#129 = DIRECTION ( 'NONE',  ( 0.000000000000000000, 0.000000000000000000, -1.000000000000000000 ) ) ;
#130 = DIRECTION ( 'NONE',  ( 0.000000000000000000, -1.000000000000000000, 0.000000000000000000 ) ) ;
#131 = DIRECTION ( 'NONE',  ( -1.000000000000000000, -0.000000000000000000, -0.000000000000000000 ) ) ;
#132 = B_SPLINE_CURVE_WITH_KNOTS ( 'NONE', 3,
 ( #6138, #2553, #6694, #1159, #3999, #692, #3535, #1204, #6376, #554, #5446, #5538, #6237, #9121, #2792, #6328 ),
 .UNSPECIFIED., .F., .F.,
 ( 4, 2, 2, 2, 2, 2, 2, 4 ),
 ( 0.000000000000000000, 0.0008674847809097660685, 0.001734969561819532137, 0.002602454342729298205, 0.003469939123639064274, 0.004337423904548829909, 0.005204908685458596411, 0.006939878247278120742 ),
 .UNSPECIFIED. ) ;
#133 = ADVANCED_FACE ( 'NONE', ( #8575 ), #7865, .F. ) ;
#134 = CIRCLE ( 'NONE', #6086, 1.000000000000002665 ) ;
#135 = DIRECTION ( 'NONE',  ( 0.000000000000000000, 0.000000000000000000, -1.000000000000000000 ) ) ;
#136 = CARTESIAN_POINT ( 'NONE',  ( -345.7051140906759770, 4.072590210801840804, -170.1373539892367148 ) ) ;
#137 = DIRECTION ( 'NONE',  ( 0.000000000000000000, 0.000000000000000000, 1.000000000000000000 ) ) ;
#138 = DIRECTION ( 'NONE',  ( -2.921639538487254261E-16, 0.000000000000000000, 1.000000000000000000 ) ) ;
#139 = VERTEX_POINT ( 'NONE', #499 ) ;
#140 = DIRECTION ( 'NONE',  ( 0.000000000000000000, 0.000000000000000000, 1.000000000000000000 ) ) ;
#141 = VERTEX_POINT ( 'NONE', #4745 ) ;
#142 = CARTESIAN_POINT ( 'NONE',  ( -305.8653422389340903, 5.324007913114984447, -168.6350940073689628 ) ) ;
#143 = VERTEX_POINT ( 'NONE', #5443 ) ;
#144 = CARTESIAN_POINT ( 'NONE',  ( -267.6064897249924002, 4.835820077882199364, 18.57392088924701312 ) ) ;
#145 = CARTESIAN_POINT ( 'NONE',  ( -346.8556549163546379, 4.500000000000000888, 0.000000000000000000 ) ) ;
#146 = EDGE_CURVE ( 'NONE', #581, #8616, #849, .T. ) ;
#147 = CARTESIAN_POINT ( 'NONE',  ( -267.6181761947163977, 3.806447783934348017, 19.68281947754105232 ) ) ;
#148 = CARTESIAN_POINT ( 'NONE',  ( -266.3255170659738269, 4.640946051870844080, -169.1768963064188824 ) ) ;
#149 = CARTESIAN_POINT ( 'NONE',  ( -444.8556549163562295, 3.750000000000000000, 0.6475679548911313921 ) ) ;
#150 = FACE_OUTER_BOUND ( 'NONE', #1545, .T. ) ;
#151 = ORIENTED_EDGE ( 'NONE', *, *, #7886, .T. ) ;
#152 = ORIENTED_EDGE ( 'NONE', *, *, #1670, .F. ) ;
#153 = ORIENTED_EDGE ( 'NONE', *, *, #3699, .T. ) ;
#154 = LINE ( 'NONE', #3741, #2175 ) ;
#155 = DIRECTION ( 'NONE',  ( -1.000000000000000000, 0.000000000000000000, 0.000000000000000000 ) ) ;
#156 = B_SPLINE_CURVE_WITH_KNOTS ( 'NONE', 3,
 ( #300, #6724, #5986, #8826, #4595, #7421, #6034, #8253, #5340, #1189, #8161, #5523, #9063, #3285, #395, #1935 ),
 .UNSPECIFIED., .F., .F.,
 ( 4, 2, 2, 2, 2, 2, 2, 4 ),
 ( 0.000000000000000000, 0.0004712969428269018460, 0.0009425938856538036920, 0.001413890828480704725, 0.001885187771307605649, 0.002356484714134506574, 0.002827781656961407715, 0.003770375542615209564 ),
 .UNSPECIFIED. ) ;
#157 = CARTESIAN_POINT ( 'NONE',  ( -327.7854562619177159, 5.116383170996374297, 18.36058535655306301 ) ) ;
#158 = ORIENTED_EDGE ( 'NONE', *, *, #2800, .T. ) ;
#159 = FACE_OUTER_BOUND ( 'NONE', #4861, .T. ) ;
#160 = EDGE_CURVE ( 'NONE', #5063, #6260, #4092, .T. ) ;
#161 = CARTESIAN_POINT ( 'NONE',  ( -286.0338427332812330, 4.926450206952925903, 18.51377697833384062 ) ) ;
#162 = EDGE_CURVE ( 'NONE', #6263, #4926, #5764, .T. ) ;
#163 = CARTESIAN_POINT ( 'NONE',  ( -285.8556549163545810, 5.500000000000000888, -168.3749310443081413 ) ) ;
#164 = ORIENTED_EDGE ( 'NONE', *, *, #631, .T. ) ;
#165 = ORIENTED_EDGE ( 'NONE', *, *, #9153, .T. ) ;
#166 = CARTESIAN_POINT ( 'NONE',  ( -246.8556549163562295, 4.707944643808044560, -56.89769000201867044 ) ) ;
#167 = DIRECTION ( 'NONE',  ( -0.000000000000000000, -0.7806247497998088924, 0.6249999999999886757 ) ) ;
#168 = CARTESIAN_POINT ( 'NONE',  ( -425.8981480614780821, 5.118084154113605955, -169.8049107095002626 ) ) ;
#169 = LINE ( 'NONE', #2875, #847 ) ;
#170 = CARTESIAN_POINT ( 'NONE',  ( -325.9771489546599810, 5.002226165318923279, -168.9661219778111558 ) ) ;
#171 = CARTESIAN_POINT ( 'NONE',  ( -444.8556549163562295, 3.750000000000000000, -72.00243204510887551 ) ) ;
#172 = CARTESIAN_POINT ( 'NONE',  ( -326.9942690904481424, 4.507254365895950521, -169.2193079470704049 ) ) ;
#173 = CARTESIAN_POINT ( 'NONE',  ( -407.5570656760510246, 4.783366251787002810, 18.60397357213508940 ) ) ;
#174 = DIRECTION ( 'NONE',  ( -1.000000000000000000, -0.000000000000000000, -0.000000000000000000 ) ) ;
#175 = CARTESIAN_POINT ( 'NONE',  ( -346.2379236663686015, 3.739288344263323349, -170.1976875133409237 ) ) ;
#176 = CARTESIAN_POINT ( 'NONE',  ( -444.8556549163562295, 3.750000000000000000, -79.65243204510889541 ) ) ;
#177 = DIRECTION ( 'NONE',  ( -1.000000000000000000, -0.000000000000000000, -0.000000000000000000 ) ) ;
#178 = ORIENTED_EDGE ( 'NONE', *, *, #8923, .F. ) ;
#179 = CARTESIAN_POINT ( 'NONE',  ( -346.8556549163546379, 5.500000000000000888, 0.000000000000000000 ) ) ;
#180 = CARTESIAN_POINT ( 'NONE',  ( -268.4196393853989093, 4.557655364780742069, 19.50052010153129700 ) ) ;
#181 = DIRECTION ( 'NONE',  ( 0.000000000000000000, 0.000000000000000000, 1.000000000000000000 ) ) ;
#182 = ORIENTED_EDGE ( 'NONE', *, *, #6417, .T. ) ;
#183 = PLANE ( 'NONE',  #6939 ) ;
#184 = DIRECTION ( 'NONE',  ( -1.387778780781445676E-16, -0.000000000000000000, -1.000000000000000000 ) ) ;
#185 = LINE ( 'NONE', #4339, #6889 ) ;
#186 = CARTESIAN_POINT ( 'NONE',  ( -287.5570656760509678, 4.783366251787010803, 18.60397357213508940 ) ) ;
#187 = EDGE_CURVE ( 'NONE', #6006, #6992, #3711, .T. ) ;
#188 = CIRCLE ( 'NONE', #5404, 1.349999999999990097 ) ;
#189 = CARTESIAN_POINT ( 'NONE',  ( -246.8556549163562579, 4.954705572179219253, -96.08006415650582710 ) ) ;
#190 = VERTEX_POINT ( 'NONE', #1898 ) ;
#191 = EDGE_LOOP ( 'NONE', ( #3635, #8831, #8817, #6731 ) ) ;
#192 = ORIENTED_EDGE ( 'NONE', *, *, #9206, .T. ) ;
#193 = CIRCLE ( 'NONE', #7473, 1.000000000000000888 ) ;
#194 = CARTESIAN_POINT ( 'NONE',  ( -404.8556549104655460, 5.988703185082902003, -169.2646805808188617 ) ) ;
#195 = DIRECTION ( 'NONE',  ( 0.000000000000000000, 0.000000000000000000, 1.000000000000000000 ) ) ;
#196 = CARTESIAN_POINT ( 'NONE',  ( -306.1042084070909937, 4.836586271791881941, 18.57341617306331827 ) ) ;
#197 = EDGE_LOOP ( 'NONE', ( #2238, #2253 ) ) ;
#198 = CARTESIAN_POINT ( 'NONE',  ( -384.8556549163544105, 5.877655079465398558, -169.3535902214992745 ) ) ;
#199 = CARTESIAN_POINT ( 'NONE',  ( -285.8029079935165555, 5.399915996862476142, 19.14633273389755885 ) ) ;
#200 = DIRECTION ( 'NONE',  ( 0.000000000000000000, 0.000000000000000000, 1.000000000000000000 ) ) ;
#201 = ORIENTED_EDGE ( 'NONE', *, *, #3747, .T. ) ;
#202 = DIRECTION ( 'NONE',  ( 0.000000000000000000, 0.000000000000000000, 1.000000000000000000 ) ) ;
#203 = EDGE_CURVE ( 'NONE', #5665, #8719, #4229, .T. ) ;
#204 = VERTEX_POINT ( 'NONE', #4041 ) ;
#205 = CIRCLE ( 'NONE', #4526, 5.000000000000004441 ) ;
#206 = CARTESIAN_POINT ( 'NONE',  ( -248.2496240523842062, 4.197131150609926031, -56.68251652300460108 ) ) ;
#207 = EDGE_CURVE ( 'NONE', #3221, #6910, #2593, .T. ) ;
#208 = AXIS2_PLACEMENT_3D ( 'NONE', #8933, #6092, #4557 ) ;
#209 = CARTESIAN_POINT ( 'NONE',  ( -326.6962559281095650, 3.624999999999968914, 19.70835166313719000 ) ) ;
#210 = DIRECTION ( 'NONE',  ( 1.000000000000000000, 0.000000000000000000, 0.000000000000000000 ) ) ;
#211 = DIRECTION ( 'NONE',  ( -0.000000000000000000, -0.7806247497998098916, -0.6249999999999875655 ) ) ;
#212 = AXIS2_PLACEMENT_3D ( 'NONE', #5085, #1541, #1065 ) ;
#213 = CARTESIAN_POINT ( 'NONE',  ( -248.8556549163562579, 0.000000000000000000, -97.25243204510888972 ) ) ;
#214 = CARTESIAN_POINT ( 'NONE',  ( -427.8556549163546379, 5.499999999999992895, 17.87006695409026591 ) ) ;
#215 = DIRECTION ( 'NONE',  ( 0.000000000000000000, -1.000000000000000000, 0.000000000000000000 ) ) ;
#216 = AXIS2_PLACEMENT_3D ( 'NONE', #7013, #7186, #4356 ) ;
#217 = EDGE_CURVE ( 'NONE', #803, #8884, #6181, .T. ) ;
#218 = CARTESIAN_POINT ( 'NONE',  ( -385.2102072305102638, 4.694546530222388547, -169.9589287182462556 ) ) ;
#219 = CARTESIAN_POINT ( 'NONE',  ( -308.7191130411811741, 5.205896708463899181, -169.7421645164064046 ) ) ;
#220 = DIRECTION ( 'NONE',  ( -2.921639538487254261E-16, 0.000000000000000000, 1.000000000000000000 ) ) ;
#221 = DIRECTION ( 'NONE',  ( 0.000000000000000000, 0.000000000000000000, 1.000000000000000000 ) ) ;
#222 = ORIENTED_EDGE ( 'NONE', *, *, #7624, .F. ) ;
#223 = CARTESIAN_POINT ( 'NONE',  ( -287.8832556423643041, 3.972307589721717935, -170.1577011716906611 ) ) ;
#224 = ADVANCED_FACE ( 'NONE', ( #9025 ), #410, .F. ) ;
#225 = CARTESIAN_POINT ( 'NONE',  ( -306.8556549163546379, 3.625000000000000000, -170.2132157533550298 ) ) ;
#226 = CARTESIAN_POINT ( 'NONE',  ( -326.8556549163545810, 5.500000000000000888, -1.247118358630492821E-13 ) ) ;
#227 = VERTEX_POINT ( 'NONE', #3944 ) ;
#228 = AXIS2_PLACEMENT_3D ( 'NONE', #8386, #4958, #4203 ) ;
#229 = CIRCLE ( 'NONE', #3653, 1.150000000000017231 ) ;
#230 = CARTESIAN_POINT ( 'NONE',  ( -267.8556549163546947, 5.416358229831103266, 18.00400097647165865 ) ) ;
#231 = CIRCLE ( 'NONE', #2178, 1.150000000000012124 ) ;
#232 = LINE ( 'NONE', #3078, #4695 ) ;
#233 = CARTESIAN_POINT ( 'NONE',  ( -265.8556549163546379, 5.500000000000000888, 19.74756795489107475 ) ) ;
#234 = CARTESIAN_POINT ( 'NONE',  ( -265.9381539265641550, 5.097364476298504421, -168.8780778088432726 ) ) ;
#235 = LINE ( 'NONE', #3218, #6063 ) ;
#236 = CARTESIAN_POINT ( 'NONE',  ( -387.4112993772124582, 3.698795873749178398, 19.70051105391995350 ) ) ;
#237 = ORIENTED_EDGE ( 'NONE', *, *, #3018, .T. ) ;
#238 = EDGE_LOOP ( 'NONE', ( #6537, #7122, #18, #571 ) ) ;
#239 = ORIENTED_EDGE ( 'NONE', *, *, #2967, .F. ) ;
#240 = ADVANCED_FACE ( 'NONE', ( #2647 ), #8215, .F. ) ;
#241 = CARTESIAN_POINT ( 'NONE',  ( -404.9345099126421701, 5.412504818266355322, -169.6350144964297044 ) ) ;
#242 = FACE_OUTER_BOUND ( 'NONE', #8002, .T. ) ;
#243 = SPHERICAL_SURFACE ( 'NONE', #3449, 5.000000000000000000 ) ;
#244 = CIRCLE ( 'NONE', #6353, 5.000000000000000888 ) ;
#245 = CARTESIAN_POINT ( 'NONE',  ( -388.8556549163546379, 8.000000000000000000, -165.2524320451089181 ) ) ;
#246 = ORIENTED_EDGE ( 'NONE', *, *, #5721, .F. ) ;
#247 = CARTESIAN_POINT ( 'NONE',  ( -444.8556549163562295, 0.000000000000000000, 78.00000000000000000 ) ) ;
#248 = CARTESIAN_POINT ( 'NONE',  ( -286.7779828394987476, 4.500000003626994705, 19.59811202338651626 ) ) ;
#249 = CARTESIAN_POINT ( 'NONE',  ( -365.8556549163545810, 5.416358229831103266, -168.5088650666895091 ) ) ;
#250 = EDGE_LOOP ( 'NONE', ( #521, #387 ) ) ;
#251 = AXIS2_PLACEMENT_3D ( 'NONE', #314, #5260, #3158 ) ;
#252 = ORIENTED_EDGE ( 'NONE', *, *, #8513, .T. ) ;
#253 = AXIS2_PLACEMENT_3D ( 'NONE', #2533, #2398, #5287 ) ;
#254 = CARTESIAN_POINT ( 'NONE',  ( -265.1540828074996057, 4.802408741466628328, -169.9185304108797254 ) ) ;
#255 = LINE ( 'NONE', #4546, #3213 ) ;
#256 = CARTESIAN_POINT ( 'NONE',  ( -347.0152978225283391, 3.625000000000000444, 19.70835166313717224 ) ) ;
#257 = AXIS2_PLACEMENT_3D ( 'NONE', #8062, #3977, #389 ) ;
#258 = ORIENTED_EDGE ( 'NONE', *, *, #9168, .T. ) ;
#259 = CARTESIAN_POINT ( 'NONE',  ( -441.8556549163562295, 0.000000000000000000, -175.2524320451088897 ) ) ;
#260 = EDGE_CURVE ( 'NONE', #8928, #1456, #4158, .T. ) ;
#261 = CIRCLE ( 'NONE', #5478, 5.000000000000000888 ) ;
#262 = CARTESIAN_POINT ( 'NONE',  ( -268.8556549163546379, 5.499999999999957367, 17.87006695409030854 ) ) ;
#263 = CARTESIAN_POINT ( 'NONE',  ( -266.6968085463535090, 4.500000000000002665, -169.2210590117058473 ) ) ;
#264 = EDGE_CURVE ( 'NONE', #4495, #6110, #4317, .T. ) ;
#265 = CARTESIAN_POINT ( 'NONE',  ( -347.1725692415429876, 3.649012588301082882, -170.2103416934246525 ) ) ;
#266 = CARTESIAN_POINT ( 'NONE',  ( -346.8556549163545810, 4.500000000000000888, -169.2210590117058189 ) ) ;
#267 = CARTESIAN_POINT ( 'NONE',  ( -308.4853156518730657, 4.666530572644965069, -169.9684037520792401 ) ) ;
#268 = CARTESIAN_POINT ( 'NONE',  ( -287.9345859628257358, 5.710848127064324764, 18.95411819148986154 ) ) ;
#269 = B_SPLINE_CURVE_WITH_KNOTS ( 'NONE', 3,
 ( #5058, #7175, #808, #4170, #3473, #5100, #2956, #113, #8632, #2257, #4393, #5802, #1558, #860, #6489, #7919 ),
 .UNSPECIFIED., .F., .F.,
 ( 4, 2, 2, 2, 2, 2, 2, 4 ),
 ( 0.000000000000000000, 0.0009772486022487098922, 0.001465872903373066465, 0.001954497204497423254, 0.002443121505621780043, 0.002931745806746136399, 0.003420370107870493188, 0.003908994408994849977 ),
 .UNSPECIFIED. ) ;
#270 = LINE ( 'NONE', #3899, #1750 ) ;
#271 = DIRECTION ( 'NONE',  ( -1.000000000000000000, 0.000000000000000000, 0.000000000000000000 ) ) ;
#272 = CARTESIAN_POINT ( 'NONE',  ( -348.8556549222436161, 5.988703185082465907, 18.75981649060135226 ) ) ;
#273 = EDGE_CURVE ( 'NONE', #4538, #8928, #2969, .T. ) ;
#274 = AXIS2_PLACEMENT_3D ( 'NONE', #5805, #5236, #1695 ) ;
#275 = EDGE_CURVE ( 'NONE', #3927, #1977, #643, .T. ) ;
#276 = CARTESIAN_POINT ( 'NONE',  ( -304.9345099126422269, 5.412504818266355322, -169.6350144964297044 ) ) ;
#277 = ORIENTED_EDGE ( 'NONE', *, *, #2502, .T. ) ;
#278 = CIRCLE ( 'NONE', #4004, 1.000000000000000888 ) ;
#279 = CARTESIAN_POINT ( 'NONE',  ( -246.8556549163562579, 0.000000000000000000, -175.2524320451088897 ) ) ;
#280 = CARTESIAN_POINT ( 'NONE',  ( -406.5784265680331941, 3.643135913639044432, 19.70616283012591552 ) ) ;
#281 = CARTESIAN_POINT ( 'NONE',  ( -287.7341608780492379, 5.002226165318918838, 18.46125788759334085 ) ) ;
#282 = DIRECTION ( 'NONE',  ( 0.000000000000000000, 0.000000000000000000, 1.000000000000000000 ) ) ;
#283 = CARTESIAN_POINT ( 'NONE',  ( -387.5005204068765465, 4.723855547281345046, 18.63922123801329178 ) ) ;
#284 = VERTEX_POINT ( 'NONE', #7146 ) ;
#285 = ORIENTED_EDGE ( 'NONE', *, *, #9188, .T. ) ;
#286 = ORIENTED_EDGE ( 'NONE', *, *, #5077, .T. ) ;
#287 = CARTESIAN_POINT ( 'NONE',  ( -306.8556549163546379, 5.500000000000000888, 0.000000000000000000 ) ) ;
#288 = CARTESIAN_POINT ( 'NONE',  ( -328.2240811334460773, 4.293272472136263396, -170.0836341850529436 ) ) ;
#289 = DIRECTION ( 'NONE',  ( -2.921639538487254261E-16, 0.000000000000000000, 1.000000000000000000 ) ) ;
#290 = CARTESIAN_POINT ( 'NONE',  ( -327.8556549163545810, 5.416358229831101490, 18.00400097647165154 ) ) ;
#291 = CARTESIAN_POINT ( 'NONE',  ( -344.8556549163545810, 8.000000000000000000, -165.2524320451089181 ) ) ;
#292 = ORIENTED_EDGE ( 'NONE', *, *, #4201, .T. ) ;
#293 = CARTESIAN_POINT ( 'NONE',  ( -305.8556549163546379, 7.000000000000000000, 14.74756795489107120 ) ) ;
#294 = EDGE_CURVE ( 'NONE', #5143, #2711, #958, .T. ) ;
#295 = FACE_BOUND ( 'NONE', #3768, .T. ) ;
#296 = CARTESIAN_POINT ( 'NONE',  ( -326.8556549163545810, 3.625000000000000444, 19.70835166313717579 ) ) ;
#297 = EDGE_LOOP ( 'NONE', ( #2726, #8629, #3438, #1553 ) ) ;
#298 = DIRECTION ( 'NONE',  ( -0.000000000000000000, -0.000000000000000000, 1.000000000000000000 ) ) ;
#299 = VERTEX_POINT ( 'NONE', #33 ) ;
#300 = CARTESIAN_POINT ( 'NONE',  ( -386.8556549163546379, 3.625000000000000000, 19.70835166313716513 ) ) ;
#301 = CARTESIAN_POINT ( 'NONE',  ( -326.0919478697440468, 3.807091139239946465, 19.68271244580380142 ) ) ;
#302 = CARTESIAN_POINT ( 'NONE',  ( -251.8556549163562579, 0.000000000000000000, -165.2524320451089181 ) ) ;
#303 = DIRECTION ( 'NONE',  ( -1.000000000000000000, -0.000000000000000000, -2.921639538487254261E-16 ) ) ;
#304 = EDGE_CURVE ( 'NONE', #449, #7601, #8987, .T. ) ;
#305 = CARTESIAN_POINT ( 'NONE',  ( -288.8556549163546379, 6.124999999999944045, 18.65069170389011788 ) ) ;
#306 = ORIENTED_EDGE ( 'NONE', *, *, #19, .F. ) ;
#307 = DIRECTION ( 'NONE',  ( -1.000000000000000000, -0.000000000000000000, -2.921639538487254261E-16 ) ) ;
#308 = CARTESIAN_POINT ( 'NONE',  ( -347.9086614756248537, 3.992597862132107434, -170.1539954553384177 ) ) ;
#309 = CIRCLE ( 'NONE', #5525, 1.000000000000002665 ) ;
#310 = EDGE_CURVE ( 'NONE', #4914, #7706, #3530, .T. ) ;
#311 = CARTESIAN_POINT ( 'NONE',  ( -384.9345099126422269, 5.412504818266355322, -169.6350144964297044 ) ) ;
#312 = DIRECTION ( 'NONE',  ( 0.000000000000000000, 0.000000000000000000, 1.000000000000000000 ) ) ;
#313 = CARTESIAN_POINT ( 'NONE',  ( -287.3857927667284002, 4.640946051867747890, 18.67203221619912057 ) ) ;
#314 = CARTESIAN_POINT ( 'NONE',  ( -444.8556549163562295, 3.750000000000000000, -0.5024320451088859496 ) ) ;
#315 = CARTESIAN_POINT ( 'NONE',  ( -408.8467949769759002, 5.848454817159439934, 18.86040932463387421 ) ) ;
#316 = B_SPLINE_CURVE_WITH_KNOTS ( 'NONE', 3,
 ( #7102, #6585, #6448, #4972, #8548, #7977, #5107, #3049, #73, #7795, #2171, #1617, #7928, #2911, #3006, #1521 ),
 .UNSPECIFIED., .F., .F.,
 ( 4, 2, 2, 2, 2, 2, 2, 4 ),
 ( 0.000000000000000000, 0.0009498534235542482754, 0.001424780135331372467, 0.001899706847108496551, 0.002374633558885620634, 0.002849560270662744935, 0.003324486982439868801, 0.003799413694216993102 ),
 .UNSPECIFIED. ) ;
#317 = CARTESIAN_POINT ( 'NONE',  ( -348.4196393853989093, 4.557655364780742069, 19.50052010153128634 ) ) ;
#318 = CARTESIAN_POINT ( 'NONE',  ( -304.9036911114030204, 5.561221672468229293, -169.5500246878038411 ) ) ;
#319 = ORIENTED_EDGE ( 'NONE', *, *, #2124, .F. ) ;
#320 = EDGE_CURVE ( 'NONE', #1026, #4399, #126, .T. ) ;
#321 = CARTESIAN_POINT ( 'NONE',  ( -347.1656252369824642, 4.546024630548740397, -169.2085473060919298 ) ) ;
#322 = CARTESIAN_POINT ( 'NONE',  ( -406.0338427332812330, 4.926450206952970312, 18.51377697833358837 ) ) ;
#323 = CARTESIAN_POINT ( 'NONE',  ( -265.8600848882931587, 5.389381927037358189, -168.5427051402528775 ) ) ;
#324 = DIRECTION ( 'NONE',  ( -0.000000000000000000, -0.7806247497998098916, -0.6249999999999875655 ) ) ;
#325 = CARTESIAN_POINT ( 'NONE',  ( -387.8316368210776091, 5.274488668813067882, 18.18564206969831787 ) ) ;
#326 = EDGE_LOOP ( 'NONE', ( #4689, #4380, #4634, #4081 ) ) ;
#327 = EDGE_LOOP ( 'NONE', ( #6680, #4196, #6389, #6934 ) ) ;
#328 = ORIENTED_EDGE ( 'NONE', *, *, #7897, .T. ) ;
#329 = EDGE_CURVE ( 'NONE', #4789, #6475, #6159, .T. ) ;
#330 = DIRECTION ( 'NONE',  ( 1.000000000000000000, 0.000000000000000000, 0.000000000000000000 ) ) ;
#331 = CARTESIAN_POINT ( 'NONE',  ( -304.8556549163546379, 5.877829809576791575, 18.84858623523066257 ) ) ;
#332 = CARTESIAN_POINT ( 'NONE',  ( -308.8556549163546379, 3.000000000000000000, -165.2524320451089181 ) ) ;
#333 = CARTESIAN_POINT ( 'NONE',  ( -285.8556549163546379, 5.500000000000000888, 17.87006695409030854 ) ) ;
#334 = CARTESIAN_POINT ( 'NONE',  ( -387.3780496486143079, 4.643806473694053416, 18.66990609846162030 ) ) ;
#335 = ORIENTED_EDGE ( 'NONE', *, *, #3618, .F. ) ;
#336 = DIRECTION ( 'NONE',  ( 0.000000000000000000, 0.000000000000000000, -1.000000000000000000 ) ) ;
#337 = CARTESIAN_POINT ( 'NONE',  ( -325.4872149242659134, 4.293400979081465785, -170.0835836746730365 ) ) ;
#338 = DIRECTION ( 'NONE',  ( 0.000000000000000000, 0.000000000000000000, 1.000000000000000000 ) ) ;
#339 = EDGE_CURVE ( 'NONE', #1555, #4076, #7345, .T. ) ;
#340 = VERTEX_POINT ( 'NONE', #78 ) ;
#341 = B_SPLINE_CURVE_WITH_KNOTS ( 'NONE', 3,
 ( #7923, #5149, #5934, #7237, #4350, #8773, #4450, #8017, #196, #1655, #7972, #1517, #7285, #864, #7179, #906 ),
 .UNSPECIFIED., .F., .F.,
 ( 4, 2, 2, 2, 2, 2, 2, 4 ),
 ( 0.000000000000000000, 0.0002351675953986706808, 0.0004703351907973413615, 0.0007055027861960120423, 0.0009406703815946827231, 0.001175837976993353295, 0.001411005572392024085, 0.001881340763189365446 ),
 .UNSPECIFIED. ) ;
#342 = VECTOR ( 'NONE', #3628, 1000.000000000000000 ) ;
#343 = VERTEX_POINT ( 'NONE', #7015 ) ;
#344 = CARTESIAN_POINT ( 'NONE',  ( -248.2420676433526694, 4.264916938407356639, -56.96536697755845324 ) ) ;
#345 = CARTESIAN_POINT ( 'NONE',  ( -344.8645148557371840, 5.848454817158821761, -169.3652734148521404 ) ) ;
#346 = CARTESIAN_POINT ( 'NONE',  ( -426.8556549163545810, 3.625000000000000444, -170.2132157533550298 ) ) ;
#347 = CARTESIAN_POINT ( 'NONE',  ( -427.1619787238248591, 4.544316436060827691, -170.0813781607695319 ) ) ;
#348 = VECTOR ( 'NONE', #7019, 1000.000000000000000 ) ;
#349 = CARTESIAN_POINT ( 'NONE',  ( -367.4428557303486969, 4.687071811803892984, -169.1570276738594316 ) ) ;
#350 = DIRECTION ( 'NONE',  ( 0.000000000000000000, 0.000000000000000000, 1.000000000000000000 ) ) ;
#351 = ORIENTED_EDGE ( 'NONE', *, *, #3811, .F. ) ;
#352 = CARTESIAN_POINT ( 'NONE',  ( -427.8839715321827839, 5.302404540044626913, 19.20125495518885828 ) ) ;
#353 = CARTESIAN_POINT ( 'NONE',  ( -346.9954955678717283, 3.625000007438516914, -170.2132157524178524 ) ) ;
#354 = PRESENTATION_LAYER_ASSIGNMENT (  '', '', ( #4371 ) ) ;
#355 = AXIS2_PLACEMENT_3D ( 'NONE', #2549, #5393, #6093 ) ;
#356 = EDGE_CURVE ( 'NONE', #8064, #6999, #205, .T. ) ;
#357 = AXIS2_PLACEMENT_3D ( 'NONE', #2628, #1334, #7649 ) ;
#358 = CARTESIAN_POINT ( 'NONE',  ( -385.9453488993550536, 5.030307165847945683, -169.8492616367356334 ) ) ;
#359 = DIRECTION ( 'NONE',  ( 0.000000000000000000, 0.000000000000000000, -1.000000000000000000 ) ) ;
#360 = VECTOR ( 'NONE', #1178, 1000.000000000000000 ) ;
#361 = CARTESIAN_POINT ( 'NONE',  ( -325.8556549163545242, 7.000000000000000000, -165.2524320451089181 ) ) ;
#362 = CARTESIAN_POINT ( 'NONE',  ( -407.8512249444161739, 5.389381927037762310, 18.03784105003429517 ) ) ;
#363 = CARTESIAN_POINT ( 'NONE',  ( -347.7659609333617254, 5.030307165849384532, 19.34439754652063925 ) ) ;
#364 = CARTESIAN_POINT ( 'NONE',  ( -285.4872286992630279, 4.293272472136241191, 19.57877009483503628 ) ) ;
#365 = EDGE_LOOP ( 'NONE', ( #3563, #7163 ) ) ;
#366 = VECTOR ( 'NONE', #9162, 1000.000000000000000 ) ;
#367 =( BOUNDED_SURFACE ( )  B_SPLINE_SURFACE ( 3, 2, ( 
 ( #5939, #7927, #6447 ),
 ( #3705, #248, #120 ),
 ( #5762, #4493, #7288 ),
 ( #3746, #3048, #7327 ),
 ( #8640, #4312, #4353 ),
 ( #6584, #4453, #5106 ),
 ( #5808, #1616, #909 ),
 ( #8777, #816, #953 ),
 ( #2399, #3658, #4402 ),
 ( #7182, #1565, #2263 ),
 ( #7882, #3611, #161 ),
 ( #5199, #7240, #2357 ),
 ( #3005, #199, #8682 ),
 ( #8595, #5892, #8729 ),
 ( #8020, #867, #1659 ),
 ( #769, #3794, #6631 ),
 ( #7839, #1477, #7140 ),
 ( #2910, #2217, #3324 ) ),
 .UNSPECIFIED., .F., .F., .T. ) 
 B_SPLINE_SURFACE_WITH_KNOTS ( ( 4, 2, 2, 2, 2, 2, 2, 2, 4 ),
 ( 3, 3 ),
 ( 0.001323912745242680506, 0.001737514085360032960, 0.002151115425477385414, 0.002564716765594737651, 0.002978318105712089887, 0.003391919445829442124, 0.003805520785946794361, 0.004219122126064146598, 0.004632723466181498835 ),
 ( 0.000000000000000000, 1.000000000000000000 ),
 .UNSPECIFIED. ) 
 GEOMETRIC_REPRESENTATION_ITEM ( )  RATIONAL_B_SPLINE_SURFACE ( (
 ( 1.000000000000000000, 0.7499999999999998890, 1.000000000000000000),
 ( 1.000000000000000000, 0.7499939426360114902, 1.000000000000000000),
 ( 1.000000000000000000, 0.7509329894123276672, 1.000000000000000000),
 ( 1.000000000000000000, 0.7542720948101458989, 1.000000000000000000),
 ( 1.000000000000000000, 0.7567167381700022899, 1.000000000000000000),
 ( 1.000000000000000000, 0.7620345134622331651, 1.000000000000000000),
 ( 1.000000000000000000, 0.7649009816754456237, 1.000000000000000000),
 ( 1.000000000000000000, 0.7698131873218801990, 1.000000000000000000),
 ( 1.000000000000000000, 0.7718027581247288715, 1.000000000000000000),
 ( 1.000000000000000000, 0.7734778044115844242, 1.000000000000000000),
 ( 1.000000000000000000, 0.7731701811038627081, 1.000000000000000000),
 ( 1.000000000000000000, 0.7692320002427244230, 1.000000000000000000),
 ( 1.000000000000000000, 0.7656548337055184561, 1.000000000000000000),
 ( 1.000000000000000000, 0.7548043090983551640, 1.000000000000000000),
 ( 1.000000000000000000, 0.7474974637465706673, 1.000000000000000000),
 ( 1.000000000000000000, 0.7297066597615095018, 1.000000000000000000),
 ( 1.000000000000000000, 0.7191618347197307193, 1.000000000000000000),
 ( 1.000000000000000000, 0.7071067811865501263, 1.000000000000000000) ) ) 
 REPRESENTATION_ITEM ( '' )  SURFACE ( )  );
#368 = DIRECTION ( 'NONE',  ( -1.000000000000000000, 0.000000000000000000, 0.000000000000000000 ) ) ;
#369 = CARTESIAN_POINT ( 'NONE',  ( -405.8029079935164987, 5.399915996862297618, 19.14633273389706503 ) ) ;
#370 = FACE_OUTER_BOUND ( 'NONE', #5927, .T. ) ;
#371 = CARTESIAN_POINT ( 'NONE',  ( -444.8556549163562295, 3.750000000000000000, 5.997567954891120046 ) ) ;
#372 = EDGE_CURVE ( 'NONE', #3026, #1798, #5769, .T. ) ;
#373 = CARTESIAN_POINT ( 'NONE',  ( -386.8556549163546947, 3.625000000000000444, 19.70835166313716513 ) ) ;
#374 = EDGE_LOOP ( 'NONE', ( #1563, #1864, #4430, #6346 ) ) ;
#375 = AXIS2_PLACEMENT_3D ( 'NONE', #6570, #4384, #5876 ) ;
#376 = B_SPLINE_CURVE_WITH_KNOTS ( 'NONE', 3,
 ( #5160, #7295, #2687, #6863, #1937, #9065, #2586, #8964, #8306, #4884, #1886, #7510, #1142, #9109, #7561, #7657 ),
 .UNSPECIFIED., .F., .F.,
 ( 4, 2, 2, 2, 2, 2, 2, 4 ),
 ( 0.000000000000000000, 0.0002351675953986712500, 0.0004703351907973425000, 0.0007055027861960137770, 0.0009406703815946849999, 0.001175837976993356331, 0.001411005572392027554, 0.001881340763189370000 ),
 .UNSPECIFIED. ) ;
#377 = ORIENTED_EDGE ( 'NONE', *, *, #1782, .F. ) ;
#378 = AXIS2_PLACEMENT_3D ( 'NONE', #5755, #862, #5803 ) ;
#379 = ADVANCED_FACE ( 'NONE', ( #5814 ), #6436, .T. ) ;
#380 = ORIENTED_EDGE ( 'NONE', *, *, #7886, .F. ) ;
#381 = CARTESIAN_POINT ( 'NONE',  ( -428.8556549163546379, 5.877829809576795128, -169.3534503254485060 ) ) ;
#382 = CYLINDRICAL_SURFACE ( 'NONE', #4383, 1.000000000000000888 ) ;
#383 = CIRCLE ( 'NONE', #5606, 1.000000000000002665 ) ;
#384 = DIRECTION ( 'NONE',  ( 0.000000000000000000, 0.000000000000000000, -1.000000000000000000 ) ) ;
#385 = CARTESIAN_POINT ( 'NONE',  ( -307.9086614756249105, 3.992597862132107434, -170.1539954553384177 ) ) ;
#386 = CARTESIAN_POINT ( 'NONE',  ( -264.8556549163546379, 6.124999999999946709, 18.65069170389011788 ) ) ;
#387 = ORIENTED_EDGE ( 'NONE', *, *, #1713, .T. ) ;
#388 = DIRECTION ( 'NONE',  ( 0.000000000000000000, 1.000000000000000000, 0.000000000000000000 ) ) ;
#389 = DIRECTION ( 'NONE',  ( 1.000000000000000000, 0.000000000000000000, 0.000000000000000000 ) ) ;
#390 = AXIS2_PLACEMENT_3D ( 'NONE', #2225, #8071, #1709 ) ;
#391 = CARTESIAN_POINT ( 'NONE',  ( -364.8556549163546379, 6.124999999999944933, 18.65069170389010722 ) ) ;
#392 = ORIENTED_EDGE ( 'NONE', *, *, #8005, .F. ) ;
#393 = EDGE_CURVE ( 'NONE', #2489, #1076, #4088, .T. ) ;
#394 = ORIENTED_EDGE ( 'NONE', *, *, #669, .F. ) ;
#395 = CARTESIAN_POINT ( 'NONE',  ( -388.8556549163546379, 5.877655079465404775, 18.84872613128140273 ) ) ;
#396 = AXIS2_PLACEMENT_3D ( 'NONE', #3330, #9011, #4680 ) ;
#397 = AXIS2_PLACEMENT_3D ( 'NONE', #4686, #7513, #1146 ) ;
#398 = CARTESIAN_POINT ( 'NONE',  ( -345.5659239360486481, 4.184638865665688989, -170.1169986375894894 ) ) ;
#399 = DIRECTION ( 'NONE',  ( -1.000000000000000000, -0.000000000000000000, -0.000000000000000000 ) ) ;
#400 = DIRECTION ( 'NONE',  ( -0.000000000000000000, -0.000000000000000000, 1.000000000000000000 ) ) ;
#401 = VERTEX_POINT ( 'NONE', #7293 ) ;
#402 = DIRECTION ( 'NONE',  ( 0.000000000000000000, -0.6249999999999859002, 0.7806247497998110019 ) ) ;
#403 = AXIS2_PLACEMENT_3D ( 'NONE', #8271, #3351, #7674 ) ;
#404 = CARTESIAN_POINT ( 'NONE',  ( -424.8556549163545810, 7.000000000000000000, -165.2524320451089181 ) ) ;
#405 = ORIENTED_EDGE ( 'NONE', *, *, #3001, .T. ) ;
#406 = CARTESIAN_POINT ( 'NONE',  ( -426.8556549163546379, 4.500000000000000888, 19.59811202517613538 ) ) ;
#407 = VECTOR ( 'NONE', #6563, 1000.000000000000000 ) ;
#408 = CARTESIAN_POINT ( 'NONE',  ( -348.7191130411810036, 5.205896708463899181, -169.7421645164064046 ) ) ;
#409 = CARTESIAN_POINT ( 'NONE',  ( -446.8556549163562863, 7.000000000000000000, -4.252432045108889724 ) ) ;
#410 = PLANE ( 'NONE',  #7788 ) ;
#411 = VECTOR ( 'NONE', #4923, 1000.000000000000000 ) ;
#412 = AXIS2_PLACEMENT_3D ( 'NONE', #1841, #6823, #8787 ) ;
#413 = CARTESIAN_POINT ( 'NONE',  ( -345.9258535707915030, 5.116383170996373408, -168.8654494467709242 ) ) ;
#414 = FACE_OUTER_BOUND ( 'NONE', #4833, .T. ) ;
#415 = CYLINDRICAL_SURFACE ( 'NONE', #2350, 1.349999999999990097 ) ;
#416 = CARTESIAN_POINT ( 'NONE',  ( -407.8131617712234629, 5.118084154113255124, 19.30004661927853604 ) ) ;
#417 = CARTESIAN_POINT ( 'NONE',  ( -347.9345859628257358, 5.710848127064561019, 18.95411819148985799 ) ) ;
#418 = EDGE_CURVE ( 'NONE', #7908, #7862, #1049, .T. ) ;
#419 = CARTESIAN_POINT ( 'NONE',  ( -286.8556549163546379, 3.625000000000000444, 19.70835166313717934 ) ) ;
#420 = ORIENTED_EDGE ( 'NONE', *, *, #6858, .F. ) ;
#421 = CARTESIAN_POINT ( 'NONE',  ( -386.5784265680331941, 3.643135913639012013, 19.70616283012592618 ) ) ;
#422 = CARTESIAN_POINT ( 'NONE',  ( -406.3887548692464406, 4.613001498401151146, 18.68153728725016904 ) ) ;
#423 = CARTESIAN_POINT ( 'NONE',  ( -325.8556549163545810, 5.500000000000000888, 17.87006695409030144 ) ) ;
#424 = CARTESIAN_POINT ( 'NONE',  ( -348.8556549163546379, 3.000000000000000000, -165.2524320451089181 ) ) ;
#425 = CARTESIAN_POINT ( 'NONE',  ( -387.8556549163546379, 5.499999999999992006, 17.87006695409027301 ) ) ;
#426 = VERTEX_POINT ( 'NONE', #6549 ) ;
#427 = ORIENTED_EDGE ( 'NONE', *, *, #5061, .F. ) ;
#428 = ORIENTED_EDGE ( 'NONE', *, *, #5222, .T. ) ;
#429 = EDGE_CURVE ( 'NONE', #1365, #4915, #4414, .T. ) ;
#430 = CARTESIAN_POINT ( 'NONE',  ( -441.8556549163562295, 10.00000000000000000, 24.74756795489111028 ) ) ;
#431 = CARTESIAN_POINT ( 'NONE',  ( -346.7017651815500017, 4.508727177064944414, 19.59378512594875943 ) ) ;
#432 = CARTESIAN_POINT ( 'NONE',  ( -388.8556549163546379, 7.000000000000000000, -165.2524320451089181 ) ) ;
#433 = CARTESIAN_POINT ( 'NONE',  ( -307.8556549163546379, 7.000000000000000000, -165.2524320451089181 ) ) ;
#434 = DIRECTION ( 'NONE',  ( -1.000000000000000000, 0.000000000000000000, 0.000000000000000000 ) ) ;
#435 = ORIENTED_EDGE ( 'NONE', *, *, #6682, .T. ) ;
#436 = LINE ( 'NONE', #2577, #4126 ) ;
#437 = CARTESIAN_POINT ( 'NONE',  ( -326.8556549163545810, 3.625000000000000000, -170.2132157533550298 ) ) ;
#438 = CARTESIAN_POINT ( 'NONE',  ( -425.2246769367355341, 4.668696823349429259, -169.9676676812983089 ) ) ;
#439 = ORIENTED_EDGE ( 'NONE', *, *, #2689, .F. ) ;
#440 = VERTEX_POINT ( 'NONE', #7932 ) ;
#441 = CARTESIAN_POINT ( 'NONE',  ( -267.8121572413804756, 5.115861466909973565, -169.8060714696393916 ) ) ;
#442 = CARTESIAN_POINT ( 'NONE',  ( -444.8556549163562295, 0.000000000000000000, 78.00000000000000000 ) ) ;
#443 = DIRECTION ( 'NONE',  ( -2.921639538487254261E-16, 0.000000000000000000, 1.000000000000000000 ) ) ;
#444 = CARTESIAN_POINT ( 'NONE',  ( -426.8556549163546379, 4.500000000000000888, -169.2210590117058189 ) ) ;
#445 = EDGE_CURVE ( 'NONE', #3224, #4879, #6267, .T. ) ;
#446 = ORIENTED_EDGE ( 'NONE', *, *, #7539, .F. ) ;
#447 = DIRECTION ( 'NONE',  ( 0.000000000000000000, 0.000000000000000000, -1.000000000000000000 ) ) ;
#448 = CARTESIAN_POINT ( 'NONE',  ( -366.8556549163546379, 3.625000000000000000, -170.2132157533550298 ) ) ;
#449 = VERTEX_POINT ( 'NONE', #5158 ) ;
#450 = CARTESIAN_POINT ( 'NONE',  ( -405.8556549163545810, 5.500000000000000888, -168.3749310443081413 ) ) ;
#451 = DIRECTION ( 'NONE',  ( 0.000000000000000000, 0.000000000000000000, -1.000000000000000000 ) ) ;
#452 = CARTESIAN_POINT ( 'NONE',  ( -326.8556549163545242, 4.500000000000000888, -169.2210590117058189 ) ) ;
#453 = CARTESIAN_POINT ( 'NONE',  ( -264.9921967915282721, 5.205896708463899181, 19.23730042618854341 ) ) ;
#454 = CARTESIAN_POINT ( 'NONE',  ( -405.8556549163546379, 7.000000000000000000, 19.74756795489107475 ) ) ;
#455 = CARTESIAN_POINT ( 'NONE',  ( -306.5150189463654442, 4.557275686227511002, 18.70048102200191309 ) ) ;
#456 = EDGE_CURVE ( 'NONE', #5337, #3152, #156, .T. ) ;
#457 = CARTESIAN_POINT ( 'NONE',  ( 0.000000000000000000, 8.000000000000000000, 0.000000000000000000 ) ) ;
#458 = CARTESIAN_POINT ( 'NONE',  ( -444.8556549163562295, 3.750000000000000000, 4.647567954891141717 ) ) ;
#459 = CARTESIAN_POINT ( 'NONE',  ( -407.8891550493725617, 6.023662094633771780, 18.73182695911981099 ) ) ;
#460 = CARTESIAN_POINT ( 'NONE',  ( -425.9853736802812136, 5.003640207569637788, 18.45466831438453070 ) ) ;
#461 = EDGE_CURVE ( 'NONE', #4996, #2781, #8422, .T. ) ;
#462 = CARTESIAN_POINT ( 'NONE',  ( -306.8556549163545810, 4.500000000000000888, -169.2210590117058189 ) ) ;
#463 = ORIENTED_EDGE ( 'NONE', *, *, #9206, .F. ) ;
#464 = CARTESIAN_POINT ( 'NONE',  ( -408.0046369833598874, 4.071125995611724058, -170.1376911892802468 ) ) ;
#465 = CARTESIAN_POINT ( 'NONE',  ( -404.8556549052798914, 5.988627236848528490, 18.75987729785377311 ) ) ;
#466 = DIRECTION ( 'NONE',  ( -1.000000000000000000, 0.000000000000000000, 0.000000000000000000 ) ) ;
#467 = CARTESIAN_POINT ( 'NONE',  ( -288.6903340270924332, 5.117512316920580062, -169.7849026007241946 ) ) ;
#468 = CARTESIAN_POINT ( 'NONE',  ( -388.7765099126931432, 5.411312770689274743, -169.6356635552781995 ) ) ;
#469 = ORIENTED_EDGE ( 'NONE', *, *, #913, .F. ) ;
#470 = SURFACE_STYLE_FILL_AREA ( #6546 ) ;
#471 = ORIENTED_EDGE ( 'NONE', *, *, #1642, .F. ) ;
#472 = ORIENTED_EDGE ( 'NONE', *, *, #4447, .T. ) ;
#473 = EDGE_CURVE ( 'NONE', #6857, #5890, #8349, .T. ) ;
#474 = DIRECTION ( 'NONE',  ( 0.000000000000000000, 0.000000000000000000, 1.000000000000000000 ) ) ;
#475 = DIRECTION ( 'NONE',  ( -2.921639538487254261E-16, 0.000000000000000000, 1.000000000000000000 ) ) ;
#476 = DIRECTION ( 'NONE',  ( 0.000000000000000000, 0.000000000000000000, 1.000000000000000000 ) ) ;
#477 = CARTESIAN_POINT ( 'NONE',  ( -406.8556549163546379, 3.500000000000000000, -169.2210590117058189 ) ) ;
#478 = CARTESIAN_POINT ( 'NONE',  ( -368.5011026021951466, 4.694546530220895519, 19.45406462802896996 ) ) ;
#479 = EDGE_LOOP ( 'NONE', ( #1385, #6143, #1209, #2349 ) ) ;
#480 = CARTESIAN_POINT ( 'NONE',  ( -408.0061957420331282, 4.072590210801801724, 19.63248989901885366 ) ) ;
#481 = CARTESIAN_POINT ( 'NONE',  ( -325.1540828074996057, 4.802408741466628328, -169.9185304108797254 ) ) ;
#482 = CARTESIAN_POINT ( 'NONE',  ( -388.8267442513380843, 5.613761050926165730, -169.5259510842147392 ) ) ;
#483 = VERTEX_POINT ( 'NONE', #6123 ) ;
#484 = ORIENTED_EDGE ( 'NONE', *, *, #5885, .T. ) ;
#485 = CARTESIAN_POINT ( 'NONE',  ( -268.2359510929709927, 4.308023494658913322, -170.0800365345099578 ) ) ;
#486 = CARTESIAN_POINT ( 'NONE',  ( -346.5468425247836421, 4.534290388698806851, -170.0858929734041851 ) ) ;
#487 = CARTESIAN_POINT ( 'NONE',  ( -387.8556549163546379, 4.500000000000000888, 19.74756795489107475 ) ) ;
#488 = CARTESIAN_POINT ( 'NONE',  ( -427.9086614756249105, 3.992597862132107434, -170.1539954553384177 ) ) ;
#489 = ORIENTED_EDGE ( 'NONE', *, *, #5664, .T. ) ;
#490 = FACE_OUTER_BOUND ( 'NONE', #327, .T. ) ;
#491 = LINE ( 'NONE', #9160, #124 ) ;
#492 = ORIENTED_EDGE ( 'NONE', *, *, #80, .T. ) ;
#493 = EDGE_CURVE ( 'NONE', #4399, #4677, #6784, .T. ) ;
#494 = AXIS2_PLACEMENT_3D ( 'NONE', #4460, #3803, #8072 ) ;
#495 = CARTESIAN_POINT ( 'NONE',  ( -406.6960120101808798, 3.625000000000000444, -170.2132157533550867 ) ) ;
#496 = CARTESIAN_POINT ( 'NONE',  ( -347.7455700262930804, 5.039146740864987706, -168.9298849125770801 ) ) ;
#497 = CARTESIAN_POINT ( 'NONE',  ( -425.7066728493494452, 4.071125995611703630, 19.63282709906236789 ) ) ;
#498 = EDGE_CURVE ( 'NONE', #7353, #9092, #3222, .T. ) ;
#499 = CARTESIAN_POINT ( 'NONE',  ( -385.8556549163545810, 7.000000000000000000, -165.2524320451089181 ) ) ;
#500 = AXIS2_PLACEMENT_3D ( 'NONE', #4327, #7995, #5173 ) ;
#501 = PLANE ( 'NONE',  #2876 ) ;
#502 = CARTESIAN_POINT ( 'NONE',  ( -305.7771935235824685, 5.603816879089249525, 19.02313073663714249 ) ) ;
#503 = CARTESIAN_POINT ( 'NONE',  ( -327.8827340277302369, 3.971882637441339625, 19.65292316721479438 ) ) ;
#504 = CARTESIAN_POINT ( 'NONE',  ( -346.8556549163546379, 4.500000000000000888, 18.71619492148795061 ) ) ;
#505 = DIRECTION ( 'NONE',  ( -1.000000000000000000, -0.000000000000000000, -0.000000000000000000 ) ) ;
#506 = CARTESIAN_POINT ( 'NONE',  ( -407.2406072713883987, 4.573837122825717749, -169.2002916657260130 ) ) ;
#507 = CARTESIAN_POINT ( 'NONE',  ( -436.8556549163562295, 3.000000000000000000, 14.74756795489104455 ) ) ;
#508 = VERTEX_POINT ( 'NONE', #4779 ) ;
#509 = EDGE_CURVE ( 'NONE', #3247, #204, #6352, .T. ) ;
#510 = VECTOR ( 'NONE', #4225, 1000.000000000000000 ) ;
#511 = AXIS2_PLACEMENT_3D ( 'NONE', #3839, #2575, #5421 ) ;
#512 = CYLINDRICAL_SURFACE ( 'NONE', #4746, 1.000000000000000888 ) ;
#513 = CARTESIAN_POINT ( 'NONE',  ( -326.2531023996461386, 4.692344901073206564, 19.50662440208317605 ) ) ;
#514 = DIRECTION ( 'NONE',  ( 1.000000000000000000, 0.000000000000000000, 2.921639538487254261E-16 ) ) ;
#515 = DIRECTION ( 'NONE',  ( -0.000000000000000000, -0.7806247497998093365, 0.6249999999999881206 ) ) ;
#516 = AXIS2_PLACEMENT_3D ( 'NONE', #171, #5859, #3016 ) ;
#517 = CARTESIAN_POINT ( 'NONE',  ( -286.8556549163546379, 5.500000000000000888, -1.247118358630493074E-13 ) ) ;
#518 = ORIENTED_EDGE ( 'NONE', *, *, #6223, .F. ) ;
#519 = CARTESIAN_POINT ( 'NONE',  ( -365.8027724493873052, 5.400530990989586222, -169.6508442660141611 ) ) ;
#520 = ORIENTED_EDGE ( 'NONE', *, *, #6414, .T. ) ;
#521 = ORIENTED_EDGE ( 'NONE', *, *, #3891, .T. ) ;
#522 = DIRECTION ( 'NONE',  ( 1.000000000000000000, 0.000000000000000000, 0.000000000000000000 ) ) ;
#523 = CARTESIAN_POINT ( 'NONE',  ( -444.8556549163562295, 3.750000000000000000, -78.50243204510888972 ) ) ;
#524 = CARTESIAN_POINT ( 'NONE',  ( -386.1534622811191753, 4.784051302019449281, 18.60362175716053912 ) ) ;
#525 = CARTESIAN_POINT ( 'NONE',  ( -286.0199841525925990, 4.946426151581507114, 18.49902245509283816 ) ) ;
#526 = CARTESIAN_POINT ( 'NONE',  ( -367.6376471506903840, 4.873062145403068257, 18.54992966763537510 ) ) ;
#527 = ORIENTED_EDGE ( 'NONE', *, *, #1435, .F. ) ;
#528 = DIRECTION ( 'NONE',  ( -1.000000000000000000, -0.000000000000000000, -2.921639538487254261E-16 ) ) ;
#529 = PLANE ( 'NONE',  #6797 ) ;
#530 = CARTESIAN_POINT ( 'NONE',  ( -248.2936209742170206, 3.840222285320169071, -94.46190385544493040 ) ) ;
#531 = ORIENTED_EDGE ( 'NONE', *, *, #4193, .F. ) ;
#532 = ADVANCED_FACE ( 'NONE', ( #6082 ), #1135, .F. ) ;
#533 = VERTEX_POINT ( 'NONE', #2774 ) ;
#534 = AXIS2_PLACEMENT_3D ( 'NONE', #1505, #3034, #6430 ) ;
#535 = CARTESIAN_POINT ( 'NONE',  ( -267.1962908863438315, 4.557275686227510114, -169.2053451122197600 ) ) ;
#536 = VECTOR ( 'NONE', #4590, 1000.000000000000000 ) ;
#537 = CARTESIAN_POINT ( 'NONE',  ( -326.5803292312536996, 3.625000010539644713, -170.2132157520271392 ) ) ;
#538 = CARTESIAN_POINT ( 'NONE',  ( -365.8556549163545810, 7.000000000000000000, -165.2524320451089181 ) ) ;
#539 = CIRCLE ( 'NONE', #2033, 4.999999999999999112 ) ;
#540 = DIRECTION ( 'NONE',  ( -1.000000000000000000, 0.000000000000000000, 0.000000000000000000 ) ) ;
#541 = ORIENTED_EDGE ( 'NONE', *, *, #3980, .T. ) ;
#542 = DIRECTION ( 'NONE',  ( 0.000000000000000000, 1.691355389077385339E-14, -1.000000000000000000 ) ) ;
#543 = CARTESIAN_POINT ( 'NONE',  ( -441.8556549163562295, 10.00000000000000000, 19.74756795489110672 ) ) ;
#544 = ORIENTED_EDGE ( 'NONE', *, *, #4900, .F. ) ;
#545 = CARTESIAN_POINT ( 'NONE',  ( -427.6023976767455679, 4.799337897229430716, 19.45768888869650226 ) ) ;
#546 = CARTESIAN_POINT ( 'NONE',  ( -348.4182677536560959, 4.555586803580517596, -170.0060454354879482 ) ) ;
#547 = CARTESIAN_POINT ( 'NONE',  ( -366.8556549163546379, 3.625000000000000444, 19.70835166313716869 ) ) ;
#548 = VECTOR ( 'NONE', #2639, 1000.000000000000000 ) ;
#549 = CARTESIAN_POINT ( 'NONE',  ( -285.9258535707915598, 5.116383170996374297, -168.8654494467709242 ) ) ;
#550 = AXIS2_PLACEMENT_3D ( 'NONE', #2244, #2988, #4382 ) ;
#551 = EDGE_CURVE ( 'NONE', #4655, #9197, #1381, .T. ) ;
#552 = DIRECTION ( 'NONE',  ( 1.000000000000000000, 0.000000000000000000, 0.000000000000000000 ) ) ;
#553 = CARTESIAN_POINT ( 'NONE',  ( -305.7989050678922354, 5.918887576269746376, 18.80982022867351944 ) ) ;
#554 = CARTESIAN_POINT ( 'NONE',  ( -246.8556549163562011, 4.504366612941212544, -54.06142273780524476 ) ) ;
#555 = VECTOR ( 'NONE', #2101, 1000.000000000000000 ) ;
#556 = CARTESIAN_POINT ( 'NONE',  ( -286.8556549163545810, 4.500000000000000888, -169.2210590117058189 ) ) ;
#557 = CARTESIAN_POINT ( 'NONE',  ( -347.5570656760510246, 4.783366251787010803, 18.60397357213508585 ) ) ;
#558 = CARTESIAN_POINT ( 'NONE',  ( -407.8556549163546379, 5.416284592704887046, -168.5089829804601607 ) ) ;
#559 = CARTESIAN_POINT ( 'NONE',  ( -1.885059646467264690E-15, 8.000000000000000000, 14.74756795489110850 ) ) ;
#560 = VERTEX_POINT ( 'NONE', #632 ) ;
#561 = VECTOR ( 'NONE', #5714, 1000.000000000000000 ) ;
#562 = CIRCLE ( 'NONE', #6647, 5.000000000000000888 ) ;
#563 = AXIS2_PLACEMENT_3D ( 'NONE', #7020, #9122, #8367 ) ;
#564 = CARTESIAN_POINT ( 'NONE',  ( -385.7989050678922922, 5.918887576269748152, 18.80982022867350878 ) ) ;
#565 = CARTESIAN_POINT ( 'NONE',  ( -326.1743829770998673, 3.768189216954980214, 19.68870928488159677 ) ) ;
#566 = CARTESIAN_POINT ( 'NONE',  ( -251.8556549163562579, 10.00000000000000000, 24.74756795489111028 ) ) ;
#567 = CARTESIAN_POINT ( 'NONE',  ( -287.7651547829831884, 5.029006227352299518, -169.8499098049644829 ) ) ;
#568 = EDGE_CURVE ( 'NONE', #508, #8395, #2783, .T. ) ;
#569 = AXIS2_PLACEMENT_3D ( 'NONE', #3392, #4084, #2734 ) ;
#570 = DIRECTION ( 'NONE',  ( -2.921639538487254261E-16, 0.000000000000000000, 1.000000000000000000 ) ) ;
#571 = ORIENTED_EDGE ( 'NONE', *, *, #7904, .F. ) ;
#572 = DIRECTION ( 'NONE',  ( -2.921639538487254261E-16, 0.000000000000000000, 1.000000000000000000 ) ) ;
#573 = EDGE_LOOP ( 'NONE', ( #5705, #2817, #3163, #7286 ) ) ;
#574 = FACE_OUTER_BOUND ( 'NONE', #573, .T. ) ;
#575 = CARTESIAN_POINT ( 'NONE',  ( -407.6064897249925707, 4.835820077882199364, 18.57392088924699536 ) ) ;
#576 = CARTESIAN_POINT ( 'NONE',  ( -367.4733861663405037, 3.739288344263300701, 19.69282342312303768 ) ) ;
#577 = CARTESIAN_POINT ( 'NONE',  ( -345.4753587397421484, 4.308023494659629193, 19.57517244429187642 ) ) ;
#578 = CARTESIAN_POINT ( 'NONE',  ( -385.9312337697477915, 5.113725464068107129, 18.35733257548620756 ) ) ;
#579 = CARTESIAN_POINT ( 'NONE',  ( -307.8556549163546379, 5.445450499394114630, -168.4622801552191902 ) ) ;
#580 = DIRECTION ( 'NONE',  ( -1.000000000000000000, 0.000000000000000000, 0.000000000000000000 ) ) ;
#581 = VERTEX_POINT ( 'NONE', #5010 ) ;
#582 = LINE ( 'NONE', #2723, #5580 ) ;
#583 = CARTESIAN_POINT ( 'NONE',  ( -308.8556549163546379, 8.000000000000000000, 0.000000000000000000 ) ) ;
#584 = ORIENTED_EDGE ( 'NONE', *, *, #2612, .F. ) ;
#585 = VECTOR ( 'NONE', #1837, 1000.000000000000000 ) ;
#586 = ORIENTED_EDGE ( 'NONE', *, *, #2286, .F. ) ;
#587 = CARTESIAN_POINT ( 'NONE',  ( -267.1328832646760816, 3.643135913638819723, -170.2110269203438122 ) ) ;
#588 = CARTESIAN_POINT ( 'NONE',  ( -326.8556549163545242, 4.500000000000000888, -169.2210590117058189 ) ) ;
#589 = FACE_OUTER_BOUND ( 'NONE', #4738, .T. ) ;
#590 = EDGE_CURVE ( 'NONE', #1605, #2268, #3527, .T. ) ;
#591 = CARTESIAN_POINT ( 'NONE',  ( -427.8160824133250912, 5.214525108020818145, -168.7590172505114765 ) ) ;
#592 = EDGE_LOOP ( 'NONE', ( #8158, #1469, #6117, #5161 ) ) ;
#593 = CARTESIAN_POINT ( 'NONE',  ( -385.8556549163545810, 5.500000000000000888, -168.3749310443081413 ) ) ;
#594 = DIRECTION ( 'NONE',  ( 1.000000000000000000, 0.000000000000000000, 0.000000000000000000 ) ) ;
#595 = ORIENTED_EDGE ( 'NONE', *, *, #6182, .F. ) ;
#596 = CARTESIAN_POINT ( 'NONE',  ( -427.4112993772124582, 3.698795873749119778, 19.70051105391995705 ) ) ;
#597 = CARTESIAN_POINT ( 'NONE',  ( -348.4992792783649520, 4.691125519188566351, -169.9601933210739162 ) ) ;
#598 = CARTESIAN_POINT ( 'NONE',  ( -366.5784265680331941, 3.643135913639011569, 19.70616283012592973 ) ) ;
#599 = CARTESIAN_POINT ( 'NONE',  ( -264.8845655813710778, 5.613761050926165730, 19.02108699399691716 ) ) ;
#600 = CARTESIAN_POINT ( 'NONE',  ( -386.5803292312537565, 3.625000010539644713, -170.2132157520271392 ) ) ;
#601 = EDGE_CURVE ( 'NONE', #901, #7407, #5164, .T. ) ;
#602 = CARTESIAN_POINT ( 'NONE',  ( -306.7170407422610765, 4.507254365895947856, 18.71444385685205702 ) ) ;
#603 = CARTESIAN_POINT ( 'NONE',  ( -444.8556549163562295, 3.750000000000000000, -78.50243204510888972 ) ) ;
#604 = DIRECTION ( 'NONE',  ( 0.000000000000000000, 0.000000000000000000, -1.000000000000000000 ) ) ;
#605 = CARTESIAN_POINT ( 'NONE',  ( -304.8556549163546379, 6.124999999999944933, 18.65069170389011433 ) ) ;
#606 = DIRECTION ( 'NONE',  ( 0.000000000000000000, 0.000000000000000000, 1.000000000000000000 ) ) ;
#607 = CARTESIAN_POINT ( 'NONE',  ( -306.5778326856142826, 4.529518349318704118, -169.2147865307304357 ) ) ;
#608 = EDGE_CURVE ( 'NONE', #8288, #1942, #5568, .T. ) ;
#609 = DIRECTION ( 'NONE',  ( -1.000000000000000000, -0.000000000000000000, -0.000000000000000000 ) ) ;
#610 = CARTESIAN_POINT ( 'NONE',  ( -325.8797666428928324, 5.274054342412983765, 18.18616927195840560 ) ) ;
#611 = CARTESIAN_POINT ( 'NONE',  ( -424.8645494405129170, 5.847915706120986101, 18.86079526954922159 ) ) ;
#612 = CARTESIAN_POINT ( 'NONE',  ( -287.1292604473474626, 4.535687915297963002, -169.2115169503409788 ) ) ;
#613 = CARTESIAN_POINT ( 'NONE',  ( -387.7455700262931373, 5.039146740864987706, -168.9298849125770801 ) ) ;
#614 = EDGE_LOOP ( 'NONE', ( #7545, #2404, #7829, #7090 ) ) ;
#615 = CARTESIAN_POINT ( 'NONE',  ( -364.9036911114030204, 5.561221672468229293, -169.5500246878038411 ) ) ;
#616 = ORIENTED_EDGE ( 'NONE', *, *, #2895, .F. ) ;
#617 = EDGE_CURVE ( 'NONE', #4076, #7580, #9198, .T. ) ;
#618 = ORIENTED_EDGE ( 'NONE', *, *, #4737, .F. ) ;
#619 = EDGE_CURVE ( 'NONE', #807, #4579, #8494, .T. ) ;
#620 = CARTESIAN_POINT ( 'NONE',  ( -407.7729944729223348, 5.097004927023129461, -168.8784084923340174 ) ) ;
#621 = CARTESIAN_POINT ( 'NONE',  ( -366.8556549163546379, 3.625000000000000000, 19.70835166313716869 ) ) ;
#622 = CARTESIAN_POINT ( 'NONE',  ( -345.2120305543443237, 4.691125519188227955, 19.45532923085620780 ) ) ;
#623 = CARTESIAN_POINT ( 'NONE',  ( -368.8556549163546379, 3.000000000000000000, -165.2524320451089181 ) ) ;
#624 = CARTESIAN_POINT ( 'NONE',  ( -367.3857927667284002, 4.640946051867747890, 18.67203221619910991 ) ) ;
#625 = ORIENTED_EDGE ( 'NONE', *, *, #7391, .T. ) ;
#626 = CARTESIAN_POINT ( 'NONE',  ( -324.8556549163545242, 7.000000000000000000, -165.2524320451089181 ) ) ;
#627 = CARTESIAN_POINT ( 'NONE',  ( -248.2402703009716447, 4.281686611218325389, -93.41822085963994482 ) ) ;
#628 =( BOUNDED_SURFACE ( )  B_SPLINE_SURFACE ( 3, 2, ( 
 ( #4596, #7422, #1936 ),
 ( #6913, #8305, #9013 ),
 ( #345, #2499, #5384 ),
 ( #1190, #7603, #4636 ),
 ( #5480, #6037, #5342 ),
 ( #4734, #3933, #2634 ),
 ( #5294, #1795, #6862 ),
 ( #2585, #6771, #7460 ),
 ( #6124, #3147, #1090 ),
 ( #398, #3244, #7559 ),
 ( #4780, #1235, #4029 ),
 ( #8827, #486, #3986 ),
 ( #6083, #8204, #1835 ),
 ( #5432, #4681, #7509 ) ),
 .UNSPECIFIED., .F., .F., .T. ) 
 B_SPLINE_SURFACE_WITH_KNOTS ( ( 4, 2, 2, 2, 2, 2, 4 ),
 ( 3, 3 ),
 ( 0.001015998582458484817, 0.001428449273945002788, 0.001840899965431520759, 0.002253350656918038514, 0.002665801348404556702, 0.003490702731377592644, 0.004315604114350628587 ),
 ( 0.000000000000000000, 1.000000000000000000 ),
 .UNSPECIFIED. ) 
 GEOMETRIC_REPRESENTATION_ITEM ( )  RATIONAL_B_SPLINE_SURFACE ( (
 ( 1.000000000000000000, 0.7071067811865496822, 1.000000000000000000),
 ( 1.000000000000000000, 0.7191539465610808923, 1.000000000000000000),
 ( 1.000000000000000000, 0.7296663882569656145, 1.000000000000000000),
 ( 1.000000000000000000, 0.7474372416586263501, 1.000000000000000000),
 ( 1.000000000000000000, 0.7547518899045291274, 1.000000000000000000),
 ( 1.000000000000000000, 0.7656299723733375195, 1.000000000000000000),
 ( 1.000000000000000000, 0.7691951883259209310, 1.000000000000000000),
 ( 1.000000000000000000, 0.7731396847002443007, 1.000000000000000000),
 ( 1.000000000000000000, 0.7734820014419292455, 1.000000000000000000),
 ( 1.000000000000000000, 0.7709873420218726903, 1.000000000000000000),
 ( 1.000000000000000000, 0.7646994115819295557, 1.000000000000000000),
 ( 1.000000000000000000, 0.7540697026773163225, 1.000000000000000000),
 ( 1.000000000000000000, 0.7498104614818406066, 1.000000000000000000),
 ( 1.000000000000000000, 0.7500000000000004441, 1.000000000000000000) ) ) 
 REPRESENTATION_ITEM ( '' )  SURFACE ( )  );
#629 = ORIENTED_EDGE ( 'NONE', *, *, #1857, .F. ) ;
#630 = ORIENTED_EDGE ( 'NONE', *, *, #5870, .T. ) ;
#631 = EDGE_CURVE ( 'NONE', #7453, #139, #846, .T. ) ;
#632 = CARTESIAN_POINT ( 'NONE',  ( -306.8556549163546379, 4.500000000000000888, 18.71619492148795771 ) ) ;
#633 = CARTESIAN_POINT ( 'NONE',  ( -325.7767238698797314, 5.710848127064479307, -169.4589822817070512 ) ) ;
#634 = CARTESIAN_POINT ( 'NONE',  ( -367.6369613343886158, 4.872234721371595967, -169.0553227531928258 ) ) ;
#635 = LINE ( 'NONE', #5574, #1771 ) ;
#636 = ADVANCED_FACE ( 'NONE', ( #2904 ), #2117, .T. ) ;
#637 = ORIENTED_EDGE ( 'NONE', *, *, #5688, .T. ) ;
#638 = LINE ( 'NONE', #3478, #6935 ) ;
#639 = DIRECTION ( 'NONE',  ( 0.000000000000000000, 0.000000000000000000, 1.000000000000000000 ) ) ;
#640 = ORIENTED_EDGE ( 'NONE', *, *, #8201, .T. ) ;
#641 = DIRECTION ( 'NONE',  ( -1.000000000000000000, 0.000000000000000000, 0.000000000000000000 ) ) ;
#642 = CARTESIAN_POINT ( 'NONE',  ( -366.4724515316910356, 4.571621889987924625, 19.56339676126473037 ) ) ;
#643 = LINE ( 'NONE', #3484, #4982 ) ;
#644 = CARTESIAN_POINT ( 'NONE',  ( -266.2531023996462523, 4.692344901073206564, 19.50662440208318316 ) ) ;
#645 = CARTESIAN_POINT ( 'NONE',  ( -305.8556549163546379, 6.124999999999976907, 18.65069170389008946 ) ) ;
#646 = CYLINDRICAL_SURFACE ( 'NONE', #2415, 2.099999999999990763 ) ;
#647 = LINE ( 'NONE', #1951, #8886 ) ;
#648 = CARTESIAN_POINT ( 'NONE',  ( -446.8556549163562863, 0.000000000000000000, -68.25243204510887551 ) ) ;
#649 = CARTESIAN_POINT ( 'NONE',  ( -246.8556549163562579, 3.752792973997982617, -96.85848672601638043 ) ) ;
#650 = EDGE_CURVE ( 'NONE', #1480, #1793, #8587, .T. ) ;
#651 = CIRCLE ( 'NONE', #5856, 5.000000000000004441 ) ;
#652 = CARTESIAN_POINT ( 'NONE',  ( -385.7771935235786032, 5.603816879091263914, 19.02313073663947662 ) ) ;
#653 = CARTESIAN_POINT ( 'NONE',  ( -326.8556549163546379, 4.500000000000000888, 19.59811202517614959 ) ) ;
#654 = CARTESIAN_POINT ( 'NONE',  ( -264.8556549163545810, 5.499999999999960920, -168.3749310443081413 ) ) ;
#655 = CARTESIAN_POINT ( 'NONE',  ( -286.8556549163546379, 4.500000000000000888, -170.1029761153939717 ) ) ;
#656 = CARTESIAN_POINT ( 'NONE',  ( -387.0095446511592172, 4.508727177066586655, -170.0986492161661943 ) ) ;
#657 = ORIENTED_EDGE ( 'NONE', *, *, #1487, .F. ) ;
#658 = CARTESIAN_POINT ( 'NONE',  ( -405.8280541903450285, 3.972307589721722376, 19.65283708147275021 ) ) ;
#659 = VERTEX_POINT ( 'NONE', #4881 ) ;
#660 = ORIENTED_EDGE ( 'NONE', *, *, #6288, .F. ) ;
#661 = AXIS2_PLACEMENT_3D ( 'NONE', #6142, #6241, #4904 ) ;
#662 = CARTESIAN_POINT ( 'NONE',  ( -407.7854562619177159, 5.116383170996373408, 18.36058535655305235 ) ) ;
#663 = CARTESIAN_POINT ( 'NONE',  ( -367.0152978225283391, 3.624999999999999556, 19.70835166313716869 ) ) ;
#664 = ADVANCED_FACE ( 'NONE', ( #1425 ), #4835, .F. ) ;
#665 = CARTESIAN_POINT ( 'NONE',  ( -344.8556549052798914, 5.988627236848683921, 18.75987729785365588 ) ) ;
#666 = VECTOR ( 'NONE', #131, 1000.000000000000000 ) ;
#667 = CARTESIAN_POINT ( 'NONE',  ( -327.8131617712273851, 5.118084154113339501, 19.30004661927881671 ) ) ;
#668 = CARTESIAN_POINT ( 'NONE',  ( -367.4601476881344411, 4.682572633565379228, 19.51099171490342243 ) ) ;
#669 = EDGE_CURVE ( 'NONE', #9149, #944, #269, .T. ) ;
#670 = CARTESIAN_POINT ( 'NONE',  ( -367.8556549163546379, 4.500000000000000888, 19.74756795489107475 ) ) ;
#671 = EDGE_LOOP ( 'NONE', ( #8011, #4475, #2073, #8638, #8536, #3293, #6637, #7376, #8334, #258, #1338, #6868, #3637, #7981, #6444, #7089, #8805, #3435, #595, #3278, #1074, #1149, #7873, #2168, #5142, #1639, #2576, #4544, #8226, #4483, #7600, #1635, #5006, #5360, #8453, #5097, #6249, #4498, #2538, #2891, #3921, #2496, #5453, #8720, #1690, #7530, #7247, #5131, #2714 ) ) ;
#672 = AXIS2_PLACEMENT_3D ( 'NONE', #7798, #76, #8643 ) ;
#673 = EDGE_LOOP ( 'NONE', ( #3648, #239, #7330, #1475 ) ) ;
#674 = DIRECTION ( 'NONE',  ( 0.000000000000000000, 0.000000000000000000, 1.000000000000000000 ) ) ;
#675 = FACE_OUTER_BOUND ( 'NONE', #1379, .T. ) ;
#676 = CARTESIAN_POINT ( 'NONE',  ( -367.8556549163546379, 6.124999999999970690, -169.1555557941079542 ) ) ;
#677 = FACE_OUTER_BOUND ( 'NONE', #4243, .T. ) ;
#678 =( BOUNDED_SURFACE ( )  B_SPLINE_SURFACE ( 3, 2, ( 
 ( #3457, #2102, #7634 ),
 ( #3361, #3499, #2613 ),
 ( #9130, #656, #1267 ),
 ( #1321, #2060, #9181 ),
 ( #4809, #4910, #6201 ),
 ( #4011, #6988, #6293 ),
 ( #7731, #1916, #2756 ),
 ( #2806, #6341, #5652 ),
 ( #4951, #1961, #7687 ),
 ( #5602, #7770, #8477 ),
 ( #8429, #1215, #6843 ),
 ( #6890, #1364, #613 ),
 ( #8331, #4106, #4154 ),
 ( #468, #6940, #5459 ),
 ( #9089, #3312, #2665 ),
 ( #3415, #9044, #4195 ),
 ( #6248, #2010, #8992 ),
 ( #8284, #2710, #7028 ) ),
 .UNSPECIFIED., .F., .F., .F. ) 
 B_SPLINE_SURFACE_WITH_KNOTS ( ( 4, 2, 2, 2, 2, 2, 2, 2, 4 ),
 ( 3, 3 ),
 ( 0.001323912745242674001, 0.001737514085360025587, 0.002151115425477377174, 0.002564716765594728977, 0.002978318105712080346, 0.003391919445829431716, 0.003805520785946783519, 0.004219122126064135322, 0.004632723466181486692 ),
 ( 0.000000000000000000, 1.000000000000000000 ),
 .UNSPECIFIED. ) 
 GEOMETRIC_REPRESENTATION_ITEM ( )  RATIONAL_B_SPLINE_SURFACE ( (
 ( 1.000000000000000000, 0.7500000000000004441, 1.000000000000000000),
 ( 1.000000000000000000, 0.7499939426364400363, 1.000000000000000000),
 ( 1.000000000000000000, 0.7509329894117531268, 1.000000000000000000),
 ( 1.000000000000000000, 0.7542720948107357604, 1.000000000000000000),
 ( 1.000000000000000000, 0.7567167381695868444, 1.000000000000000000),
 ( 1.000000000000000000, 0.7620345134626472783, 1.000000000000000000),
 ( 1.000000000000000000, 0.7649009816754760438, 1.000000000000000000),
 ( 1.000000000000000000, 0.7698131873218488908, 1.000000000000000000),
 ( 1.000000000000000000, 0.7718027581232985712, 1.000000000000000000),
 ( 1.000000000000000000, 0.7734778044130153907, 1.000000000000000000),
 ( 1.000000000000000000, 0.7731701811038885763, 1.000000000000000000),
 ( 1.000000000000000000, 0.7692320002426732417, 1.000000000000000000),
 ( 1.000000000000000000, 0.7656548337070518961, 1.000000000000000000),
 ( 1.000000000000000000, 0.7548043090968092894, 1.000000000000000000),
 ( 1.000000000000000000, 0.7474974637466318406, 1.000000000000000000),
 ( 1.000000000000000000, 0.7297066597614478844, 1.000000000000000000),
 ( 1.000000000000000000, 0.7191618347197754613, 1.000000000000000000),
 ( 1.000000000000000000, 0.7071067811865511255, 1.000000000000000000) ) ) 
 REPRESENTATION_ITEM ( '' )  SURFACE ( )  );
#679 = ORIENTED_EDGE ( 'NONE', *, *, #5401, .F. ) ;
#680 = CARTESIAN_POINT ( 'NONE',  ( 0.000000000000000000, 8.000000000000000000, -165.2524320451089181 ) ) ;
#681 = EDGE_CURVE ( 'NONE', #8382, #53, #6010, .T. ) ;
#682 = DIRECTION ( 'NONE',  ( 0.000000000000000000, 1.000000000000000000, 0.000000000000000000 ) ) ;
#683 = VERTEX_POINT ( 'NONE', #8316 ) ;
#684 = CARTESIAN_POINT ( 'NONE',  ( -444.8556549163562295, 3.750000000000000000, -70.65243204510890962 ) ) ;
#685 = CIRCLE ( 'NONE', #3509, 1.000000000000002665 ) ;
#686 = AXIS2_PLACEMENT_3D ( 'NONE', #3652, #8722, #67 ) ;
#687 = CARTESIAN_POINT ( 'NONE',  ( -366.0547932183802118, 4.875924695994992675, 19.42011256174168921 ) ) ;
#688 = CARTESIAN_POINT ( 'NONE',  ( -264.8556549163546379, 7.000000000000000000, 14.74756795489107297 ) ) ;
#689 = AXIS2_PLACEMENT_3D ( 'NONE', #8295, #7700, #7595 ) ;
#690 = CARTESIAN_POINT ( 'NONE',  ( -265.8991525913326655, 5.115861466910037514, 19.30120737942182174 ) ) ;
#691 = DIRECTION ( 'NONE',  ( 1.000000000000000000, 0.000000000000000000, 0.000000000000000000 ) ) ;
#692 = CARTESIAN_POINT ( 'NONE',  ( -246.8556549163563716, 5.672800132284940844, -55.32209648315772199 ) ) ;
#693 = DIRECTION ( 'NONE',  ( -1.000000000000000000, 0.000000000000000000, 0.000000000000000000 ) ) ;
#694 = CARTESIAN_POINT ( 'NONE',  ( -265.8556549163545810, 5.500000000000000888, -168.3749310443081413 ) ) ;
#695 = B_SPLINE_CURVE_WITH_KNOTS ( 'NONE', 3,
 ( #8929, #2504, #3852, #8829, #8166, #1666, #2455, #3890, #7385, #349, #5252, #5297, #6688, #7464, #3804, #2365 ),
 .UNSPECIFIED., .F., .F.,
 ( 4, 2, 2, 2, 2, 2, 2, 4 ),
 ( 0.000000000000000000, 0.0004705481978799543334, 0.0007058222968199306599, 0.0009410963957599070406, 0.001176370494699883421, 0.001411644593639859585, 0.001646918692579835966, 0.001882192791519812346 ),
 .UNSPECIFIED. ) ;
#696 = CARTESIAN_POINT ( 'NONE',  ( -326.8556549163545810, 4.500000000000000888, -170.1029761153939717 ) ) ;
#697 = AXIS2_PLACEMENT_3D ( 'NONE', #8404, #7712, #542 ) ;
#698 = CARTESIAN_POINT ( 'NONE',  ( -327.8556549163545810, 4.500000000000000888, 19.74756795489107475 ) ) ;
#699 = CARTESIAN_POINT ( 'NONE',  ( -256.8556549163562295, 0.000000000000000000, -165.2524320451089181 ) ) ;
#700 = CARTESIAN_POINT ( 'NONE',  ( -426.0743484983213420, 4.872234721370890753, 18.55045866297566448 ) ) ;
#701 = ADVANCED_FACE ( 'NONE', ( #1200 ), #6971, .F. ) ;
#702 = FACE_OUTER_BOUND ( 'NONE', #4578, .T. ) ;
#703 = CARTESIAN_POINT ( 'NONE',  ( -407.1706563213436993, 3.648547497292133457, 19.70553982308454266 ) ) ;
#704 = CARTESIAN_POINT ( 'NONE',  ( -267.8512249444162308, 5.389381927037762310, 18.03784105003431293 ) ) ;
#705 = ORIENTED_EDGE ( 'NONE', *, *, #3982, .F. ) ;
#706 = AXIS2_PLACEMENT_3D ( 'NONE', #2603, #3447, #1160 ) ;
#707 = CARTESIAN_POINT ( 'NONE',  ( -365.8950824154304655, 5.215001926881828176, -168.7584980031488442 ) ) ;
#708 = ORIENTED_EDGE ( 'NONE', *, *, #5753, .T. ) ;
#709 = CIRCLE ( 'NONE', #5030, 1.150000000000012124 ) ;
#710 = ORIENTED_EDGE ( 'NONE', *, *, #3337, .F. ) ;
#711 = CARTESIAN_POINT ( 'NONE',  ( -344.8556549163546379, 3.000000000000000000, 14.74756795489106587 ) ) ;
#712 = DIRECTION ( 'NONE',  ( 0.000000000000000000, 0.000000000000000000, 1.000000000000000000 ) ) ;
#713 = CARTESIAN_POINT ( 'NONE',  ( -345.8556549163546379, 5.445450499394079102, 17.95741606499984400 ) ) ;
#714 = DIRECTION ( 'NONE',  ( -2.921639538487254261E-16, 0.000000000000000000, 1.000000000000000000 ) ) ;
#715 = AXIS2_PLACEMENT_3D ( 'NONE', #7150, #5209, #3758 ) ;
#716 = CARTESIAN_POINT ( 'NONE',  ( -327.3782660746425677, 4.643937170568207762, -169.1747185638574820 ) ) ;
#717 = FACE_OUTER_BOUND ( 'NONE', #1368, .T. ) ;
#718 = ORIENTED_EDGE ( 'NONE', *, *, #2733, .T. ) ;
#719 = EDGE_CURVE ( 'NONE', #2408, #1007, #9057, .T. ) ;
#720 = EDGE_LOOP ( 'NONE', ( #5230, #3740, #7773, #518 ) ) ;
#721 = DIRECTION ( 'NONE',  ( 1.000000000000000000, 0.000000000000000000, 2.921639538487254261E-16 ) ) ;
#722 = CARTESIAN_POINT ( 'NONE',  ( -324.8556549163545242, 6.124999999999972466, -169.1555557941079542 ) ) ;
#723 = CARTESIAN_POINT ( 'NONE',  ( -367.7894550112946490, 3.907503744616715124, -170.1698937144555259 ) ) ;
#724 = CARTESIAN_POINT ( 'NONE',  ( -384.8556549163545242, 5.877829809576791575, 18.84858623523065546 ) ) ;
#725 = EDGE_LOOP ( 'NONE', ( #6722, #1821, #2941, #1648 ) ) ;
#726 = CARTESIAN_POINT ( 'NONE',  ( -284.9036911114030204, 5.561221672468229293, -169.5500246878038411 ) ) ;
#727 = CIRCLE ( 'NONE', #8301, 1.150000000000012124 ) ;
#728 = DIRECTION ( 'NONE',  ( -1.000000000000000000, -0.000000000000000000, -2.921639538487254261E-16 ) ) ;
#729 = ORIENTED_EDGE ( 'NONE', *, *, #6096, .T. ) ;
#730 = CARTESIAN_POINT ( 'NONE',  ( -446.8556549163562863, 10.00000000000000000, 19.74756795489110317 ) ) ;
#731 = CARTESIAN_POINT ( 'NONE',  ( -407.2388583010181833, 4.571621889987042664, -170.0682608514804599 ) ) ;
#732 = CARTESIAN_POINT ( 'NONE',  ( -246.8556549163562295, 2.925003857402639795, -53.38211477608614786 ) ) ;
#733 = EDGE_CURVE ( 'NONE', #3552, #3131, #4744, .T. ) ;
#734 = ADVANCED_FACE ( 'NONE', ( #3296 ), #2749, .F. ) ;
#735 = CARTESIAN_POINT ( 'NONE',  ( -425.9381539265641550, 5.097364476298504421, -168.8780778088432726 ) ) ;
#736 = DIRECTION ( 'NONE',  ( -1.000000000000000000, 0.000000000000000000, 0.000000000000000000 ) ) ;
#737 = CARTESIAN_POINT ( 'NONE',  ( -267.6193619629651721, 3.807091139239944244, -170.1875765360216803 ) ) ;
#738 = CARTESIAN_POINT ( 'NONE',  ( -446.8556549163562863, 0.000000000000000000, -175.2524320451088897 ) ) ;
#739 = CARTESIAN_POINT ( 'NONE',  ( -444.8556549163562295, 0.000000000000000000, -82.25243204510888972 ) ) ;
#740 = CARTESIAN_POINT ( 'NONE',  ( -326.9954955678717283, 3.625000007438516914, -170.2132157524178524 ) ) ;
#741 = EDGE_CURVE ( 'NONE', #3914, #3697, #4692, .T. ) ;
#742 = CYLINDRICAL_SURFACE ( 'NONE', #5492, 1.000000000000000888 ) ;
#743 = CARTESIAN_POINT ( 'NONE',  ( -348.8556549163546379, 7.000000000000000000, 14.74756795489106409 ) ) ;
#744 = LINE ( 'NONE', #5547, #3061 ) ;
#745 = FACE_OUTER_BOUND ( 'NONE', #8478, .T. ) ;
#746 = LINE ( 'NONE', #2145, #4278 ) ;
#747 = EDGE_CURVE ( 'NONE', #751, #2767, #3928, .T. ) ;
#748 = CARTESIAN_POINT ( 'NONE',  ( -267.9085373833143535, 5.400530990987629565, 19.14598017579365674 ) ) ;
#749 = VERTEX_POINT ( 'NONE', #409 ) ;
#750 = CARTESIAN_POINT ( 'NONE',  ( -266.9352240827998912, 4.500000000000002665, -169.2210590117058473 ) ) ;
#751 = VERTEX_POINT ( 'NONE', #452 ) ;
#752 = ORIENTED_EDGE ( 'NONE', *, *, #9049, .F. ) ;
#753 = CARTESIAN_POINT ( 'NONE',  ( -347.8003840466088832, 5.167696473586352646, -168.8084823262176428 ) ) ;
#754 = CARTESIAN_POINT ( 'NONE',  ( -345.7989050678922922, 5.918887576269561634, 18.80982022867376102 ) ) ;
#755 = CARTESIAN_POINT ( 'NONE',  ( -327.8162274172789239, 5.215001926882359307, 18.25363391293028315 ) ) ;
#756 = CARTESIAN_POINT ( 'NONE',  ( -307.7854562619176590, 5.116383170996373408, 18.36058535655306301 ) ) ;
#757 = CARTESIAN_POINT ( 'NONE',  ( -446.8556549163562863, 7.000000000000000000, -146.2524320451088897 ) ) ;
#758 =( NAMED_UNIT ( * ) SI_UNIT ( $, .STERADIAN. ) SOLID_ANGLE_UNIT ( ) );
#759 = VERTEX_POINT ( 'NONE', #1897 ) ;
#760 = VECTOR ( 'NONE', #5330, 1000.000000000000000 ) ;
#761 = ORIENTED_EDGE ( 'NONE', *, *, #5794, .F. ) ;
#762 = ADVANCED_FACE ( 'NONE', ( #8172 ), #1152, .F. ) ;
#763 = DIRECTION ( 'NONE',  ( -2.921639538487254261E-16, 0.000000000000000000, 1.000000000000000000 ) ) ;
#764 = LINE ( 'NONE', #8677, #1279 ) ;
#765 = LINE ( 'NONE', #3607, #8646 ) ;
#766 = DIRECTION ( 'NONE',  ( 1.000000000000000000, 0.000000000000000000, 0.000000000000000000 ) ) ;
#767 = ORIENTED_EDGE ( 'NONE', *, *, #2848, .T. ) ;
#768 = CARTESIAN_POINT ( 'NONE',  ( -285.8600848882931018, 5.389381927037358189, -168.5427051402528775 ) ) ;
#769 = CARTESIAN_POINT ( 'NONE',  ( -284.8645494405129170, 5.847915706120986101, 18.86079526954923935 ) ) ;
#770 = CARTESIAN_POINT ( 'NONE',  ( -387.5578475515901005, 4.784051302019447505, -169.1084858473784038 ) ) ;
#771 = VERTEX_POINT ( 'NONE', #8974 ) ;
#772 = DIRECTION ( 'NONE',  ( 0.000000000000000000, 0.000000000000000000, -1.000000000000000000 ) ) ;
#773 = CARTESIAN_POINT ( 'NONE',  ( -365.8026483570805567, 3.992597862135470077, 19.64913136511978209 ) ) ;
#774 = CARTESIAN_POINT ( 'NONE',  ( -424.8556549163546379, 8.000000000000000000, -1.241275079553518526E-13 ) ) ;
#775 = CARTESIAN_POINT ( 'NONE',  ( -265.8556549163546947, 6.124999999999978684, 18.65069170389008946 ) ) ;
#776 = CARTESIAN_POINT ( 'NONE',  ( -406.8556549163546379, 4.500000000000000888, 18.71619492148794350 ) ) ;
#777 = PLANE ( 'NONE',  #99 ) ;
#778 = ADVANCED_FACE ( 'NONE', ( #1245 ), #7570, .F. ) ;
#779 = CIRCLE ( 'NONE', #5985, 1.349999999999990097 ) ;
#780 = LINE ( 'NONE', #1627, #8127 ) ;
#781 = CARTESIAN_POINT ( 'NONE',  ( -407.0131176886569619, 4.509365819018567478, -169.2188268531743347 ) ) ;
#782 = ADVANCED_FACE ( 'NONE', ( #1945 ), #3346, .F. ) ;
#783 = CARTESIAN_POINT ( 'NONE',  ( -328.6354851403668249, 4.972866850357087642, -169.8492481327818382 ) ) ;
#784 = DIRECTION ( 'NONE',  ( 0.000000000000000000, 0.000000000000000000, -1.000000000000000000 ) ) ;
#785 = DIRECTION ( 'NONE',  ( -1.000000000000000000, 0.000000000000000000, 0.000000000000000000 ) ) ;
#786 = DIRECTION ( 'NONE',  ( -1.000000000000000000, 0.000000000000000000, 0.000000000000000000 ) ) ;
#787 = CARTESIAN_POINT ( 'NONE',  ( -308.8076187213023900, 5.561221672467599575, 19.04516059758640623 ) ) ;
#788 = ORIENTED_EDGE ( 'NONE', *, *, #3553, .T. ) ;
#789 = DIRECTION ( 'NONE',  ( 0.000000000000000000, -0.000000000000000000, -1.000000000000000000 ) ) ;
#790 = CARTESIAN_POINT ( 'NONE',  ( -288.6731556672306169, 5.070576912793773872, 19.30101307683662526 ) ) ;
#791 = ORIENTED_EDGE ( 'NONE', *, *, #1717, .T. ) ;
#792 = ADVANCED_FACE ( 'NONE', ( #5675 ), #5611, .F. ) ;
#793 = AXIS2_PLACEMENT_3D ( 'NONE', #5731, #785, #6467 ) ;
#794 = CARTESIAN_POINT ( 'NONE',  ( -267.2406072713884555, 4.573837122825717749, -169.2002916657260130 ) ) ;
#795 = ORIENTED_EDGE ( 'NONE', *, *, #4903, .F. ) ;
#796 = CARTESIAN_POINT ( 'NONE',  ( -267.7854562619177727, 5.116383170996372520, 18.36058535655306656 ) ) ;
#797 = LINE ( 'NONE', #145, #1434 ) ;
#798 = TOROIDAL_SURFACE ( 'NONE', #1993, 4.000000000000000000, 1.000000000000000000 ) ;
#799 = CARTESIAN_POINT ( 'NONE',  ( -324.8556549163545810, 3.000000000000000000, 14.74756795489106764 ) ) ;
#800 = CARTESIAN_POINT ( 'NONE',  ( -328.8467949769759002, 5.848454817159481678, 18.86040932463385644 ) ) ;
#801 = LINE ( 'NONE', #8716, #6047 ) ;
#802 = CARTESIAN_POINT ( 'NONE',  ( -246.8556549163562579, 6.022868851722265049, -94.38756989601489522 ) ) ;
#803 = VERTEX_POINT ( 'NONE', #2761 ) ;
#804 = ORIENTED_EDGE ( 'NONE', *, *, #7409, .T. ) ;
#805 = AXIS2_PLACEMENT_3D ( 'NONE', #7518, #6826, #451 ) ;
#806 = AXIS2_PLACEMENT_3D ( 'NONE', #7707, #7876, #1514 ) ;
#807 = VERTEX_POINT ( 'NONE', #7993 ) ;
#808 = CARTESIAN_POINT ( 'NONE',  ( -248.6623198134922745, 2.124872045309484037, -55.26064816680788283 ) ) ;
#809 = VECTOR ( 'NONE', #968, 1000.000000000000000 ) ;
#810 = CARTESIAN_POINT ( 'NONE',  ( -405.8600848882931018, 5.389381927037358189, -168.5427051402528775 ) ) ;
#811 = CARTESIAN_POINT ( 'NONE',  ( -367.5369268556093516, 3.768189216954908272, -170.1935733750994757 ) ) ;
#812 = CARTESIAN_POINT ( 'NONE',  ( -304.8556549163545810, 8.000000000000000000, -165.2524320451089181 ) ) ;
#813 = VERTEX_POINT ( 'NONE', #1370 ) ;
#814 = CARTESIAN_POINT ( 'NONE',  ( -285.9453488993511314, 5.030307165849416506, -169.8492616367375661 ) ) ;
#815 = EDGE_CURVE ( 'NONE', #4952, #4495, #9138, .T. ) ;
#816 = CARTESIAN_POINT ( 'NONE',  ( -286.1178533641422632, 4.807602833727296243, 19.45241613551851145 ) ) ;
#817 = CARTESIAN_POINT ( 'NONE',  ( -268.8556549163546379, 6.124999999999946709, 18.65069170389011788 ) ) ;
#818 = EDGE_LOOP ( 'NONE', ( #3241, #5554, #9161, #7916 ) ) ;
#819 = AXIS2_PLACEMENT_3D ( 'NONE', #4975, #641, #7056 ) ;
#820 = LINE ( 'NONE', #2266, #7653 ) ;
#821 = ORIENTED_EDGE ( 'NONE', *, *, #3033, .T. ) ;
#822 = CARTESIAN_POINT ( 'NONE',  ( -248.4423907447223030, 2.979930652015669423, -55.44913542338841950 ) ) ;
#823 = CARTESIAN_POINT ( 'NONE',  ( -325.0382981577641885, 5.070098603588713004, 19.30124808383412827 ) ) ;
#824 = CARTESIAN_POINT ( 'NONE',  ( -425.2916704473142318, 4.557655364776424634, -170.0053841917504371 ) ) ;
#825 = PLANE ( 'NONE',  #7943 ) ;
#826 = DIRECTION ( 'NONE',  ( 0.000000000000000000, 0.000000000000000000, 1.000000000000000000 ) ) ;
#827 = AXIS2_PLACEMENT_3D ( 'NONE', #7440, #1028, #368 ) ;
#828 = DIRECTION ( 'NONE',  ( 0.000000000000000000, 1.593777193553690256E-14, 1.000000000000000000 ) ) ;
#829 = VECTOR ( 'NONE', #4622, 1000.000000000000000 ) ;
#830 = CARTESIAN_POINT ( 'NONE',  ( -251.8556549163562579, 0.000000000000000000, 19.74756795489110317 ) ) ;
#831 = CARTESIAN_POINT ( 'NONE',  ( -327.1292604473474626, 4.535687915297963002, -169.2115169503409788 ) ) ;
#832 = EDGE_CURVE ( 'NONE', #7596, #3210, #2849, .T. ) ;
#833 = VECTOR ( 'NONE', #6408, 1000.000000000000000 ) ;
#834 = CARTESIAN_POINT ( 'NONE',  ( -286.8556549163546379, 3.625000000000000000, -170.2132157533550298 ) ) ;
#835 = DIRECTION ( 'NONE',  ( 0.000000000000000000, 0.000000000000000000, -1.000000000000000000 ) ) ;
#836 = DIRECTION ( 'NONE',  ( -1.000000000000000000, -0.000000000000000000, -0.000000000000000000 ) ) ;
#837 = TOROIDAL_SURFACE ( 'NONE', #6486, 4.000000000000000000, 1.000000000000000000 ) ;
#838 = DIRECTION ( 'NONE',  ( 0.000000000000000000, 0.000000000000000000, -1.000000000000000000 ) ) ;
#839 = ORIENTED_EDGE ( 'NONE', *, *, #1487, .T. ) ;
#840 = DIRECTION ( 'NONE',  ( -1.000000000000000000, -0.000000000000000000, -0.000000000000000000 ) ) ;
#841 = CARTESIAN_POINT ( 'NONE',  ( -267.1644673079408676, 4.534290388702119756, 19.58102888319217172 ) ) ;
#842 = ORIENTED_EDGE ( 'NONE', *, *, #1812, .F. ) ;
#843 = CYLINDRICAL_SURFACE ( 'NONE', #9136, 1.000000000000000888 ) ;
#844 = ORIENTED_EDGE ( 'NONE', *, *, #4650, .F. ) ;
#845 = CARTESIAN_POINT ( 'NONE',  ( -427.8459675937750148, 5.324007913114983559, 18.13022991715108745 ) ) ;
#846 = CIRCLE ( 'NONE', #7235, 4.000000000000003553 ) ;
#847 = VECTOR ( 'NONE', #6597, 1000.000000000000000 ) ;
#848 = EDGE_CURVE ( 'NONE', #3187, #8630, #2446, .T. ) ;
#849 = CIRCLE ( 'NONE', #7242, 2.099999999999990763 ) ;
#850 = DIRECTION ( 'NONE',  ( -1.000000000000000000, -0.000000000000000000, -0.000000000000000000 ) ) ;
#851 = CARTESIAN_POINT ( 'NONE',  ( -267.8827340277302369, 3.971882637441339625, 19.65292316721480503 ) ) ;
#852 = CARTESIAN_POINT ( 'NONE',  ( -266.1089121559483033, 4.799337897232283545, -169.9625529789191489 ) ) ;
#853 = CARTESIAN_POINT ( 'NONE',  ( -327.7800760629613706, 5.113725464068129334, -168.8621966657040616 ) ) ;
#854 = VECTOR ( 'NONE', #7075, 1000.000000000000000 ) ;
#855 = CARTESIAN_POINT ( 'NONE',  ( -246.8556549163562579, 5.674126597927770632, -95.18049267283153370 ) ) ;
#856 = VERTEX_POINT ( 'NONE', #5696 ) ;
#857 = ORIENTED_EDGE ( 'NONE', *, *, #6464, .F. ) ;
#858 = ORIENTED_EDGE ( 'NONE', *, *, #6931, .F. ) ;
#859 = AXIS2_PLACEMENT_3D ( 'NONE', #8842, #6652, #8752 ) ;
#860 = CARTESIAN_POINT ( 'NONE',  ( -248.2426931165091162, 4.259014037794544905, -56.92109832315948381 ) ) ;
#861 = AXIS2_PLACEMENT_3D ( 'NONE', #213, #2922, #5031 ) ;
#862 = DIRECTION ( 'NONE',  ( 0.000000000000000000, -1.000000000000000000, 0.000000000000000000 ) ) ;
#863 = DIRECTION ( 'NONE',  ( -2.921639538487254261E-16, 0.000000000000000000, 1.000000000000000000 ) ) ;
#864 = CARTESIAN_POINT ( 'NONE',  ( -305.8653458581868563, 5.323809698952779002, 18.13052145899955647 ) ) ;
#865 = ORIENTED_EDGE ( 'NONE', *, *, #5634, .T. ) ;
#866 = CARTESIAN_POINT ( 'NONE',  ( -285.8556549163545810, 5.445482461463225121, -168.4622289694928554 ) ) ;
#867 = CARTESIAN_POINT ( 'NONE',  ( -285.7766847069803475, 5.710072106084422394, 18.95463741994087670 ) ) ;
#868 = CARTESIAN_POINT ( 'NONE',  ( -442.8556549163562295, 3.750000000000000000, 5.997567954891120046 ) ) ;
#869 = ORIENTED_EDGE ( 'NONE', *, *, #4549, .T. ) ;
#870 = FILL_AREA_STYLE_COLOUR ( '', #3629 ) ;
#871 = ORIENTED_EDGE ( 'NONE', *, *, #5353, .F. ) ;
#872 = CARTESIAN_POINT ( 'NONE',  ( -246.8556549163562295, 6.184658437605186521, -56.96632090162237461 ) ) ;
#873 = CARTESIAN_POINT ( 'NONE',  ( -425.9258535707915598, 5.116383170996374297, -168.8654494467709242 ) ) ;
#874 = CARTESIAN_POINT ( 'NONE',  ( -425.0753333789934345, 4.974239720232511708, -169.8486235559576585 ) ) ;
#875 = CARTESIAN_POINT ( 'NONE',  ( -268.5565095793087380, 4.800895434974115084, -169.9191317973535433 ) ) ;
#876 = DIRECTION ( 'NONE',  ( 0.000000000000000000, 1.000000000000000000, 0.000000000000000000 ) ) ;
#877 = DIRECTION ( 'NONE',  ( 0.000000000000000000, 0.000000000000000000, -1.000000000000000000 ) ) ;
#878 = CARTESIAN_POINT ( 'NONE',  ( -327.3225549634627782, 4.613001498401150258, -169.1864013774678028 ) ) ;
#879 = AXIS2_PLACEMENT_3D ( 'NONE', #4236, #609, #7070 ) ;
#880 = EDGE_CURVE ( 'NONE', #7564, #6723, #8609, .T. ) ;
#881 = CARTESIAN_POINT ( 'NONE',  ( -407.7341608780493516, 5.002226165318919726, 18.46125788759333375 ) ) ;
#882 = CARTESIAN_POINT ( 'NONE',  ( -285.0381541654786020, 5.070576912793788971, -169.8058771670545184 ) ) ;
#883 = CARTESIAN_POINT ( 'NONE',  ( -346.5406535113654627, 3.648547497292145447, -170.2104039133024003 ) ) ;
#884 = CARTESIAN_POINT ( 'NONE',  ( -287.9085373833142967, 5.400530990987569169, 19.14598017579365319 ) ) ;
#885 = CARTESIAN_POINT ( 'NONE',  ( -288.8556549274293275, 5.988627236847673174, -169.2647413880723093 ) ) ;
#886 = VERTEX_POINT ( 'NONE', #5556 ) ;
#887 = CARTESIAN_POINT ( 'NONE',  ( -347.8556549163546379, 5.500000000000000888, 19.74756795489107475 ) ) ;
#888 = EDGE_CURVE ( 'NONE', #803, #4724, #64, .T. ) ;
#889 = CARTESIAN_POINT ( 'NONE',  ( -268.8556549163546379, 6.124999999999981348, 18.65069170389008946 ) ) ;
#890 = ORIENTED_EDGE ( 'NONE', *, *, #5555, .F. ) ;
#891 = CARTESIAN_POINT ( 'NONE',  ( -267.6913256801167336, 4.946426151581515107, -169.0038865453106780 ) ) ;
#892 = ORIENTED_EDGE ( 'NONE', *, *, #1920, .T. ) ;
#893 = CARTESIAN_POINT ( 'NONE',  ( -427.5570656760510815, 4.783366251787002810, 18.60397357213508229 ) ) ;
#894 = FACE_BOUND ( 'NONE', #6177, .T. ) ;
#895 = CARTESIAN_POINT ( 'NONE',  ( -366.8556549163546379, 3.500000000000000000, -169.2210590117058189 ) ) ;
#896 = FACE_OUTER_BOUND ( 'NONE', #6042, .T. ) ;
#897 = FACE_OUTER_BOUND ( 'NONE', #2682, .T. ) ;
#898 = ADVANCED_FACE ( 'NONE', ( #2510 ), #3114, .T. ) ;
#899 = CARTESIAN_POINT ( 'NONE',  ( -248.2402703016635144, 4.281686610994585251, -93.39777219184782098 ) ) ;
#900 = VERTEX_POINT ( 'NONE', #2371 ) ;
#901 = VERTEX_POINT ( 'NONE', #6048 ) ;
#902 = EDGE_CURVE ( 'NONE', #1703, #6668, #6493, .T. ) ;
#903 = ORIENTED_EDGE ( 'NONE', *, *, #5953, .F. ) ;
#904 = CARTESIAN_POINT ( 'NONE',  ( -404.8645148557371840, 5.848454817158821761, -169.3652734148521404 ) ) ;
#905 = CARTESIAN_POINT ( 'NONE',  ( -444.8556549163562295, 0.000000000000000000, 78.00000000000000000 ) ) ;
#906 = CARTESIAN_POINT ( 'NONE',  ( -305.8556549163546379, 5.500000000000000888, 17.87006695409030499 ) ) ;
#907 = VERTEX_POINT ( 'NONE', #7344 ) ;
#908 = DIRECTION ( 'NONE',  ( -2.921639538487254261E-16, 0.000000000000000000, 1.000000000000000000 ) ) ;
#909 = CARTESIAN_POINT ( 'NONE',  ( -286.3291516371583043, 4.647039145978594021, 18.66881868764273733 ) ) ;
#910 = CARTESIAN_POINT ( 'NONE',  ( -286.8556549163546379, 3.500000000000000000, -169.2210590117058189 ) ) ;
#911 = EDGE_LOOP ( 'NONE', ( #3725, #8012, #6309, #7626 ) ) ;
#912 = DIRECTION ( 'NONE',  ( 0.000000000000000000, 1.000000000000000000, 0.000000000000000000 ) ) ;
#913 = EDGE_CURVE ( 'NONE', #4294, #5348, #924, .T. ) ;
#914 = ORIENTED_EDGE ( 'NONE', *, *, #7465, .F. ) ;
#915 = CARTESIAN_POINT ( 'NONE',  ( -246.8556549163562295, 4.286863058436358287, -55.92143530284494801 ) ) ;
#916 = CARTESIAN_POINT ( 'NONE',  ( -426.8556549163545810, 4.500000000000000888, -169.2210590117058189 ) ) ;
#917 = EDGE_CURVE ( 'NONE', #8430, #2693, #3762, .T. ) ;
#918 = CARTESIAN_POINT ( 'NONE',  ( -348.4866328959736848, 4.668696823349396396, 19.46280359108043712 ) ) ;
#919 = ORIENTED_EDGE ( 'NONE', *, *, #7097, .F. ) ;
#920 = CARTESIAN_POINT ( 'NONE',  ( -346.8556549163546379, 5.500000000000000888, -1.247118358630493074E-13 ) ) ;
#921 = CARTESIAN_POINT ( 'NONE',  ( -446.8556549163562863, 7.000000000000000000, -160.2524320451088897 ) ) ;
#922 = CARTESIAN_POINT ( 'NONE',  ( -387.8556549163546379, 5.500000000000000888, 19.74756795489107475 ) ) ;
#923 = CARTESIAN_POINT ( 'NONE',  ( -445.8556549163562863, 3.750000000000000000, -0.5024320451088859496 ) ) ;
#924 = LINE ( 'NONE', #8791, #6588 ) ;
#925 = CARTESIAN_POINT ( 'NONE',  ( -426.9333269932163262, 4.500000003626994705, -170.1029761136050809 ) ) ;
#926 = DIRECTION ( 'NONE',  ( 0.000000000000000000, 0.000000000000000000, -1.000000000000000000 ) ) ;
#927 = CARTESIAN_POINT ( 'NONE',  ( -287.8131617712273851, 5.118084154113517137, 19.30004661927858933 ) ) ;
#928 = CARTESIAN_POINT ( 'NONE',  ( -287.7800760629614274, 5.113725464068129334, -168.8621966657040616 ) ) ;
#929 = VERTEX_POINT ( 'NONE', #5998 ) ;
#930 = CARTESIAN_POINT ( 'NONE',  ( -266.8556549163546379, 4.500000000000000888, 18.71619492148796127 ) ) ;
#931 = DIRECTION ( 'NONE',  ( -1.000000000000000000, -0.000000000000000000, -0.000000000000000000 ) ) ;
#932 = EDGE_CURVE ( 'NONE', #6488, #8809, #8971, .T. ) ;
#933 = CARTESIAN_POINT ( 'NONE',  ( -267.5578475515901005, 4.784051302019447505, -169.1084858473784038 ) ) ;
#934 = ORIENTED_EDGE ( 'NONE', *, *, #3733, .F. ) ;
#935 = CARTESIAN_POINT ( 'NONE',  ( -267.8556549163546379, 5.500000000000000888, 17.87006695409030854 ) ) ;
#936 = CARTESIAN_POINT ( 'NONE',  ( -246.8556549163562579, 10.00000000000000000, -170.2524320451088897 ) ) ;
#937 = CARTESIAN_POINT ( 'NONE',  ( -268.3194221116168592, 4.413458803463290003, 19.54549775887515040 ) ) ;
#938 = CARTESIAN_POINT ( 'NONE',  ( -265.0206529386378520, 5.118411189684464624, -169.7844892460059896 ) ) ;
#939 = DIRECTION ( 'NONE',  ( -0.000000000000000000, -0.000000000000000000, -1.000000000000000000 ) ) ;
#940 = AXIS2_PLACEMENT_3D ( 'NONE', #5954, #1104, #7430 ) ;
#941 = CARTESIAN_POINT ( 'NONE',  ( -246.8556549163562579, 4.622160862147327798, -93.95227743984145263 ) ) ;
#942 = VERTEX_POINT ( 'NONE', #8080 ) ;
#943 = ORIENTED_EDGE ( 'NONE', *, *, #7741, .F. ) ;
#944 = VERTEX_POINT ( 'NONE', #8748 ) ;
#945 = CIRCLE ( 'NONE', #4662, 5.000000000000000888 ) ;
#946 = ADVANCED_FACE ( 'NONE', ( #5212 ), #3041, .F. ) ;
#947 = CARTESIAN_POINT ( 'NONE',  ( -405.7771466374494480, 5.604658406168565143, -169.5274669064402815 ) ) ;
#948 = CARTESIAN_POINT ( 'NONE',  ( -287.8556549163546379, 5.500000000000000888, 19.74756795489107475 ) ) ;
#949 = CARTESIAN_POINT ( 'NONE',  ( -385.4872286992631985, 4.293272472136242079, 19.57877009483502917 ) ) ;
#950 = CARTESIAN_POINT ( 'NONE',  ( -366.3330437580669923, 4.643937170568182005, 18.66985447363969186 ) ) ;
#951 = ORIENTED_EDGE ( 'NONE', *, *, #8138, .F. ) ;
#952 = CARTESIAN_POINT ( 'NONE',  ( -445.8556549163562863, 1.199999999999999956, 0.000000000000000000 ) ) ;
#953 = CARTESIAN_POINT ( 'NONE',  ( -286.2171362563950083, 4.727315172673418608, 18.63285410489467253 ) ) ;
#954 = LINE ( 'NONE', #6766, #7516 ) ;
#955 = ORIENTED_EDGE ( 'NONE', *, *, #4957, .F. ) ;
#956 =( NAMED_UNIT ( * ) PLANE_ANGLE_UNIT ( ) SI_UNIT ( $, .RADIAN. ) );
#957 = VERTEX_POINT ( 'NONE', #6924 ) ;
#958 = CIRCLE ( 'NONE', #2151, 4.000000000000000000 ) ;
#959 = CARTESIAN_POINT ( 'NONE',  ( -265.8285758049789820, 3.971882637441350283, -170.1577872574326591 ) ) ;
#960 = AXIS2_PLACEMENT_3D ( 'NONE', #7479, #2557, #7352 ) ;
#961 = CARTESIAN_POINT ( 'NONE',  ( -367.9123179345493782, 5.919283266445298786, 18.80952628309081831 ) ) ;
#962 = LINE ( 'NONE', #7423, #8211 ) ;
#963 = EDGE_CURVE ( 'NONE', #3472, #8631, #3348, .T. ) ;
#964 = ORIENTED_EDGE ( 'NONE', *, *, #7942, .F. ) ;
#965 = CARTESIAN_POINT ( 'NONE',  ( -404.8556549163546379, 8.000000000000000000, 14.74756795489105698 ) ) ;
#966 = CIRCLE ( 'NONE', #6168, 2.099999999999990763 ) ;
#967 = CARTESIAN_POINT ( 'NONE',  ( -426.8556549163545810, 4.500000000000000888, -169.2210590117058189 ) ) ;
#968 = DIRECTION ( 'NONE',  ( 1.000000000000000000, 0.000000000000000000, 0.000000000000000000 ) ) ;
#969 = CARTESIAN_POINT ( 'NONE',  ( -348.3192064024753449, 4.413286528475440562, -170.0503831160281436 ) ) ;
#970 = DIRECTION ( 'NONE',  ( 0.000000000000000000, 0.000000000000000000, 1.000000000000000000 ) ) ;
#971 = CARTESIAN_POINT ( 'NONE',  ( -442.8556549163562295, 3.750000000000000000, -70.85243204510886983 ) ) ;
#972 = PLANE ( 'NONE',  #981 ) ;
#973 = CARTESIAN_POINT ( 'NONE',  ( -284.8556549163546379, 3.000000000000000000, 14.74756795489107120 ) ) ;
#974 = ORIENTED_EDGE ( 'NONE', *, *, #3982, .T. ) ;
#975 =( BOUNDED_SURFACE ( )  B_SPLINE_SURFACE ( 3, 2, ( 
 ( #1080, #1223, #1926 ),
 ( #3180, #8244, #1875 ),
 ( #5420, #7451, #3374 ),
 ( #2487, #3919, #6761 ),
 ( #6901, #4068, #8815 ),
 ( #5331, #2438, #3320 ),
 ( #385, #2574, #6851 ),
 ( #3231, #8105, #3276 ),
 ( #5284, #4722, #8913 ),
 ( #1180, #1743, #5374 ),
 ( #8194, #1825, #4670 ),
 ( #7497, #4585, #4020 ),
 ( #8955, #8294, #6160 ),
 ( #9002, #7413, #7646 ),
 ( #1276, #2677, #4115 ),
 ( #1971, #6953, #4819 ),
 ( #9053, #8341, #579 ),
 ( #5514, #6212, #3104 ) ),
 .UNSPECIFIED., .F., .F., .F. ) 
 B_SPLINE_SURFACE_WITH_KNOTS ( ( 4, 2, 2, 2, 2, 2, 2, 2, 4 ),
 ( 3, 3 ),
 ( 0.001323912745242674001, 0.001737514085360025587, 0.002151115425477377174, 0.002564716765594728977, 0.002978318105712080346, 0.003391919445829431716, 0.003805520785946783519, 0.004219122126064135322, 0.004632723466181486692 ),
 ( 0.000000000000000000, 1.000000000000000000 ),
 .UNSPECIFIED. ) 
 GEOMETRIC_REPRESENTATION_ITEM ( )  RATIONAL_B_SPLINE_SURFACE ( (
 ( 1.000000000000000000, 0.7500000000000004441, 1.000000000000000000),
 ( 1.000000000000000000, 0.7499939426364400363, 1.000000000000000000),
 ( 1.000000000000000000, 0.7509329894117531268, 1.000000000000000000),
 ( 1.000000000000000000, 0.7542720948107357604, 1.000000000000000000),
 ( 1.000000000000000000, 0.7567167381700169448, 1.000000000000000000),
 ( 1.000000000000000000, 0.7620345134622171779, 1.000000000000000000),
 ( 1.000000000000000000, 0.7649009816753449265, 1.000000000000000000),
 ( 1.000000000000000000, 0.7698131873219800081, 1.000000000000000000),
 ( 1.000000000000000000, 0.7718027581240406443, 1.000000000000000000),
 ( 1.000000000000000000, 0.7734778044122733176, 1.000000000000000000),
 ( 1.000000000000000000, 0.7731701811039010108, 1.000000000000000000),
 ( 1.000000000000000000, 0.7692320002426856762, 1.000000000000000000),
 ( 1.000000000000000000, 0.7656548337060511411, 1.000000000000000000),
 ( 1.000000000000000000, 0.7548043090978100444, 1.000000000000000000),
 ( 1.000000000000000000, 0.7474974637466318406, 1.000000000000000000),
 ( 1.000000000000000000, 0.7297066597614478844, 1.000000000000000000),
 ( 1.000000000000000000, 0.7191618347197723526, 1.000000000000000000),
 ( 1.000000000000000000, 0.7071067811865511255, 1.000000000000000000) ) ) 
 REPRESENTATION_ITEM ( '' )  SURFACE ( )  );
#976 = CARTESIAN_POINT ( 'NONE',  ( -251.8556549163562579, 8.000000000000000000, 14.74756795489107475 ) ) ;
#977 = CARTESIAN_POINT ( 'NONE',  ( -264.8556549163546379, 8.000000000000000000, 14.74756795489107297 ) ) ;
#978 = LINE ( 'NONE', #8845, #7190 ) ;
#979 = ORIENTED_EDGE ( 'NONE', *, *, #8713, .F. ) ;
#980 = CIRCLE ( 'NONE', #6622, 4.000000000000000000 ) ;
#981 = AXIS2_PLACEMENT_3D ( 'NONE', #8614, #3117, #3814 ) ;
#982 = EDGE_CURVE ( 'NONE', #4813, #3873, #3444, .T. ) ;
#983 = AXIS2_PLACEMENT_3D ( 'NONE', #7740, #6161, #2678 ) ;
#984 = CARTESIAN_POINT ( 'NONE',  ( -386.0547932183802686, 4.875924695995171199, 19.42011256174168565 ) ) ;
#985 = CARTESIAN_POINT ( 'NONE',  ( -268.8270090655929607, 5.615024101080702046, 19.02036426553761217 ) ) ;
#986 = CARTESIAN_POINT ( 'NONE',  ( -256.8556549163562295, 3.000000000000000000, 0.000000000000000000 ) ) ;
#987 = CARTESIAN_POINT ( 'NONE',  ( -444.8556549163562295, 3.750000000000000000, 5.997567954891120046 ) ) ;
#988 = CARTESIAN_POINT ( 'NONE',  ( -386.8556549163545810, 4.500000000000000888, 19.59811202517613893 ) ) ;
#989 = ORIENTED_EDGE ( 'NONE', *, *, #741, .F. ) ;
#990 = ORIENTED_EDGE ( 'NONE', *, *, #2954, .F. ) ;
#991 = CIRCLE ( 'NONE', #3965, 1.000000000000002665 ) ;
#992 = ORIENTED_EDGE ( 'NONE', *, *, #4016, .T. ) ;
#993 = ADVANCED_FACE ( 'NONE', ( #4794 ), #501, .T. ) ;
#994 = FACE_OUTER_BOUND ( 'NONE', #5229, .T. ) ;
#995 = CARTESIAN_POINT ( 'NONE',  ( -251.8556549163562579, 0.000000000000000000, -170.2524320451089181 ) ) ;
#996 = DIRECTION ( 'NONE',  ( 0.000000000000000000, 0.000000000000000000, 1.000000000000000000 ) ) ;
#997 = CARTESIAN_POINT ( 'NONE',  ( -386.6962559281097356, 3.624999999999968914, 19.70835166313717934 ) ) ;
#998 = CARTESIAN_POINT ( 'NONE',  ( -446.8556549163562863, 0.000000000000000000, -175.2524320451088897 ) ) ;
#999 = EDGE_LOOP ( 'NONE', ( #3755, #8060, #6310, #4124 ) ) ;
#1000 = CARTESIAN_POINT ( 'NONE',  ( -385.3918877210923029, 4.413458803463324642, -170.0503618490929796 ) ) ;
#1001 = DIRECTION ( 'NONE',  ( -0.000000000000000000, -0.7806247497998093365, 0.6249999999999881206 ) ) ;
#1002 = CARTESIAN_POINT ( 'NONE',  ( -446.8556549163562863, 0.000000000000000000, -170.2524320451088897 ) ) ;
#1003 = ORIENTED_EDGE ( 'NONE', *, *, #3811, .T. ) ;
#1004 = ADVANCED_FACE ( 'NONE', ( #9026 ), #1303, .F. ) ;
#1005 = FACE_OUTER_BOUND ( 'NONE', #8025, .T. ) ;
#1006 = AXIS2_PLACEMENT_3D ( 'NONE', #6198, #5408, #8991 ) ;
#1007 = VERTEX_POINT ( 'NONE', #8318 ) ;
#1008 = VECTOR ( 'NONE', #3726, 1000.000000000000000 ) ;
#1009 = B_SPLINE_CURVE_WITH_KNOTS ( 'NONE', 3,
 ( #776, #6457, #3091, #5932, #2393, #81, #5772, #8605, #5234, #3836, #4668, #5417, #7495, #8242, #3274, #8150 ),
 .UNSPECIFIED., .F., .F.,
 ( 4, 2, 2, 2, 2, 2, 2, 4 ),
 ( 0.000000000000000000, 0.0002351675953986711145, 0.0004703351907973422289, 0.0007055027861960133434, 0.0009406703815946844578, 0.001175837976993355464, 0.001411005572392026687, 0.001881340763189368916 ),
 .UNSPECIFIED. ) ;
#1010 = CARTESIAN_POINT ( 'NONE',  ( -264.9920633294132699, 5.206273164145624577, -169.7419914405895156 ) ) ;
#1011 = CARTESIAN_POINT ( 'NONE',  ( -326.5387405911664018, 3.649012588301084214, 19.70547760320677000 ) ) ;
#1012 = DIRECTION ( 'NONE',  ( -1.000000000000000000, 0.000000000000000000, 0.000000000000000000 ) ) ;
#1013 = ORIENTED_EDGE ( 'NONE', *, *, #5809, .F. ) ;
#1014 = LINE ( 'NONE', #8208, #7825 ) ;
#1015 = AXIS2_PLACEMENT_3D ( 'NONE', #2136, #4983, #9031 ) ;
#1016 = CARTESIAN_POINT ( 'NONE',  ( -427.0131176886569619, 4.509365819018567478, -169.2188268531743347 ) ) ;
#1017 = LINE ( 'NONE', #922, #7197 ) ;
#1018 = CARTESIAN_POINT ( 'NONE',  ( -347.4735974467517394, 3.739460732190676318, -170.1976603761552838 ) ) ;
#1019 = ADVANCED_FACE ( 'NONE', ( #3400 ), #2095, .F. ) ;
#1020 = CARTESIAN_POINT ( 'NONE',  ( -286.9933177586864872, 4.500000000000003553, 18.71619492043911492 ) ) ;
#1021 = DIRECTION ( 'NONE',  ( 0.000000000000000000, 0.000000000000000000, 1.000000000000000000 ) ) ;
#1022 = CARTESIAN_POINT ( 'NONE',  ( -407.1334771471020417, 4.529518349321822512, 18.70992244051402409 ) ) ;
#1023 = CARTESIAN_POINT ( 'NONE',  ( -347.6023976767529007, 4.799337897231767514, 19.45768888869950786 ) ) ;
#1024 = AXIS2_PLACEMENT_3D ( 'NONE', #7154, #2929, #3543 ) ;
#1025 = CARTESIAN_POINT ( 'NONE',  ( -306.2511621445828496, 4.682572633563386155, -170.0158558051184343 ) ) ;
#1026 = VERTEX_POINT ( 'NONE', #1442 ) ;
#1027 = ADVANCED_FACE ( 'NONE', ( #4274 ), #3996, .F. ) ;
#1028 = DIRECTION ( 'NONE',  ( 0.000000000000000000, 0.000000000000000000, -1.000000000000000000 ) ) ;
#1029 = ADVANCED_FACE ( 'NONE', ( #1710 ), #8739, .F. ) ;
#1030 = CARTESIAN_POINT ( 'NONE',  ( -405.4753587397421484, 4.308023494659617647, 19.57517244429187286 ) ) ;
#1031 = CARTESIAN_POINT ( 'NONE',  ( -265.8556549163545810, 6.124999999999977796, -169.1555557941079542 ) ) ;
#1032 = DIRECTION ( 'NONE',  ( 0.000000000000000000, 0.000000000000000000, 1.000000000000000000 ) ) ;
#1033 = DIRECTION ( 'NONE',  ( 1.000000000000000000, 0.000000000000000000, 2.921639538487254261E-16 ) ) ;
#1034 = ORIENTED_EDGE ( 'NONE', *, *, #551, .T. ) ;
#1035 = EDGE_LOOP ( 'NONE', ( #5291, #3037, #5414, #705 ) ) ;
#1036 = EDGE_LOOP ( 'NONE', ( #7505, #4824, #979, #4455 ) ) ;
#1037 = CARTESIAN_POINT ( 'NONE',  ( -406.8556549163546379, 4.500000000000000888, -170.1029761153939717 ) ) ;
#1038 = CARTESIAN_POINT ( 'NONE',  ( -346.8556549163546379, 4.500000000000000888, 18.71619492148795061 ) ) ;
#1039 = CARTESIAN_POINT ( 'NONE',  ( -385.8556549163546379, 7.000000000000000000, 19.74756795489107475 ) ) ;
#1040 = CARTESIAN_POINT ( 'NONE',  ( -266.8556549163546379, 3.625000000000000000, -170.2132157533550298 ) ) ;
#1041 = FACE_OUTER_BOUND ( 'NONE', #8880, .T. ) ;
#1042 = ORIENTED_EDGE ( 'NONE', *, *, #1422, .T. ) ;
#1043 = CARTESIAN_POINT ( 'NONE',  ( -386.6960120101809935, 3.625000000000000444, -170.2132157533550867 ) ) ;
#1044 = CARTESIAN_POINT ( 'NONE',  ( -325.8285758049789251, 3.971882637441350283, -170.1577872574326591 ) ) ;
#1045 = PLANE ( 'NONE',  #1726 ) ;
#1046 = ORIENTED_EDGE ( 'NONE', *, *, #207, .T. ) ;
#1047 = EDGE_CURVE ( 'NONE', #5665, #4926, #2160, .T. ) ;
#1048 = VERTEX_POINT ( 'NONE', #4597 ) ;
#1049 = LINE ( 'NONE', #8782, #3964 ) ;
#1050 = CARTESIAN_POINT ( 'NONE',  ( -248.8556549163562579, 4.499999999999992006, -95.25243204510888972 ) ) ;
#1051 = CARTESIAN_POINT ( 'NONE',  ( -442.8556549163562295, 3.750000000000000000, 4.847567954891102815 ) ) ;
#1052 = EDGE_LOOP ( 'NONE', ( #7029, #5507, #6763, #6485 ) ) ;
#1053 = DIRECTION ( 'NONE',  ( -1.000000000000000000, 0.000000000000000000, 0.000000000000000000 ) ) ;
#1054 = DIRECTION ( 'NONE',  ( -1.000000000000000000, -0.000000000000000000, -0.000000000000000000 ) ) ;
#1055 = ORIENTED_EDGE ( 'NONE', *, *, #8005, .T. ) ;
#1056 = CARTESIAN_POINT ( 'NONE',  ( -427.7731559061448365, 5.097364476297975067, 18.37321371862612551 ) ) ;
#1057 = CARTESIAN_POINT ( 'NONE',  ( -347.8832556423643609, 3.972307589721717935, -170.1577011716906611 ) ) ;
#1058 = AXIS2_PLACEMENT_3D ( 'NONE', #3044, #3701, #2394 ) ;
#1059 = EDGE_CURVE ( 'NONE', #3087, #284, #7335, .T. ) ;
#1060 = CARTESIAN_POINT ( 'NONE',  ( -442.8556549163562295, 0.000000000000000000, 78.00000000000000000 ) ) ;
#1061 = DIRECTION ( 'NONE',  ( -1.000000000000000000, -0.000000000000000000, -2.921639538487254261E-16 ) ) ;
#1062 = EDGE_CURVE ( 'NONE', #7438, #7771, #962, .T. ) ;
#1063 = CARTESIAN_POINT ( 'NONE',  ( -307.3857927667284002, 4.640946051867747890, 18.67203221619959663 ) ) ;
#1064 = CARTESIAN_POINT ( 'NONE',  ( -407.8162274172789807, 5.215001926882359307, 18.25363391293027249 ) ) ;
#1065 = DIRECTION ( 'NONE',  ( 0.000000000000000000, 0.000000000000000000, 1.000000000000000000 ) ) ;
#1066 = CARTESIAN_POINT ( 'NONE',  ( -305.0206529386378520, 5.118411189684464624, -169.7844892460059896 ) ) ;
#1067 = ORIENTED_EDGE ( 'NONE', *, *, #5850, .T. ) ;
#1068 = CARTESIAN_POINT ( 'NONE',  ( -436.8556549163562295, 3.000000000000000000, 19.74756795489105343 ) ) ;
#1069 = CARTESIAN_POINT ( 'NONE',  ( -406.5150189463654442, 4.557275686227510114, 18.70048102200165729 ) ) ;
#1070 = DIRECTION ( 'NONE',  ( 0.000000000000000000, 0.000000000000000000, -1.000000000000000000 ) ) ;
#1071 = DIRECTION ( 'NONE',  ( 0.000000000000000000, -0.000000000000000000, 1.000000000000000000 ) ) ;
#1072 = EDGE_CURVE ( 'NONE', #9008, #3123, #5989, .T. ) ;
#1073 = CARTESIAN_POINT ( 'NONE',  ( -387.6783787610585250, 4.927818611581317398, 18.51276529629139134 ) ) ;
#1074 = ORIENTED_EDGE ( 'NONE', *, *, #3699, .F. ) ;
#1075 = ORIENTED_EDGE ( 'NONE', *, *, #7503, .T. ) ;
#1076 = VERTEX_POINT ( 'NONE', #1051 ) ;
#1077 = CARTESIAN_POINT ( 'NONE',  ( -445.8556549163562863, 3.750000000000000000, -72.00243204510887551 ) ) ;
#1078 = CARTESIAN_POINT ( 'NONE',  ( -306.6962559281095650, 3.624999999999966693, 19.70835166313718290 ) ) ;
#1079 = CARTESIAN_POINT ( 'NONE',  ( -307.2406072713884555, 4.573837122825717749, -169.2002916657260130 ) ) ;
#1080 = CARTESIAN_POINT ( 'NONE',  ( -306.8556549163546379, 3.625000000000000444, -170.2132157533550298 ) ) ;
#1081 = CARTESIAN_POINT ( 'NONE',  ( -387.8459675937750717, 5.324007913114982671, 18.13022991715109811 ) ) ;
#1082 = EDGE_LOOP ( 'NONE', ( #6844, #8135, #4964, #3631 ) ) ;
#1083 = CARTESIAN_POINT ( 'NONE',  ( -405.8556549163546379, 4.500000000000000888, 19.74756795489107475 ) ) ;
#1084 = DIRECTION ( 'NONE',  ( 0.000000000000000000, 0.000000000000000000, 1.000000000000000000 ) ) ;
#1085 = DIRECTION ( 'NONE',  ( -1.000000000000000000, 0.000000000000000000, 0.000000000000000000 ) ) ;
#1086 = VERTEX_POINT ( 'NONE', #1796 ) ;
#1087 = AXIS2_PLACEMENT_3D ( 'NONE', #8035, #7475, #3203 ) ;
#1088 = EDGE_LOOP ( 'NONE', ( #1988, #2402, #6919, #2773 ) ) ;
#1089 = CARTESIAN_POINT ( 'NONE',  ( -267.3821581955502893, 4.647039145978149044, -169.1736827778622967 ) ) ;
#1090 = CARTESIAN_POINT ( 'NONE',  ( -346.0736626820214497, 4.873062145400256284, -169.0547937578537301 ) ) ;
#1091 = DIRECTION ( 'NONE',  ( -0.000000000000000000, 0.7806247497998098916, 0.6249999999999875655 ) ) ;
#1092 = ADVANCED_FACE ( 'NONE', ( #3889 ), #4637, .F. ) ;
#1093 = CARTESIAN_POINT ( 'NONE',  ( -426.8556549163546379, 4.500000000000000888, -170.1029761153939717 ) ) ;
#1094 = ORIENTED_EDGE ( 'NONE', *, *, #2153, .F. ) ;
#1095 = DIRECTION ( 'NONE',  ( 1.000000000000000000, 0.000000000000000000, 0.000000000000000000 ) ) ;
#1096 = CARTESIAN_POINT ( 'NONE',  ( -426.9352240827998912, 4.500000000000002665, -169.2210590117058473 ) ) ;
#1097 = ORIENTED_EDGE ( 'NONE', *, *, #6727, .F. ) ;
#1098 = CARTESIAN_POINT ( 'NONE',  ( -427.7659609333658182, 5.030307165850794959, 19.34439754652206744 ) ) ;
#1099 = PLANE ( 'NONE',  #208 ) ;
#1100 = CARTESIAN_POINT ( 'NONE',  ( -326.8556549163545810, 3.500000000000000000, -169.2210590117058189 ) ) ;
#1101 = AXIS2_PLACEMENT_3D ( 'NONE', #1669, #215, #3809 ) ;
#1102 = CARTESIAN_POINT ( 'NONE',  ( -266.0919478697441036, 3.807091139239946465, 19.68271244580380852 ) ) ;
#1103 = AXIS2_PLACEMENT_3D ( 'NONE', #2605, #1853, #1953 ) ;
#1104 = DIRECTION ( 'NONE',  ( -1.000000000000000000, -0.000000000000000000, -0.000000000000000000 ) ) ;
#1105 = CARTESIAN_POINT ( 'NONE',  ( -408.8556549163546379, 6.124999999999945821, 18.65069170389010011 ) ) ;
#1106 = AXIS2_PLACEMENT_3D ( 'NONE', #523, #3229, #1221 ) ;
#1107 = DIRECTION ( 'NONE',  ( 1.000000000000000000, 0.000000000000000000, 0.000000000000000000 ) ) ;
#1108 = CYLINDRICAL_SURFACE ( 'NONE', #7487, 5.000000000000004441 ) ;
#1109 = CARTESIAN_POINT ( 'NONE',  ( -284.9921967915281584, 5.205896708463899181, 19.23730042618853986 ) ) ;
#1110 = ORIENTED_EDGE ( 'NONE', *, *, #1177, .T. ) ;
#1111 = EDGE_CURVE ( 'NONE', #9092, #2081, #4507, .T. ) ;
#1112 = CIRCLE ( 'NONE', #6325, 5.000000000000000888 ) ;
#1113 = CARTESIAN_POINT ( 'NONE',  ( -441.8556549163562295, 10.00000000000000000, 24.74756795489111028 ) ) ;
#1114 = CARTESIAN_POINT ( 'NONE',  ( -406.5820493853617563, 4.535687915297965667, 18.70665286012382822 ) ) ;
#1115 = FACE_OUTER_BOUND ( 'NONE', #5376, .T. ) ;
#1116 = CARTESIAN_POINT ( 'NONE',  ( -304.8556549163546379, 3.000000000000000000, 14.74756795489107120 ) ) ;
#1117 = CARTESIAN_POINT ( 'NONE',  ( -388.1453858966530106, 4.184638865657317908, 19.61213454737415773 ) ) ;
#1118 = ORIENTED_EDGE ( 'NONE', *, *, #8619, .F. ) ;
#1119 = VECTOR ( 'NONE', #8471, 1000.000000000000000 ) ;
#1120 = ORIENTED_EDGE ( 'NONE', *, *, #6532, .T. ) ;
#1121 = AXIS2_PLACEMENT_3D ( 'NONE', #6062, #8902, #2007 ) ;
#1122 = ORIENTED_EDGE ( 'NONE', *, *, #8968, .T. ) ;
#1123 = ADVANCED_FACE ( 'NONE', ( #3849 ), #1686, .F. ) ;
#1124 = CARTESIAN_POINT ( 'NONE',  ( -428.8556549163546379, 6.124999999999951150, -169.1555557941079542 ) ) ;
#1125 = CARTESIAN_POINT ( 'NONE',  ( -305.2259941808362100, 4.666530572644966846, 19.46353966186142159 ) ) ;
#1126 = AXIS2_PLACEMENT_3D ( 'NONE', #868, #2125, #4268 ) ;
#1127 = DIRECTION ( 'NONE',  ( -0.000000000000000000, -1.000000000000000000, -0.000000000000000000 ) ) ;
#1128 = CARTESIAN_POINT ( 'NONE',  ( -286.1042084070909937, 4.836586271791881941, 18.57341617306332182 ) ) ;
#1129 = DIRECTION ( 'NONE',  ( 0.000000000000000000, 0.000000000000000000, -1.000000000000000000 ) ) ;
#1130 = ORIENTED_EDGE ( 'NONE', *, *, #8619, .T. ) ;
#1131 = DIRECTION ( 'NONE',  ( -1.000000000000000000, 0.000000000000000000, -2.921639538487254261E-16 ) ) ;
#1132 = DIRECTION ( 'NONE',  ( 0.000000000000000000, 0.000000000000000000, -1.000000000000000000 ) ) ;
#1133 = LINE ( 'NONE', #8959, #3684 ) ;
#1134 = ORIENTED_EDGE ( 'NONE', *, *, #4211, .T. ) ;
#1135 =( BOUNDED_SURFACE ( )  B_SPLINE_SURFACE ( 3, 2, ( 
 ( #1794, #4028, #4635 ),
 ( #2685, #8962, #8922 ),
 ( #587, #2584, #7459 ),
 ( #6816, #7602, #1138 ),
 ( #4733, #2539, #535 ),
 ( #2632, #8203, #5479 ),
 ( #3383, #3985, #1089 ),
 ( #1234, #6860, #7558 ),
 ( #485, #3931, #4077 ),
 ( #6912, #6221, #5382 ),
 ( #1286, #441, #3431 ),
 ( #6266, #2498, #6770 ),
 ( #7092, #7748, #2077 ),
 ( #7004, #8539, #3515 ),
 ( #6439, #2857, #2164 ),
 ( #1339, #5706, #4212 ),
 ( #2727, #1470, #2211 ),
 ( #6311, #3651, #3603 ) ),
 .UNSPECIFIED., .F., .F., .F. ) 
 B_SPLINE_SURFACE_WITH_KNOTS ( ( 4, 2, 2, 2, 2, 2, 2, 2, 4 ),
 ( 3, 3 ),
 ( 0.001323912745242674001, 0.001737514085360025587, 0.002151115425477377174, 0.002564716765594728977, 0.002978318105712080346, 0.003391919445829431716, 0.003805520785946783519, 0.004219122126064135322, 0.004632723466181486692 ),
 ( 0.000000000000000000, 1.000000000000000000 ),
 .UNSPECIFIED. ) 
 GEOMETRIC_REPRESENTATION_ITEM ( )  RATIONAL_B_SPLINE_SURFACE ( (
 ( 1.000000000000000000, 0.7500000000000004441, 1.000000000000000000),
 ( 1.000000000000000000, 0.7499939426364400363, 1.000000000000000000),
 ( 1.000000000000000000, 0.7509329894117531268, 1.000000000000000000),
 ( 1.000000000000000000, 0.7542720948107357604, 1.000000000000000000),
 ( 1.000000000000000000, 0.7567167381700169448, 1.000000000000000000),
 ( 1.000000000000000000, 0.7620345134622171779, 1.000000000000000000),
 ( 1.000000000000000000, 0.7649009816754760438, 1.000000000000000000),
 ( 1.000000000000000000, 0.7698131873218488908, 1.000000000000000000),
 ( 1.000000000000000000, 0.7718027581240406443, 1.000000000000000000),
 ( 1.000000000000000000, 0.7734778044122733176, 1.000000000000000000),
 ( 1.000000000000000000, 0.7731701811039010108, 1.000000000000000000),
 ( 1.000000000000000000, 0.7692320002426856762, 1.000000000000000000),
 ( 1.000000000000000000, 0.7656548337060511411, 1.000000000000000000),
 ( 1.000000000000000000, 0.7548043090978100444, 1.000000000000000000),
 ( 1.000000000000000000, 0.7474974637466318406, 1.000000000000000000),
 ( 1.000000000000000000, 0.7297066597614478844, 1.000000000000000000),
 ( 1.000000000000000000, 0.7191618347197721306, 1.000000000000000000),
 ( 1.000000000000000000, 0.7071067811865511255, 1.000000000000000000) ) ) 
 REPRESENTATION_ITEM ( '' )  SURFACE ( )  );
#1136 = ORIENTED_EDGE ( 'NONE', *, *, #7938, .F. ) ;
#1137 = EDGE_CURVE ( 'NONE', #7054, #483, #8068, .T. ) ;
#1138 = CARTESIAN_POINT ( 'NONE',  ( -267.1292604473475194, 4.535687915297963002, -169.2115169503409788 ) ) ;
#1139 = VECTOR ( 'NONE', #6359, 1000.000000000000000 ) ;
#1140 = AXIS2_PLACEMENT_3D ( 'NONE', #8120, #4639, #1095 ) ;
#1141 = FACE_BOUND ( 'NONE', #365, .T. ) ;
#1142 = CARTESIAN_POINT ( 'NONE',  ( -265.9109257861003357, 5.167696473586345540, 18.30361823599984206 ) ) ;
#1143 = FACE_OUTER_BOUND ( 'NONE', #2445, .T. ) ;
#1144 = EDGE_CURVE ( 'NONE', #7601, #449, #188, .T. ) ;
#1145 = VERTEX_POINT ( 'NONE', #5855 ) ;
#1146 = DIRECTION ( 'NONE',  ( 0.000000000000000000, 0.000000000000000000, -1.000000000000000000 ) ) ;
#1147 = VECTOR ( 'NONE', #90, 1000.000000000000000 ) ;
#1148 = LINE ( 'NONE', #3990, #6370 ) ;
#1149 = ORIENTED_EDGE ( 'NONE', *, *, #4826, .T. ) ;
#1150 = CARTESIAN_POINT ( 'NONE',  ( -404.9920633294132131, 5.206273164145624577, -169.7419914405895156 ) ) ;
#1151 = AXIS2_PLACEMENT_3D ( 'NONE', #179, #3071, #6607 ) ;
#1152 = CYLINDRICAL_SURFACE ( 'NONE', #3188, 1.000000000000000888 ) ;
#1153 = CARTESIAN_POINT ( 'NONE',  ( -264.8556549163546379, 6.124999999999946709, 18.65069170389011788 ) ) ;
#1154 = AXIS2_PLACEMENT_3D ( 'NONE', #7373, #1790, #5289 ) ;
#1155 = B_SPLINE_CURVE_WITH_KNOTS ( 'NONE', 3,
 ( #4851, #558, #4098, #1162, #6930, #8982, #9081, #4048, #1310, #2704, #6880, #506, #2923, #781, #5681, #1398 ),
 .UNSPECIFIED., .F., .F.,
 ( 4, 2, 2, 2, 2, 2, 2, 4 ),
 ( 0.000000000000000000, 0.0004705481978799543334, 0.0007058222968199306599, 0.0009410963957599070406, 0.001176370494699883421, 0.001411644593639859585, 0.001646918692579835966, 0.001882192791519812346 ),
 .UNSPECIFIED. ) ;
#1156 = CIRCLE ( 'NONE', #8599, 3.999999999999998224 ) ;
#1157 = CARTESIAN_POINT ( 'NONE',  ( -265.4753587397422052, 4.308023494659629193, 19.57517244429188707 ) ) ;
#1158 = CARTESIAN_POINT ( 'NONE',  ( -306.5784265680331941, 3.643135913639012013, 19.70616283012593684 ) ) ;
#1159 = CARTESIAN_POINT ( 'NONE',  ( -246.8556549163562579, 6.020270939293483003, -56.10822115148886269 ) ) ;
#1160 = DIRECTION ( 'NONE',  ( 0.000000000000000000, 0.000000000000000000, 1.000000000000000000 ) ) ;
#1161 = CARTESIAN_POINT ( 'NONE',  ( -345.7066728493493883, 4.071125995611704518, 19.63282709906237855 ) ) ;
#1162 = CARTESIAN_POINT ( 'NONE',  ( -407.8003840466088832, 5.167696473586352646, -168.8084823262176428 ) ) ;
#1163 = CARTESIAN_POINT ( 'NONE',  ( -285.3921034302339876, 4.413286528475445891, 19.54551902581030376 ) ) ;
#1164 = VERTEX_POINT ( 'NONE', #5900 ) ;
#1165 = EDGE_CURVE ( 'NONE', #7796, #5460, #6686, .T. ) ;
#1166 = CARTESIAN_POINT ( 'NONE',  ( -347.0131176886568483, 4.509365819018567478, -169.2188268531743347 ) ) ;
#1167 = CARTESIAN_POINT ( 'NONE',  ( -406.2531023996462523, 4.692344901073206564, 19.50662440208316539 ) ) ;
#1168 = DIRECTION ( 'NONE',  ( -0.000000000000000000, 1.000000000000000000, -0.000000000000000000 ) ) ;
#1169 = CARTESIAN_POINT ( 'NONE',  ( -287.0095446511592172, 4.508727177066586655, -170.0986492161661943 ) ) ;
#1170 = CARTESIAN_POINT ( 'NONE',  ( -388.6906568940714237, 5.118411189682588791, 19.27962515578908054 ) ) ;
#1171 = ORIENTED_EDGE ( 'NONE', *, *, #2277, .T. ) ;
#1172 = CARTESIAN_POINT ( 'NONE',  ( -442.8556549163562295, 3.750000000000000000, -156.5024320451088897 ) ) ;
#1173 = ORIENTED_EDGE ( 'NONE', *, *, #3719, .F. ) ;
#1174 = VERTEX_POINT ( 'NONE', #2317 ) ;
#1175 = AXIS2_PLACEMENT_3D ( 'NONE', #6760, #1127, #1275 ) ;
#1176 = DIRECTION ( 'NONE',  ( 0.000000000000000000, 0.000000000000000000, -1.000000000000000000 ) ) ;
#1177 = EDGE_CURVE ( 'NONE', #8160, #5929, #376, .T. ) ;
#1178 = DIRECTION ( 'NONE',  ( 0.000000000000000000, 0.000000000000000000, -1.000000000000000000 ) ) ;
#1179 = CARTESIAN_POINT ( 'NONE',  ( -367.8556549163546379, 7.000000000000000000, 14.74756795489106231 ) ) ;
#1180 = CARTESIAN_POINT ( 'NONE',  ( -308.4182677536560959, 4.555586803580517596, -170.0060454354879482 ) ) ;
#1181 = DIRECTION ( 'NONE',  ( 0.000000000000000000, 0.000000000000000000, 1.000000000000000000 ) ) ;
#1182 = ORIENTED_EDGE ( 'NONE', *, *, #3255, .T. ) ;
#1183 = DIRECTION ( 'NONE',  ( -1.000000000000000000, 0.000000000000000000, 0.000000000000000000 ) ) ;
#1184 = ADVANCED_FACE ( 'NONE', ( #589 ), #8351, .F. ) ;
#1185 = CARTESIAN_POINT ( 'NONE',  ( -324.8843007671160876, 5.615024101080729579, -169.5252283557554449 ) ) ;
#1186 = CARTESIAN_POINT ( 'NONE',  ( -365.7051140906760907, 4.072590210801840804, -170.1373539892367148 ) ) ;
#1187 = VERTEX_POINT ( 'NONE', #7604 ) ;
#1188 = ORIENTED_EDGE ( 'NONE', *, *, #7775, .F. ) ;
#1189 = CARTESIAN_POINT ( 'NONE',  ( -388.4866328959737416, 4.668696823349396396, 19.46280359108043712 ) ) ;
#1190 = CARTESIAN_POINT ( 'NONE',  ( -344.9036911114030204, 5.561221672468229293, -169.5500246878038411 ) ) ;
#1191 = PLANE ( 'NONE',  #6702 ) ;
#1192 = DIRECTION ( 'NONE',  ( 0.000000000000000000, -1.000000000000000000, 0.000000000000000000 ) ) ;
#1193 = VERTEX_POINT ( 'NONE', #7709 ) ;
#1194 = LINE ( 'NONE', #3389, #2633 ) ;
#1195 = EDGE_CURVE ( 'NONE', #9132, #3796, #6278, .T. ) ;
#1196 = DIRECTION ( 'NONE',  ( 1.000000000000000000, 0.000000000000000000, 0.000000000000000000 ) ) ;
#1197 = ORIENTED_EDGE ( 'NONE', *, *, #5835, .F. ) ;
#1198 = CARTESIAN_POINT ( 'NONE',  ( -426.9933177586864872, 4.500000000000003553, 18.71619492043909716 ) ) ;
#1199 = CARTESIAN_POINT ( 'NONE',  ( -347.8556549163546379, 6.124999999999970690, -169.1555557941079542 ) ) ;
#1200 = FACE_OUTER_BOUND ( 'NONE', #614, .T. ) ;
#1201 = DIRECTION ( 'NONE',  ( -1.000000000000000000, -0.000000000000000000, -0.000000000000000000 ) ) ;
#1202 = CARTESIAN_POINT ( 'NONE',  ( -386.5778326856142826, 4.529518349318704118, -169.2147865307304357 ) ) ;
#1203 = CARTESIAN_POINT ( 'NONE',  ( -305.5786175973169065, 4.193287934494549063, 19.60417564810643043 ) ) ;
#1204 = CARTESIAN_POINT ( 'NONE',  ( -246.8556549163562295, 5.156930389536882764, -54.62711247584164198 ) ) ;
#1205 = CARTESIAN_POINT ( 'NONE',  ( -287.6913256801167336, 4.946426151581515107, -169.0038865453106780 ) ) ;
#1206 = CARTESIAN_POINT ( 'NONE',  ( -444.8556549163562295, 3.750000000000000000, -1.852432045108863834 ) ) ;
#1207 = CARTESIAN_POINT ( 'NONE',  ( -444.8556549163562295, 3.750000000000000000, -73.35243204510885562 ) ) ;
#1208 = LINE ( 'NONE', #4050, #7049 ) ;
#1209 = ORIENTED_EDGE ( 'NONE', *, *, #7282, .T. ) ;
#1210 = DIRECTION ( 'NONE',  ( 0.000000000000000000, 0.000000000000000000, -1.000000000000000000 ) ) ;
#1211 = FACE_OUTER_BOUND ( 'NONE', #7567, .T. ) ;
#1212 = CARTESIAN_POINT ( 'NONE',  ( -266.5803292312539270, 3.625000010539644713, -170.2132157520271392 ) ) ;
#1213 = ADVANCED_FACE ( 'NONE', ( #4128 ), #2032, .F. ) ;
#1214 = CARTESIAN_POINT ( 'NONE',  ( -287.7455700262930804, 5.039146740864987706, -168.9298849125770801 ) ) ;
#1215 = CARTESIAN_POINT ( 'NONE',  ( -387.8121572413805893, 5.115861466909996658, -169.8060714696395337 ) ) ;
#1216 = EDGE_LOOP ( 'NONE', ( #4484, #4953, #2431, #2912 ) ) ;
#1217 = CARTESIAN_POINT ( 'NONE',  ( -305.8285758049790957, 3.971882637441350283, -170.1577872574326591 ) ) ;
#1218 = ORIENTED_EDGE ( 'NONE', *, *, #2706, .T. ) ;
#1219 = ORIENTED_EDGE ( 'NONE', *, *, #3267, .T. ) ;
#1220 = DIRECTION ( 'NONE',  ( 0.000000000000000000, -0.6249999999999859002, 0.7806247497998110019 ) ) ;
#1221 = DIRECTION ( 'NONE',  ( 0.000000000000000000, 0.000000000000000000, 1.000000000000000000 ) ) ;
#1222 = CARTESIAN_POINT ( 'NONE',  ( -305.8556549163546379, 5.500000000000000888, 19.74756795489107475 ) ) ;
#1223 = CARTESIAN_POINT ( 'NONE',  ( -306.8556549163545810, 4.500000000000000888, -170.1029761153939717 ) ) ;
#1224 = FACE_OUTER_BOUND ( 'NONE', #592, .T. ) ;
#1225 = CIRCLE ( 'NONE', #8073, 1.150000000000012124 ) ;
#1226 = ORIENTED_EDGE ( 'NONE', *, *, #3516, .T. ) ;
#1227 = CARTESIAN_POINT ( 'NONE',  ( -406.8556549163546379, 3.625000000000000888, 19.70835166313716158 ) ) ;
#1228 = AXIS2_PLACEMENT_3D ( 'NONE', #8231, #3359, #7442 ) ;
#1229 = LINE ( 'NONE', #4822, #2798 ) ;
#1230 = CARTESIAN_POINT ( 'NONE',  ( -388.6730116749450872, 5.070098603588712116, -169.8061121740519752 ) ) ;
#1231 = ORIENTED_EDGE ( 'NONE', *, *, #2433, .F. ) ;
#1232 = ADVANCED_FACE ( 'NONE', ( #4172 ), #1191, .F. ) ;
#1233 = ORIENTED_EDGE ( 'NONE', *, *, #60, .F. ) ;
#1234 = CARTESIAN_POINT ( 'NONE',  ( -268.1326922353962345, 4.193287934497922365, -170.1090397383235597 ) ) ;
#1235 = CARTESIAN_POINT ( 'NONE',  ( -346.2511621445750620, 4.682572633565147413, -170.0158558051222428 ) ) ;
#1236 = CARTESIAN_POINT ( 'NONE',  ( -365.7066728493493883, 4.071125995611703630, 19.63282709906237855 ) ) ;
#1237 = LINE ( 'NONE', #5386, #4908 ) ;
#1238 = ORIENTED_EDGE ( 'NONE', *, *, #6565, .T. ) ;
#1239 = DIRECTION ( 'NONE',  ( 1.000000000000000000, 0.000000000000000000, 0.000000000000000000 ) ) ;
#1240 = CARTESIAN_POINT ( 'NONE',  ( -268.8556549163546379, 3.000000000000000000, -165.2524320451089181 ) ) ;
#1241 = AXIS2_PLACEMENT_3D ( 'NONE', #2571, #8911, #4768 ) ;
#1242 = ORIENTED_EDGE ( 'NONE', *, *, #3316, .T. ) ;
#1243 = CARTESIAN_POINT ( 'NONE',  ( -405.0381541654786020, 5.070576912793788971, -169.8058771670545184 ) ) ;
#1244 = CARTESIAN_POINT ( 'NONE',  ( -347.9124047648170404, 5.918887576270607020, -169.3146843188903858 ) ) ;
#1245 = FACE_OUTER_BOUND ( 'NONE', #3967, .T. ) ;
#1246 = CARTESIAN_POINT ( 'NONE',  ( -266.6962559281096219, 3.624999999999969802, 19.70835166313719711 ) ) ;
#1247 = ADVANCED_FACE ( 'NONE', ( #3433 ), #6914, .F. ) ;
#1248 = ADVANCED_FACE ( 'NONE', ( #8401 ), #8205, .F. ) ;
#1249 = AXIS2_PLACEMENT_3D ( 'NONE', #3156, #5999, #359 ) ;
#1250 = CARTESIAN_POINT ( 'NONE',  ( -386.7179920740174452, 4.500000000000000888, -169.2210590106588768 ) ) ;
#1251 = CARTESIAN_POINT ( 'NONE',  ( -304.8645494405129170, 5.847915706121113999, 18.86079526954915764 ) ) ;
#1252 = CARTESIAN_POINT ( 'NONE',  ( -328.8270090655929607, 5.615024101080702046, 19.02036426553760506 ) ) ;
#1253 = CARTESIAN_POINT ( 'NONE',  ( -346.3330437580667649, 4.643937170568182005, 18.66985447363969541 ) ) ;
#1254 = DIRECTION ( 'NONE',  ( 0.000000000000000000, 0.000000000000000000, -1.000000000000000000 ) ) ;
#1255 = CARTESIAN_POINT ( 'NONE',  ( -308.6731556672306738, 5.070576912793776536, 19.30101307683662526 ) ) ;
#1256 = TOROIDAL_SURFACE ( 'NONE', #805, 4.000000000000000000, 1.000000000000000000 ) ;
#1257 = B_SPLINE_CURVE_WITH_KNOTS ( 'NONE', 3,
 ( #4517, #3162, #3122, #1109, #3819, #3902, #8041, #1163, #364, #6700, #2422, #1679, #8179, #3864, #5960, #419 ),
 .UNSPECIFIED., .F., .F.,
 ( 4, 2, 2, 2, 2, 2, 2, 4 ),
 ( 0.000000000000000000, 0.0009498534235542502270, 0.001424780135331373118, 0.001899706847108495900, 0.002374633558885618032, 0.002849560270662741032, 0.003324486982439863163, 0.003799413694216985729 ),
 .UNSPECIFIED. ) ;
#1258 = CARTESIAN_POINT ( 'NONE',  ( -306.5803292312539838, 3.625000010539644713, -170.2132157520271392 ) ) ;
#1259 = VERTEX_POINT ( 'NONE', #6084 ) ;
#1260 = AXIS2_PLACEMENT_3D ( 'NONE', #4160, #6993, #970 ) ;
#1261 = AXIS2_PLACEMENT_3D ( 'NONE', #2835, #2183, #7852 ) ;
#1262 = AXIS2_PLACEMENT_3D ( 'NONE', #37, #8771, #2873 ) ;
#1263 = DIRECTION ( 'NONE',  ( -1.000000000000000000, -0.000000000000000000, -0.000000000000000000 ) ) ;
#1264 = DIRECTION ( 'NONE',  ( 0.000000000000000000, 0.000000000000000000, -1.000000000000000000 ) ) ;
#1265 = CARTESIAN_POINT ( 'NONE',  ( -287.3821581955477313, 4.647039145976322949, -169.1736827778622967 ) ) ;
#1266 = CIRCLE ( 'NONE', #6459, 1.349999999999990097 ) ;
#1267 = CARTESIAN_POINT ( 'NONE',  ( -386.9942690904481992, 4.507254365895950521, -169.2193079470704049 ) ) ;
#1268 = ORIENTED_EDGE ( 'NONE', *, *, #6515, .T. ) ;
#1269 = CARTESIAN_POINT ( 'NONE',  ( -305.1540828074995488, 4.802408741466628328, -169.9185304108797254 ) ) ;
#1270 = VERTEX_POINT ( 'NONE', #538 ) ;
#1271 = ORIENTED_EDGE ( 'NONE', *, *, #2270, .F. ) ;
#1272 = EDGE_CURVE ( 'NONE', #6393, #5177, #2540, .T. ) ;
#1273 = CARTESIAN_POINT ( 'NONE',  ( -446.8556549163562863, 10.00000000000000000, 24.74756795489111028 ) ) ;
#1274 = CARTESIAN_POINT ( 'NONE',  ( -365.8556549163546379, 7.000000000000000000, 19.74756795489107475 ) ) ;
#1275 = DIRECTION ( 'NONE',  ( 0.000000000000000000, 0.000000000000000000, 1.000000000000000000 ) ) ;
#1276 = CARTESIAN_POINT ( 'NONE',  ( -308.8074314588282050, 5.560135856428987999, -169.5506836905861405 ) ) ;
#1277 = CARTESIAN_POINT ( 'NONE',  ( -368.4196393853989093, 4.557655364780686114, 19.50052010153130055 ) ) ;
#1278 = ORIENTED_EDGE ( 'NONE', *, *, #7719, .F. ) ;
#1279 = VECTOR ( 'NONE', #2352, 1000.000000000000000 ) ;
#1280 = LINE ( 'NONE', #2113, #2898 ) ;
#1281 = CARTESIAN_POINT ( 'NONE',  ( -365.2246769367355910, 4.668696823349429259, -169.9676676812983089 ) ) ;
#1282 =( BOUNDED_SURFACE ( )  B_SPLINE_SURFACE ( 3, 2, ( 
 ( #5995, #3063, #6691 ),
 ( #353, #4643, #5211 ),
 ( #5908, #8746, #7429 ),
 ( #5952, #8032, #3200 ),
 ( #8789, #3942, #6779 ),
 ( #6045, #3253, #2412 ),
 ( #308, #3154, #5303 ),
 ( #8125, #5441, #8264 ),
 ( #9073, #6179, #4039 ),
 ( #546, #4840, #7613 ),
 ( #597, #1896, #1944 ),
 ( #4743, #2645, #496 ),
 ( #3396, #3993, #3342 ),
 ( #9116, #4089, #6921 ),
 ( #3440, #6230, #7569 ),
 ( #2695, #1244, #5533 ),
 ( #8359, #1990, #7666 ),
 ( #5488, #1199, #1298 ) ),
 .UNSPECIFIED., .F., .F., .T. ) 
 B_SPLINE_SURFACE_WITH_KNOTS ( ( 4, 2, 2, 2, 2, 2, 2, 2, 4 ),
 ( 3, 3 ),
 ( 0.001323912745242674001, 0.001737514085360025587, 0.002151115425477377174, 0.002564716765594728977, 0.002978318105712080346, 0.003391919445829431716, 0.003805520785946783519, 0.004219122126064135322, 0.004632723466181486692 ),
 ( 0.000000000000000000, 1.000000000000000000 ),
 .UNSPECIFIED. ) 
 GEOMETRIC_REPRESENTATION_ITEM ( )  RATIONAL_B_SPLINE_SURFACE ( (
 ( 1.000000000000000000, 0.7500000000000004441, 1.000000000000000000),
 ( 1.000000000000000000, 0.7499939426364400363, 1.000000000000000000),
 ( 1.000000000000000000, 0.7509329894117531268, 1.000000000000000000),
 ( 1.000000000000000000, 0.7542720948107357604, 1.000000000000000000),
 ( 1.000000000000000000, 0.7567167381695868444, 1.000000000000000000),
 ( 1.000000000000000000, 0.7620345134626472783, 1.000000000000000000),
 ( 1.000000000000000000, 0.7649009816754760438, 1.000000000000000000),
 ( 1.000000000000000000, 0.7698131873218488908, 1.000000000000000000),
 ( 1.000000000000000000, 0.7718027581232985712, 1.000000000000000000),
 ( 1.000000000000000000, 0.7734778044130153907, 1.000000000000000000),
 ( 1.000000000000000000, 0.7731701811038885763, 1.000000000000000000),
 ( 1.000000000000000000, 0.7692320002426732417, 1.000000000000000000),
 ( 1.000000000000000000, 0.7656548337070518961, 1.000000000000000000),
 ( 1.000000000000000000, 0.7548043090968092894, 1.000000000000000000),
 ( 1.000000000000000000, 0.7474974637466318406, 1.000000000000000000),
 ( 1.000000000000000000, 0.7297066597614478844, 1.000000000000000000),
 ( 1.000000000000000000, 0.7191618347197754613, 1.000000000000000000),
 ( 1.000000000000000000, 0.7071067811865511255, 1.000000000000000000) ) ) 
 REPRESENTATION_ITEM ( '' )  SURFACE ( )  );
#1283 = EDGE_LOOP ( 'NONE', ( #4471, #7659, #7541, #2122 ) ) ;
#1284 = ORIENTED_EDGE ( 'NONE', *, *, #681, .T. ) ;
#1285 = EDGE_CURVE ( 'NONE', #533, #4538, #7889, .T. ) ;
#1286 = CARTESIAN_POINT ( 'NONE',  ( -268.4992792783649520, 4.691125519188566351, -169.9601933210739162 ) ) ;
#1287 = AXIS2_PLACEMENT_3D ( 'NONE', #2358, #3884, #8157 ) ;
#1288 = CARTESIAN_POINT ( 'NONE',  ( -326.0329310716495002, 4.927818611583308694, -169.0176293865097534 ) ) ;
#1289 = CARTESIAN_POINT ( 'NONE',  ( -436.8556549163562295, 3.000000000000000000, 0.000000000000000000 ) ) ;
#1290 = CIRCLE ( 'NONE', #8711, 1.000000000000000444 ) ;
#1291 = DIRECTION ( 'NONE',  ( 0.000000000000000000, 0.000000000000000000, -1.000000000000000000 ) ) ;
#1292 = ORIENTED_EDGE ( 'NONE', *, *, #3553, .F. ) ;
#1293 = CARTESIAN_POINT ( 'NONE',  ( -436.8556549163562295, 8.000000000000000000, 19.74756795489105343 ) ) ;
#1294 = EDGE_CURVE ( 'NONE', #204, #8064, #309, .T. ) ;
#1295 = PLANE ( 'NONE',  #4580 ) ;
#1296 = ORIENTED_EDGE ( 'NONE', *, *, #7786, .F. ) ;
#1297 = CARTESIAN_POINT ( 'NONE',  ( -405.8653422389340903, 5.324007913114984447, -168.6350940073689628 ) ) ;
#1298 = CARTESIAN_POINT ( 'NONE',  ( -347.8556549163546379, 5.499999999999984013, -168.3749310443081413 ) ) ;
#1299 = DIRECTION ( 'NONE',  ( 1.000000000000000000, 0.000000000000000000, 0.000000000000000000 ) ) ;
#1300 = AXIS2_PLACEMENT_3D ( 'NONE', #4131, #4887, #2779 ) ;
#1301 = CARTESIAN_POINT ( 'NONE',  ( -286.5397320836705148, 4.538726258075907793, -169.2130925028100989 ) ) ;
#1302 = AXIS2_PLACEMENT_3D ( 'NONE', #6612, #1806, #4645 ) ;
#1303 = CYLINDRICAL_SURFACE ( 'NONE', #6145, 5.000000000000004441 ) ;
#1304 = PLANE ( 'NONE',  #5727 ) ;
#1305 = CARTESIAN_POINT ( 'NONE',  ( -328.5572270252096132, 4.802408741466615005, 19.41366632066188558 ) ) ;
#1306 = ADVANCED_FACE ( 'NONE', ( #23 ), #4599, .F. ) ;
#1307 = CIRCLE ( 'NONE', #1894, 1.000000000000000444 ) ;
#1308 = CARTESIAN_POINT ( 'NONE',  ( -345.8556549163546379, 5.500000000000000888, 17.87006695409030144 ) ) ;
#1309 = DIRECTION ( 'NONE',  ( 0.000000000000000000, -0.6249999999999859002, 0.7806247497998110019 ) ) ;
#1310 = CARTESIAN_POINT ( 'NONE',  ( -407.5578475515902142, 4.784051302019447505, -169.1084858473784038 ) ) ;
#1311 = EDGE_CURVE ( 'NONE', #3131, #6620, #765, .T. ) ;
#1312 = CARTESIAN_POINT ( 'NONE',  ( -246.8556549163562863, 6.023126380343961195, -94.38668278509568665 ) ) ;
#1313 = CIRCLE ( 'NONE', #2030, 2.099999999999990763 ) ;
#1314 = AXIS2_PLACEMENT_3D ( 'NONE', #6737, #7997, #1634 ) ;
#1315 = AXIS2_PLACEMENT_3D ( 'NONE', #3806, #5992, #350 ) ;
#1316 = CARTESIAN_POINT ( 'NONE',  ( -385.0209758056168425, 5.117512316921597026, 19.28003851050585027 ) ) ;
#1317 = CARTESIAN_POINT ( 'NONE',  ( -325.9383153597867704, 5.097004927023504273, 18.37354440211544571 ) ) ;
#1318 = FACE_OUTER_BOUND ( 'NONE', #1928, .T. ) ;
#1319 = CARTESIAN_POINT ( 'NONE',  ( -288.4182677536560959, 4.555586803580517596, -170.0060454354879482 ) ) ;
#1320 = CIRCLE ( 'NONE', #6514, 4.000000000000000000 ) ;
#1321 = CARTESIAN_POINT ( 'NONE',  ( -387.4028659782060799, 3.714219789345969858, -170.2012881788659513 ) ) ;
#1322 = ORIENTED_EDGE ( 'NONE', *, *, #3882, .T. ) ;
#1323 = ADVANCED_FACE ( 'NONE', ( #8590 ), #1785, .F. ) ;
#1324 = CARTESIAN_POINT ( 'NONE',  ( -404.8556549163545810, 5.877829809576791575, 18.84858623523064480 ) ) ;
#1325 = ORIENTED_EDGE ( 'NONE', *, *, #7126, .T. ) ;
#1326 = ORIENTED_EDGE ( 'NONE', *, *, #4003, .T. ) ;
#1327 = EDGE_CURVE ( 'NONE', #3187, #2197, #7368, .T. ) ;
#1328 = CARTESIAN_POINT ( 'NONE',  ( -406.8556549163546379, 4.500000000000000888, 18.71619492148794350 ) ) ;
#1329 = CARTESIAN_POINT ( 'NONE',  ( -442.8556549163562295, 3.750000000000000000, 7.147567954891137276 ) ) ;
#1330 = CARTESIAN_POINT ( 'NONE',  ( -1.885059646467264690E-15, 8.000000000000000000, 14.74756795489110850 ) ) ;
#1331 = CARTESIAN_POINT ( 'NONE',  ( -386.8556549163545810, 4.500000000000000888, -169.2210590117058189 ) ) ;
#1332 = CARTESIAN_POINT ( 'NONE',  ( -250.8556549163562011, 1.000000000000000000, -173.3524320451088840 ) ) ;
#1333 = ORIENTED_EDGE ( 'NONE', *, *, #617, .F. ) ;
#1334 = DIRECTION ( 'NONE',  ( 1.000000000000000000, 0.000000000000000000, 0.000000000000000000 ) ) ;
#1335 = DIRECTION ( 'NONE',  ( -0.000000000000000000, -0.7806247497998098916, -0.6249999999999875655 ) ) ;
#1336 = ORIENTED_EDGE ( 'NONE', *, *, #2706, .F. ) ;
#1337 = CIRCLE ( 'NONE', #6669, 4.000000000000003553 ) ;
#1338 = ORIENTED_EDGE ( 'NONE', *, *, #5739, .F. ) ;
#1339 = CARTESIAN_POINT ( 'NONE',  ( -268.8467603921963587, 5.847915706122385870, -169.3656593597661981 ) ) ;
#1340 = DIRECTION ( 'NONE',  ( 0.000000000000000000, 0.7806247497998088924, -0.6249999999999886757 ) ) ;
#1341 = DIRECTION ( 'NONE',  ( 0.000000000000000000, 0.000000000000000000, 1.000000000000000000 ) ) ;
#1342 = CARTESIAN_POINT ( 'NONE',  ( -427.9124047648170404, 5.918887576270607020, -169.3146843188903858 ) ) ;
#1343 =( BOUNDED_SURFACE ( )  B_SPLINE_SURFACE ( 3, 2, ( 
 ( #2430, #1733, #425 ),
 ( #8048, #5409, #8143 ),
 ( #6708, #8905, #7405 ),
 ( #8187, #4524, #325 ),
 ( #4663, #7360, #7444 ),
 ( #1170, #3911, #3170 ),
 ( #2387, #7488, #6015 ),
 ( #6618, #4576, #1073 ),
 ( #6750, #8854, #5325 ),
 ( #1117, #1778, #283 ),
 ( #3961, #5227, #6799 ),
 ( #236, #1863, #2565 ),
 ( #6665, #3084, #4618 ),
 ( #373, #988, #5926 ) ),
 .UNSPECIFIED., .F., .F., .T. ) 
 B_SPLINE_SURFACE_WITH_KNOTS ( ( 4, 2, 2, 2, 2, 2, 4 ),
 ( 3, 3 ),
 ( 0.001015998582458477444, 0.001428449273944988693, 0.001840899965431500159, 0.002253350656918011626, 0.002665801348404522875, 0.003490702731377545373, 0.004315604114350567871 ),
 ( 0.000000000000000000, 1.000000000000000000 ),
 .UNSPECIFIED. ) 
 GEOMETRIC_REPRESENTATION_ITEM ( )  RATIONAL_B_SPLINE_SURFACE ( (
 ( 1.000000000000000000, 0.7071067811865494601, 1.000000000000000000),
 ( 1.000000000000000000, 0.7191539465619855021, 1.000000000000000000),
 ( 1.000000000000000000, 0.7296663882557459235, 1.000000000000000000),
 ( 1.000000000000000000, 0.7474372416598424884, 1.000000000000000000),
 ( 1.000000000000000000, 0.7547518899039961093, 1.000000000000000000),
 ( 1.000000000000000000, 0.7656299723738985152, 1.000000000000000000),
 ( 1.000000000000000000, 0.7691951883262585499, 1.000000000000000000),
 ( 1.000000000000000000, 0.7731396846999082362, 1.000000000000000000),
 ( 1.000000000000000000, 0.7734820014422298939, 1.000000000000000000),
 ( 1.000000000000000000, 0.7709873420212748352, 1.000000000000000000),
 ( 1.000000000000000000, 0.7646994115808716241, 1.000000000000000000),
 ( 1.000000000000000000, 0.7540697026783764745, 1.000000000000000000),
 ( 1.000000000000000000, 0.7498104614810477964, 1.000000000000000000),
 ( 1.000000000000000000, 0.7499999999999998890, 1.000000000000000000) ) ) 
 REPRESENTATION_ITEM ( '' )  SURFACE ( )  );
#1344 = VERTEX_POINT ( 'NONE', #4584 ) ;
#1345 = CARTESIAN_POINT ( 'NONE',  ( -427.8556549163546379, 5.500000000000000888, 19.74756795489107475 ) ) ;
#1346 = ADVANCED_FACE ( 'NONE', ( #1654 ), #8790, .F. ) ;
#1347 = DIRECTION ( 'NONE',  ( 0.000000000000000000, 0.000000000000000000, -1.000000000000000000 ) ) ;
#1348 = ORIENTED_EDGE ( 'NONE', *, *, #2954, .T. ) ;
#1349 = CARTESIAN_POINT ( 'NONE',  ( -406.8556549163546379, 3.625000000000000000, -170.2132157533550298 ) ) ;
#1350 = CARTESIAN_POINT ( 'NONE',  ( -365.8991525913326086, 5.115861466909998434, 19.30120737942208109 ) ) ;
#1351 = CARTESIAN_POINT ( 'NONE',  ( -246.8556549163561726, 3.110051930585547186, -55.13914785715148525 ) ) ;
#1352 = CARTESIAN_POINT ( 'NONE',  ( -266.3244986567764840, 4.645770204743612020, 19.52837394785272807 ) ) ;
#1353 = CARTESIAN_POINT ( 'NONE',  ( -305.8556549163546379, 5.445450499393989396, 17.95741606499998966 ) ) ;
#1354 = CARTESIAN_POINT ( 'NONE',  ( -406.8556549163546379, 3.625000000000000000, -170.2132157533550298 ) ) ;
#1355 = CARTESIAN_POINT ( 'NONE',  ( -367.7341608780494084, 5.002226165318919726, 18.46125788759333730 ) ) ;
#1356 = CARTESIAN_POINT ( 'NONE',  ( -308.8556549163546379, 5.877655079465402110, 18.84872613128140983 ) ) ;
#1357 = CARTESIAN_POINT ( 'NONE',  ( -246.8556549163562863, 5.159402830251275773, -95.87549007026476033 ) ) ;
#1358 = ADVANCED_FACE ( 'NONE', ( #8772, #3742 ), #5235, .T. ) ;
#1359 = EDGE_CURVE ( 'NONE', #6751, #4310, #5148, .T. ) ;
#1360 = DIRECTION ( 'NONE',  ( 1.000000000000000000, 0.000000000000000000, 0.000000000000000000 ) ) ;
#1361 = CARTESIAN_POINT ( 'NONE',  ( -325.0758246923423371, 4.972866850357450907, 19.34438404256385269 ) ) ;
#1362 = CARTESIAN_POINT ( 'NONE',  ( -426.0338427332812898, 4.926450206952925903, 18.51377697833382285 ) ) ;
#1363 = CARTESIAN_POINT ( 'NONE',  ( -288.2359510929709359, 4.308023494658913322, -170.0800365345099578 ) ) ;
#1364 = CARTESIAN_POINT ( 'NONE',  ( -387.8837617874938246, 5.301471067487186772, -169.7066495553371794 ) ) ;
#1365 = VERTEX_POINT ( 'NONE', #6579 ) ;
#1366 = B_SPLINE_CURVE_WITH_KNOTS ( 'NONE', 3,
 ( #8092, #2473, #6703, #5268, #8849, #6008, #6838, #5963, #5317, #464, #2560, #6060, #8900, #3906, #8139, #5405 ),
 .UNSPECIFIED., .F., .F.,
 ( 4, 2, 2, 2, 2, 2, 2, 4 ),
 ( 0.000000000000000000, 0.0009498534235542482754, 0.001424780135331372467, 0.001899706847108496551, 0.002374633558885620634, 0.002849560270662744935, 0.003324486982439868801, 0.003799413694216993102 ),
 .UNSPECIFIED. ) ;
#1367 = CARTESIAN_POINT ( 'NONE',  ( -305.3918877210923597, 4.413458803463324642, -170.0503618490929796 ) ) ;
#1368 = EDGE_LOOP ( 'NONE', ( #520, #9103, #8188, #4265 ) ) ;
#1369 = EDGE_LOOP ( 'NONE', ( #3514, #4666, #8113, #3656 ) ) ;
#1370 = CARTESIAN_POINT ( 'NONE',  ( -446.8556549163562863, 0.000000000000000000, -4.252432045108889724 ) ) ;
#1371 = ADVANCED_FACE ( 'NONE', ( #7284 ), #8151, .F. ) ;
#1372 = DIRECTION ( 'NONE',  ( -1.000000000000000000, 0.000000000000000000, 0.000000000000000000 ) ) ;
#1373 = DIRECTION ( 'NONE',  ( -2.921639538487254261E-16, 0.000000000000000000, 1.000000000000000000 ) ) ;
#1374 = CARTESIAN_POINT ( 'NONE',  ( -328.4196393853988525, 4.557655364780807794, 19.50052010153126858 ) ) ;
#1375 = DIRECTION ( 'NONE',  ( -1.000000000000000000, -0.000000000000000000, -2.921639538487254261E-16 ) ) ;
#1376 = ORIENTED_EDGE ( 'NONE', *, *, #7897, .F. ) ;
#1377 = DIRECTION ( 'NONE',  ( 1.000000000000000000, 0.000000000000000000, 0.000000000000000000 ) ) ;
#1378 = ADVANCED_FACE ( 'NONE', ( #3135 ), #7322, .T. ) ;
#1379 = EDGE_LOOP ( 'NONE', ( #2027, #158 ) ) ;
#1380 = EDGE_LOOP ( 'NONE', ( #3728, #7458 ) ) ;
#1381 = LINE ( 'NONE', #4261, #2338 ) ;
#1382 = CARTESIAN_POINT ( 'NONE',  ( -325.2102072305102070, 4.694546530222388547, -169.9589287182462556 ) ) ;
#1383 = CARTESIAN_POINT ( 'NONE',  ( -367.8891740945094853, 6.023604503293508827, -169.2367371627385921 ) ) ;
#1384 = CARTESIAN_POINT ( 'NONE',  ( -428.6903340270924332, 5.117512316920580062, -169.7849026007241946 ) ) ;
#1385 = ORIENTED_EDGE ( 'NONE', *, *, #1534, .F. ) ;
#1386 = FACE_OUTER_BOUND ( 'NONE', #4034, .T. ) ;
#1387 = DIRECTION ( 'NONE',  ( 1.000000000000000000, 0.000000000000000000, 2.921639538487137411E-16 ) ) ;
#1388 = ORIENTED_EDGE ( 'NONE', *, *, #1137, .F. ) ;
#1389 = LINE ( 'NONE', #4270, #7202 ) ;
#1390 = CARTESIAN_POINT ( 'NONE',  ( -366.5820493853617563, 4.535687915297965667, 18.70665286012359374 ) ) ;
#1391 = DIRECTION ( 'NONE',  ( -1.000000000000000000, -0.000000000000000000, -0.000000000000000000 ) ) ;
#1392 = EDGE_CURVE ( 'NONE', #1802, #6534, #3837, .T. ) ;
#1393 = CARTESIAN_POINT ( 'NONE',  ( -265.7989050678922922, 5.918887576269686868, 18.80982022867353010 ) ) ;
#1394 = DIRECTION ( 'NONE',  ( 1.000000000000000000, -0.000000000000000000, -0.000000000000000000 ) ) ;
#1395 = DIRECTION ( 'NONE',  ( -0.000000000000000000, -1.000000000000000000, -0.000000000000000000 ) ) ;
#1396 = VECTOR ( 'NONE', #8690, 1000.000000000000000 ) ;
#1397 = CARTESIAN_POINT ( 'NONE',  ( -366.8556549163546379, 4.500000000000000888, 18.71619492148794706 ) ) ;
#1398 = CARTESIAN_POINT ( 'NONE',  ( -406.8556549163545810, 4.500000000000000888, -169.2210590117058189 ) ) ;
#1399 = LINE ( 'NONE', #559, #8228 ) ;
#1400 = CIRCLE ( 'NONE', #7176, 1.000000000000000888 ) ;
#1401 = DIRECTION ( 'NONE',  ( 1.000000000000000000, 0.000000000000000000, 0.000000000000000000 ) ) ;
#1402 = CARTESIAN_POINT ( 'NONE',  ( -325.8556549163545810, 5.445450499393811761, 17.95741606499988308 ) ) ;
#1403 = CARTESIAN_POINT ( 'NONE',  ( -426.8556549163546379, 3.625000000000000444, 19.70835166313716158 ) ) ;
#1404 = CARTESIAN_POINT ( 'NONE',  ( -288.8556549163546379, 6.124999999999960032, -169.1555557941079542 ) ) ;
#1405 = LINE ( 'NONE', #8475, #555 ) ;
#1406 = ADVANCED_FACE ( 'NONE', ( #7412 ), #243, .F. ) ;
#1407 = CARTESIAN_POINT ( 'NONE',  ( -268.8467949769759571, 5.848454817159440822, 18.86040932463389197 ) ) ;
#1408 = ORIENTED_EDGE ( 'NONE', *, *, #4569, .F. ) ;
#1409 = CARTESIAN_POINT ( 'NONE',  ( -365.7989918981637061, 5.919283266442930014, -169.3143903733056277 ) ) ;
#1410 = EDGE_LOOP ( 'NONE', ( #2076, #8997, #8343, #4100 ) ) ;
#1411 = AXIS2_PLACEMENT_3D ( 'NONE', #2551, #1201, #4896 ) ;
#1412 = EDGE_LOOP ( 'NONE', ( #1882, #2348, #5914, #222 ) ) ;
#1413 = AXIS2_PLACEMENT_3D ( 'NONE', #4566, #5359, #2469 ) ;
#1414 = CARTESIAN_POINT ( 'NONE',  ( -407.6774670994279859, 4.926450206952964983, -169.0186410685512044 ) ) ;
#1415 = CARTESIAN_POINT ( 'NONE',  ( -368.4866328959737984, 4.668696823349396396, 19.46280359108043712 ) ) ;
#1416 = CARTESIAN_POINT ( 'NONE',  ( -345.0758246923423940, 4.972866850357450907, 19.34438404256384914 ) ) ;
#1417 = CIRCLE ( 'NONE', #357, 5.000000000000004441 ) ;
#1418 = CARTESIAN_POINT ( 'NONE',  ( -327.1309806014497781, 3.625000010541362450, 19.70835166180908971 ) ) ;
#1419 = DIRECTION ( 'NONE',  ( -1.278217298088173739E-16, 0.000000000000000000, 1.000000000000000000 ) ) ;
#1420 = DIRECTION ( 'NONE',  ( 0.000000000000000000, 0.000000000000000000, -1.000000000000000000 ) ) ;
#1421 = ORIENTED_EDGE ( 'NONE', *, *, #8968, .F. ) ;
#1422 = EDGE_CURVE ( 'NONE', #1086, #2759, #278, .T. ) ;
#1423 = EDGE_CURVE ( 'NONE', #139, #886, #2485, .T. ) ;
#1424 = ORIENTED_EDGE ( 'NONE', *, *, #2334, .F. ) ;
#1425 = FACE_OUTER_BOUND ( 'NONE', #8996, .T. ) ;
#1426 = CARTESIAN_POINT ( 'NONE',  ( -326.3255170659737701, 4.640946051870844080, -169.1768963064188824 ) ) ;
#1427 = CARTESIAN_POINT ( 'NONE',  ( -368.8556549163546379, 6.124999999999960032, -169.1555557941079542 ) ) ;
#1428 = CARTESIAN_POINT ( 'NONE',  ( -325.8556549163545242, 5.416284592704882606, 18.00411889024234569 ) ) ;
#1429 = EDGE_LOOP ( 'NONE', ( #4433, #2666, #8099, #8 ) ) ;
#1430 = CARTESIAN_POINT ( 'NONE',  ( -284.8556549104655460, 5.988703185082854041, -169.2646805808189185 ) ) ;
#1431 = DIRECTION ( 'NONE',  ( 0.000000000000000000, 1.170938346284343684E-14, -1.000000000000000000 ) ) ;
#1432 = ORIENTED_EDGE ( 'NONE', *, *, #8633, .F. ) ;
#1433 = CARTESIAN_POINT ( 'NONE',  ( -444.8556549163562295, 1.199999999999999956, 78.00000000000000000 ) ) ;
#1434 = VECTOR ( 'NONE', #2293, 1000.000000000000000 ) ;
#1435 = EDGE_CURVE ( 'NONE', #4813, #7771, #3562, .T. ) ;
#1436 = CIRCLE ( 'NONE', #6625, 1.000000000000000888 ) ;
#1437 = CARTESIAN_POINT ( 'NONE',  ( -365.8029079935203072, 5.399915996860699785, 19.14633273389507906 ) ) ;
#1438 = CARTESIAN_POINT ( 'NONE',  ( -246.8556549163562011, 2.354236052781280453, -55.07289469922612568 ) ) ;
#1439 = B_SPLINE_CURVE_WITH_KNOTS ( 'NONE', 3,
 ( #6165, #627, #7001, #1880, #4876, #4073, #530, #3380, #6262, #2770, #7554, #6907, #2579, #9007, #8299, #2026 ),
 .UNSPECIFIED., .F., .F.,
 ( 4, 2, 2, 2, 2, 2, 2, 4 ),
 ( 0.000000000000000000, 0.0004896031798880073980, 0.0009792063597760147960, 0.001468809539664022411, 0.001958412719552029592, 0.002448015899440036773, 0.002937619079328044822, 0.003916825439104037500 ),
 .UNSPECIFIED. ) ;
#1440 = AXIS2_PLACEMENT_3D ( 'NONE', #2316, #8602, #4459 ) ;
#1441 = ADVANCED_FACE ( 'NONE', ( #8814 ), #4753, .F. ) ;
#1442 = CARTESIAN_POINT ( 'NONE',  ( -424.8556549163546379, 8.000000000000000000, 14.74756795489105521 ) ) ;
#1443 = DIRECTION ( 'NONE',  ( -1.000000000000000000, 0.000000000000000000, 0.000000000000000000 ) ) ;
#1444 = CARTESIAN_POINT ( 'NONE',  ( -246.8556549163562295, 0.000000000000000000, -57.25243204510889683 ) ) ;
#1445 = DIRECTION ( 'NONE',  ( -2.921639538487254261E-16, 0.000000000000000000, 1.000000000000000000 ) ) ;
#1446 = DIRECTION ( 'NONE',  ( 0.000000000000000000, 0.000000000000000000, 1.000000000000000000 ) ) ;
#1447 = CARTESIAN_POINT ( 'NONE',  ( -327.5458030052795948, 4.773209397924164321, -169.1145156408490777 ) ) ;
#1448 = AXIS2_PLACEMENT_3D ( 'NONE', #6917, #6821, #8260 ) ;
#1449 = PLANE ( 'NONE',  #1913 ) ;
#1450 = FACE_OUTER_BOUND ( 'NONE', #5873, .T. ) ;
#1451 = CARTESIAN_POINT ( 'NONE',  ( -426.3887548692464406, 4.613001498401151146, 18.68153728725016549 ) ) ;
#1452 = DIRECTION ( 'NONE',  ( 0.000000000000000000, -0.000000000000000000, -1.000000000000000000 ) ) ;
#1453 = CARTESIAN_POINT ( 'NONE',  ( -436.8556549163562295, 3.000000000000000000, -165.2524320451089181 ) ) ;
#1454 = CARTESIAN_POINT ( 'NONE',  ( -267.3857927667284002, 4.640946051867747890, 18.67203221619960019 ) ) ;
#1456 = VERTEX_POINT ( 'NONE', #3000 ) ;
#1455 = ADVANCED_FACE ( 'NONE', ( #6672 ), #2305, .F. ) ;
#1457 = CIRCLE ( 'NONE', #7980, 1.000000000000000888 ) ;
#1458 = CARTESIAN_POINT ( 'NONE',  ( -366.8556549163545810, 3.625000000000000444, -170.2132157533550298 ) ) ;
#1459 = ORIENTED_EDGE ( 'NONE', *, *, #8466, .T. ) ;
#1460 = AXIS2_PLACEMENT_3D ( 'NONE', #5497, #5642, #1309 ) ;
#1461 = VERTEX_POINT ( 'NONE', #8678 ) ;
#1462 = CARTESIAN_POINT ( 'NONE',  ( -347.8556549163544673, 5.416284592704887046, -168.5089829804601607 ) ) ;
#1463 = CARTESIAN_POINT ( 'NONE',  ( -346.1743829770999241, 3.768189216954980658, 19.68870928488159322 ) ) ;
#1464 = CARTESIAN_POINT ( 'NONE',  ( -327.6783787610584113, 4.927818611581273878, 18.51276529629163647 ) ) ;
#1465 = VECTOR ( 'NONE', #7256, 1000.000000000000000 ) ;
#1466 = CARTESIAN_POINT ( 'NONE',  ( -408.8556549163546379, 7.000000000000000000, 14.74756795489105698 ) ) ;
#1467 = CARTESIAN_POINT ( 'NONE',  ( -248.6076590940384108, 2.322000368244706348, -95.21424980500647450 ) ) ;
#1468 = ORIENTED_EDGE ( 'NONE', *, *, #7044, .T. ) ;
#1469 = ORIENTED_EDGE ( 'NONE', *, *, #8033, .T. ) ;
#1470 = CARTESIAN_POINT ( 'NONE',  ( -267.8891740945095421, 6.023604503293462642, -169.2367371627386206 ) ) ;
#1471 = CARTESIAN_POINT ( 'NONE',  ( -325.0753333789934345, 4.974239720232511708, -169.8486235559576585 ) ) ;
#1472 = CARTESIAN_POINT ( 'NONE',  ( -367.1292604473475194, 4.535687915297963002, -169.2115169503409788 ) ) ;
#1473 = EDGE_CURVE ( 'NONE', #6910, #7564, #1484, .T. ) ;
#1474 = CARTESIAN_POINT ( 'NONE',  ( -428.7765099126931432, 5.411312770689274743, -169.6356635552781995 ) ) ;
#1475 = ORIENTED_EDGE ( 'NONE', *, *, #9131, .F. ) ;
#1476 = CARTESIAN_POINT ( 'NONE',  ( -444.8556549163562295, 0.000000000000000000, -68.25243204510887551 ) ) ;
#1477 = CARTESIAN_POINT ( 'NONE',  ( -285.8221357381987104, 6.023604503296962953, 18.73187307252309708 ) ) ;
#1478 = AXIS2_PLACEMENT_3D ( 'NONE', #5062, #7879, #2353 ) ;
#1479 = CARTESIAN_POINT ( 'NONE',  ( -387.7259361524282895, 5.003640207569657328, -168.9595324046023848 ) ) ;
#1480 = VERTEX_POINT ( 'NONE', #1179 ) ;
#1481 = CARTESIAN_POINT ( 'NONE',  ( -248.2402703009716163, 4.281686611218326277, -95.25243204510888972 ) ) ;
#1482 = CARTESIAN_POINT ( 'NONE',  ( -365.9657398064161953, 5.039146740865037444, 18.42502082235874639 ) ) ;
#1483 = DIRECTION ( 'NONE',  ( 0.000000000000000000, -2.710505431213761085E-15, -1.000000000000000000 ) ) ;
#1484 = CIRCLE ( 'NONE', #7118, 1.000000000000000444 ) ;
#1485 = CARTESIAN_POINT ( 'NONE',  ( -265.9383153597867704, 5.097004927023557563, 18.37354440211545281 ) ) ;
#1486 = DIRECTION ( 'NONE',  ( 0.000000000000000000, -0.000000000000000000, -1.000000000000000000 ) ) ;
#1487 = EDGE_CURVE ( 'NONE', #6548, #5014, #4019, .T. ) ;
#1488 = CARTESIAN_POINT ( 'NONE',  ( -268.0046369833598874, 4.071125995611724058, -170.1376911892802468 ) ) ;
#1489 = CARTESIAN_POINT ( 'NONE',  ( -326.6968085463534521, 4.500000000000002665, -169.2210590117058473 ) ) ;
#1490 = LINE ( 'NONE', #4323, #809 ) ;
#1491 = EDGE_CURVE ( 'NONE', #2588, #53, #6850, .T. ) ;
#1492 = CARTESIAN_POINT ( 'NONE',  ( -327.9086614756248537, 3.992597862132107434, -170.1539954553384177 ) ) ;
#1493 = B_SPLINE_CURVE_WITH_KNOTS ( 'NONE', 3,
 ( #5130, #8618, #7160, #2888, #5735, #3727, #2146, #4993, #5179, #2240, #4242, #790, #7953, #3634, #8571, #7076 ),
 .UNSPECIFIED., .F., .F.,
 ( 4, 2, 2, 2, 2, 2, 2, 4 ),
 ( 0.000000000000000000, 0.0004712969428269010328, 0.0009425938856538020657, 0.001413890828480702990, 0.001885187771307604131, 0.002356484714134505273, 0.002827781656961405980, 0.003770375542615208263 ),
 .UNSPECIFIED. ) ;
#1494 = CARTESIAN_POINT ( 'NONE',  ( -285.7051140906759770, 4.072590210801840804, -170.1373539892367148 ) ) ;
#1495 = CARTESIAN_POINT ( 'NONE',  ( -348.8556549163546379, 7.000000000000000000, -165.2524320451089181 ) ) ;
#1496 = CARTESIAN_POINT ( 'NONE',  ( -426.5820493853617563, 4.535687915297965667, 18.70665286012358663 ) ) ;
#1497 = FACE_OUTER_BOUND ( 'NONE', #2208, .T. ) ;
#1498 = LINE ( 'NONE', #8704, #1008 ) ;
#1499 = CARTESIAN_POINT ( 'NONE',  ( -267.4601476881188660, 4.682572633561747466, 19.51099171489873640 ) ) ;
#1500 = EDGE_LOOP ( 'NONE', ( #2298, #5251, #1877, #7270 ) ) ;
#1501 = CARTESIAN_POINT ( 'NONE',  ( -446.8556549163562863, 0.000000000000000000, 19.74756795489110317 ) ) ;
#1502 = ORIENTED_EDGE ( 'NONE', *, *, #1294, .F. ) ;
#1503 = CYLINDRICAL_SURFACE ( 'NONE', #8119, 1.000000000000000888 ) ;
#1504 = EDGE_CURVE ( 'NONE', #7332, #6067, #8308, .T. ) ;
#1505 = CARTESIAN_POINT ( 'NONE',  ( -288.8556549163546379, 3.000000000000000000, 14.74756795489107120 ) ) ;
#1506 = CARTESIAN_POINT ( 'NONE',  ( -268.7192465032959490, 5.206273164145591714, 19.23712735037164379 ) ) ;
#1507 = DIRECTION ( 'NONE',  ( 0.000000000000000000, 0.000000000000000000, 1.000000000000000000 ) ) ;
#1508 = LINE ( 'NONE', #6398, #8567 ) ;
#1509 = CARTESIAN_POINT ( 'NONE',  ( -246.8556549163562579, 2.073291444745366974, -97.24084893833681065 ) ) ;
#1510 = VERTEX_POINT ( 'NONE', #5418 ) ;
#1511 = VERTEX_POINT ( 'NONE', #8243 ) ;
#1512 = AXIS2_PLACEMENT_3D ( 'NONE', #3987, #5526, #3245 ) ;
#1513 = VERTEX_POINT ( 'NONE', #1874 ) ;
#1514 = DIRECTION ( 'NONE',  ( -2.921639538487254261E-16, 0.000000000000000000, 1.000000000000000000 ) ) ;
#1515 = CARTESIAN_POINT ( 'NONE',  ( -406.5778326856142826, 4.529518349318704118, -169.2147865307304357 ) ) ;
#1516 = CARTESIAN_POINT ( 'NONE',  ( -366.8556549163546379, 3.625000000000000444, -170.2132157533550298 ) ) ;
#1517 = CARTESIAN_POINT ( 'NONE',  ( -305.9312337697478483, 5.113725464068106241, 18.35733257548622177 ) ) ;
#1518 = EDGE_LOOP ( 'NONE', ( #7543, #7124, #5882, #2985 ) ) ;
#1519 = CARTESIAN_POINT ( 'NONE',  ( -285.9381539265641550, 5.097364476298504421, -168.8780778088432726 ) ) ;
#1520 = DIRECTION ( 'NONE',  ( 0.000000000000000000, 0.000000000000000000, 1.000000000000000000 ) ) ;
#1521 = CARTESIAN_POINT ( 'NONE',  ( -366.8556549163546379, 3.625000000000000000, -170.2132157533550298 ) ) ;
#1522 = EDGE_LOOP ( 'NONE', ( #192, #8727, #584, #5300 ) ) ;
#1523 = ADVANCED_FACE ( 'NONE', ( #2573 ), #8389, .T. ) ;
#1524 = CYLINDRICAL_SURFACE ( 'NONE', #5878, 5.000000000000004441 ) ;
#1525 = CARTESIAN_POINT ( 'NONE',  ( -407.0095446511514865, 4.508727177065517289, -170.0986492161661943 ) ) ;
#1526 = CARTESIAN_POINT ( 'NONE',  ( -248.8556549163562011, 1.500000000000064393, -55.25243204510888972 ) ) ;
#1527 = FACE_OUTER_BOUND ( 'NONE', #3138, .T. ) ;
#1528 = CARTESIAN_POINT ( 'NONE',  ( -425.2102072305102070, 4.694546530222388547, -169.9589287182462556 ) ) ;
#1529 = DIRECTION ( 'NONE',  ( 0.000000000000000000, 0.000000000000000000, -1.000000000000000000 ) ) ;
#1530 = DIRECTION ( 'NONE',  ( 0.000000000000000000, -1.000000000000000000, -0.000000000000000000 ) ) ;
#1531 = FACE_OUTER_BOUND ( 'NONE', #3930, .T. ) ;
#1532 = CARTESIAN_POINT ( 'NONE',  ( -344.8556549163546379, 6.124999999999944933, 18.65069170389011077 ) ) ;
#1533 = CARTESIAN_POINT ( 'NONE',  ( -327.9341163091267504, 5.603816879090840253, -169.5279948268532735 ) ) ;
#1534 = EDGE_CURVE ( 'NONE', #5477, #1984, #6678, .T. ) ;
#1535 = CARTESIAN_POINT ( 'NONE',  ( -246.8556549163562295, 0.000000000000000000, -57.25243204510889683 ) ) ;
#1536 = DIRECTION ( 'NONE',  ( 0.000000000000000000, 0.000000000000000000, 1.000000000000000000 ) ) ;
#1537 = PLANE ( 'NONE',  #8858 ) ;
#1538 = CARTESIAN_POINT ( 'NONE',  ( -287.8512076520505616, 5.389166282607971148, -168.5430138961477553 ) ) ;
#1539 = ORIENTED_EDGE ( 'NONE', *, *, #1144, .T. ) ;
#1540 = CARTESIAN_POINT ( 'NONE',  ( -287.4735974467517394, 3.739460732190676318, -170.1976603761552838 ) ) ;
#1541 = DIRECTION ( 'NONE',  ( -1.000000000000000000, 0.000000000000000000, 0.000000000000000000 ) ) ;
#1542 = ORIENTED_EDGE ( 'NONE', *, *, #2391, .T. ) ;
#1543 = CIRCLE ( 'NONE', #1241, 1.000000000000000888 ) ;
#1544 = CARTESIAN_POINT ( 'NONE',  ( -346.8556549163546379, 3.625000000000000444, 19.70835166313717224 ) ) ;
#1545 = EDGE_LOOP ( 'NONE', ( #8986, #7491, #4444, #3602 ) ) ;
#1546 = DIRECTION ( 'NONE',  ( -1.000000000000000000, -0.000000000000000000, -2.921639538487254261E-16 ) ) ;
#1547 = CARTESIAN_POINT ( 'NONE',  ( -285.8556549163545810, 7.000000000000000000, -165.2524320451089181 ) ) ;
#1548 = AXIS2_PLACEMENT_3D ( 'NONE', #3948, #2511, #1719 ) ;
#1549 = PLANE ( 'NONE',  #4973 ) ;
#1550 = CARTESIAN_POINT ( 'NONE',  ( -287.1715777490388177, 4.538726258075911346, 18.70822841259226976 ) ) ;
#1551 = CARTESIAN_POINT ( 'NONE',  ( -268.8556549163546379, 8.000000000000000000, -165.2524320451089181 ) ) ;
#1552 = CARTESIAN_POINT ( 'NONE',  ( -246.8556549163562579, 1.500000000000029754, -95.25243204510888972 ) ) ;
#1553 = ORIENTED_EDGE ( 'NONE', *, *, #631, .F. ) ;
#1554 = EDGE_CURVE ( 'NONE', #204, #1187, #8137, .T. ) ;
#1555 = VERTEX_POINT ( 'NONE', #3424 ) ;
#1556 = VECTOR ( 'NONE', #5778, 1000.000000000000000 ) ;
#1557 = ORIENTED_EDGE ( 'NONE', *, *, #7521, .T. ) ;
#1558 = CARTESIAN_POINT ( 'NONE',  ( -248.2525524260528584, 4.171282553827791340, -56.60369345316188827 ) ) ;
#1559 = CIRCLE ( 'NONE', #8550, 5.000000000000004441 ) ;
#1560 = CARTESIAN_POINT ( 'NONE',  ( -405.8556549163545810, 5.499999999999989342, -168.3749310443081413 ) ) ;
#1561 = CARTESIAN_POINT ( 'NONE',  ( -366.9942690904481992, 4.507254365895950521, -169.2193079470704049 ) ) ;
#1562 = CARTESIAN_POINT ( 'NONE',  ( -385.2259941808363806, 4.666530572644969510, 19.46353966186140383 ) ) ;
#1563 = ORIENTED_EDGE ( 'NONE', *, *, #4378, .T. ) ;
#1564 = CARTESIAN_POINT ( 'NONE',  ( -286.3255170659738269, 4.640946051870844080, -169.1768963064188824 ) ) ;
#1565 = CARTESIAN_POINT ( 'NONE',  ( -285.9461550497260305, 5.029006227352849301, 19.34504571474587920 ) ) ;
#1566 = CARTESIAN_POINT ( 'NONE',  ( -436.8556549163562295, 0.000000000000000000, 14.74756795489104455 ) ) ;
#1567 = ORIENTED_EDGE ( 'NONE', *, *, #6085, .F. ) ;
#1568 = LINE ( 'NONE', #2616, #5586 ) ;
#1569 = ADVANCED_FACE ( 'NONE', ( #3971 ), #4114, .T. ) ;
#1570 = ORIENTED_EDGE ( 'NONE', *, *, #2112, .T. ) ;
#1571 = CARTESIAN_POINT ( 'NONE',  ( -246.8556549163562295, 6.184658438426478000, -57.25243204510889683 ) ) ;
#1572 = CARTESIAN_POINT ( 'NONE',  ( -387.8556549163546379, 5.500000000000000888, -168.3749310443081413 ) ) ;
#1573 = EDGE_CURVE ( 'NONE', #3419, #4837, #6926, .T. ) ;
#1574 = CARTESIAN_POINT ( 'NONE',  ( -426.2511621445829064, 4.682572633563386155, -170.0158558051184343 ) ) ;
#1575 = DIRECTION ( 'NONE',  ( 0.000000000000000000, 0.000000000000000000, -1.000000000000000000 ) ) ;
#1576 = AXIS2_PLACEMENT_3D ( 'NONE', #6479, #7219, #1643 ) ;
#1577 = LINE ( 'NONE', #4413, #1465 ) ;
#1578 = VECTOR ( 'NONE', #836, 1000.000000000000000 ) ;
#1579 = DIRECTION ( 'NONE',  ( 0.000000000000000000, 0.000000000000000000, 1.000000000000000000 ) ) ;
#1580 = CARTESIAN_POINT ( 'NONE',  ( -327.8512076520505616, 5.389166282607971148, -168.5430138961477553 ) ) ;
#1581 = ADVANCED_FACE ( 'NONE', ( #8193 ), #4296, .F. ) ;
#1582 = CARTESIAN_POINT ( 'NONE',  ( -407.8891740945094853, 6.023604503293462642, -169.2367371627386206 ) ) ;
#1583 = CARTESIAN_POINT ( 'NONE',  ( -285.3918877210923597, 4.413458803463324642, -170.0503618490929796 ) ) ;
#1584 = CARTESIAN_POINT ( 'NONE',  ( -256.8556549163562295, 8.000000000000000000, 14.74756795489107475 ) ) ;
#1585 = CARTESIAN_POINT ( 'NONE',  ( -287.8556549163546379, 5.445482461464724366, 17.95736487927662495 ) ) ;
#1586 = EDGE_CURVE ( 'NONE', #8018, #4245, #9067, .T. ) ;
#1587 = CARTESIAN_POINT ( 'NONE',  ( -446.8556549163562863, 0.000000000000000000, -68.25243204510887551 ) ) ;
#1588 = VERTEX_POINT ( 'NONE', #8532 ) ;
#1589 = DIRECTION ( 'NONE',  ( 0.000000000000000000, 0.000000000000000000, 1.000000000000000000 ) ) ;
#1590 = CARTESIAN_POINT ( 'NONE',  ( -266.9933177586864304, 4.500000000000003553, 18.71619492043911848 ) ) ;
#1591 = ORIENTED_EDGE ( 'NONE', *, *, #8708, .F. ) ;
#1592 = CARTESIAN_POINT ( 'NONE',  ( -267.7800760629614274, 5.113725464068129334, -168.8621966657040616 ) ) ;
#1593 = VERTEX_POINT ( 'NONE', #2899 ) ;
#1594 = DIRECTION ( 'NONE',  ( 1.000000000000000000, -8.881784197001216036E-15, 0.000000000000000000 ) ) ;
#1595 = AXIS2_PLACEMENT_3D ( 'NONE', #7655, #6960, #4125 ) ;
#1596 = CIRCLE ( 'NONE', #3223, 1.000000000000000444 ) ;
#1597 = DIRECTION ( 'NONE',  ( -1.000000000000000000, -0.000000000000000000, -0.000000000000000000 ) ) ;
#1598 = CARTESIAN_POINT ( 'NONE',  ( -268.8556549163546947, 5.877655079465408328, 18.84872613128141694 ) ) ;
#1599 = LINE ( 'NONE', #7275, #6871 ) ;
#1600 = CIRCLE ( 'NONE', #859, 1.349999999999977884 ) ;
#1601 = CARTESIAN_POINT ( 'NONE',  ( -364.8556549163546379, 8.000000000000000000, 14.74756795489106231 ) ) ;
#1602 = ADVANCED_FACE ( 'NONE', ( #4870 ), #4960, .F. ) ;
#1603 = AXIS2_PLACEMENT_3D ( 'NONE', #4428, #8569, #7307 ) ;
#1604 = DIRECTION ( 'NONE',  ( 0.000000000000000000, 0.000000000000000000, 1.000000000000000000 ) ) ;
#1605 = VERTEX_POINT ( 'NONE', #1331 ) ;
#1606 = EDGE_LOOP ( 'NONE', ( #6814, #4445, #3831, #5277, #405, #3708 ) ) ;
#1607 = EDGE_CURVE ( 'NONE', #5265, #4495, #8579, .T. ) ;
#1608 = EDGE_LOOP ( 'NONE', ( #5738, #6908, #4218, #9048 ) ) ;
#1609 = AXIS2_PLACEMENT_3D ( 'NONE', #7000, #9101, #7088 ) ;
#1610 = AXIS2_PLACEMENT_3D ( 'NONE', #8969, #1054, #3892 ) ;
#1611 = CARTESIAN_POINT ( 'NONE',  ( -404.8556549163545810, 6.124999999999972466, -169.1555557941079542 ) ) ;
#1612 = CARTESIAN_POINT ( 'NONE',  ( -408.8556549163546379, 5.499999999999956479, 17.87006695409029078 ) ) ;
#1613 = CARTESIAN_POINT ( 'NONE',  ( -327.6064897249924570, 4.835820077882199364, 18.57392088924700602 ) ) ;
#1614 = ORIENTED_EDGE ( 'NONE', *, *, #9188, .F. ) ;
#1615 = PLANE ( 'NONE',  #6945 ) ;
#1616 = CARTESIAN_POINT ( 'NONE',  ( -286.2531023996461954, 4.692344901073206564, 19.50662440208317960 ) ) ;
#1617 = CARTESIAN_POINT ( 'NONE',  ( -367.6193619629652289, 3.807091139239944244, -170.1875765360216803 ) ) ;
#1618 = EDGE_LOOP ( 'NONE', ( #1459, #5191, #5970, #6606, #1820, #2152, #5339, #8674, #8347, #469, #5993, #7555, #6121, #4619, #4109, #3335 ) ) ;
#1619 = CARTESIAN_POINT ( 'NONE',  ( -304.8556549163546379, 8.000000000000000000, -8.906783349350480461E-14 ) ) ;
#1620 = ORIENTED_EDGE ( 'NONE', *, *, #8479, .T. ) ;
#1621 = CARTESIAN_POINT ( 'NONE',  ( -248.2402703011464666, 4.281686611161783063, -57.10937647349070545 ) ) ;
#1622 = CARTESIAN_POINT ( 'NONE',  ( -324.8556549163545242, 5.877829809576791575, 18.84858623523065901 ) ) ;
#1623 = CARTESIAN_POINT ( 'NONE',  ( -348.8556549163546379, 6.124999999999945821, 18.65069170389010722 ) ) ;
#1624 = EDGE_CURVE ( 'NONE', #4391, #1510, #7868, .T. ) ;
#1625 = ORIENTED_EDGE ( 'NONE', *, *, #4978, .T. ) ;
#1626 = CARTESIAN_POINT ( 'NONE',  ( -267.1725692415429307, 3.649012588301082882, -170.2103416934246525 ) ) ;
#1627 = CARTESIAN_POINT ( 'NONE',  ( -444.8556549163562295, 0.000000000000000000, 78.00000000000000000 ) ) ;
#1628 = CYLINDRICAL_SURFACE ( 'NONE', #516, 1.349999999999976108 ) ;
#1629 = CARTESIAN_POINT ( 'NONE',  ( -327.8315431898163297, 5.274054342412577867, -168.6910333621777056 ) ) ;
#1630 = CARTESIAN_POINT ( 'NONE',  ( -408.4992792783649520, 4.691125519188566351, -169.9601933210739162 ) ) ;
#1631 = CARTESIAN_POINT ( 'NONE',  ( -407.8556549163546379, 5.500000000000000888, 19.74756795489107475 ) ) ;
#1632 = CARTESIAN_POINT ( 'NONE',  ( -344.9920633294132131, 5.206273164145624577, -169.7419914405895156 ) ) ;
#1633 = CARTESIAN_POINT ( 'NONE',  ( -287.8162274172789807, 5.215001926882358418, 18.25363391293029025 ) ) ;
#1634 = DIRECTION ( 'NONE',  ( 0.000000000000000000, 0.000000000000000000, 1.000000000000000000 ) ) ;
#1635 = ORIENTED_EDGE ( 'NONE', *, *, #7300, .T. ) ;
#1636 = FACE_OUTER_BOUND ( 'NONE', #3284, .T. ) ;
#1637 = CYLINDRICAL_SURFACE ( 'NONE', #7939, 1.150000000000012124 ) ;
#1638 = CARTESIAN_POINT ( 'NONE',  ( -305.8556549163545810, 5.500000000000000888, -168.3749310443081413 ) ) ;
#1639 = ORIENTED_EDGE ( 'NONE', *, *, #1311, .F. ) ;
#1640 = EDGE_CURVE ( 'NONE', #7457, #3145, #8808, .T. ) ;
#1641 = CARTESIAN_POINT ( 'NONE',  ( -267.4432341558166399, 4.687416699501574691, 18.65198200092680381 ) ) ;
#1642 = EDGE_CURVE ( 'NONE', #3419, #1605, #5614, .T. ) ;
#1643 = DIRECTION ( 'NONE',  ( 1.000000000000000000, 0.000000000000000000, 2.921639538487137411E-16 ) ) ;
#1644 = CARTESIAN_POINT ( 'NONE',  ( -348.8556549163546379, 8.000000000000000000, -165.2524320451089181 ) ) ;
#1645 = CARTESIAN_POINT ( 'NONE',  ( -287.8556549163546379, 5.500000000000000888, 17.87006695409030854 ) ) ;
#1646 = CARTESIAN_POINT ( 'NONE',  ( 0.000000000000000000, 8.000000000000000000, -165.2524320451089181 ) ) ;
#1647 = DIRECTION ( 'NONE',  ( -0.000000000000000000, -0.000000000000000000, 1.000000000000000000 ) ) ;
#1648 = ORIENTED_EDGE ( 'NONE', *, *, #3645, .F. ) ;
#1649 = ORIENTED_EDGE ( 'NONE', *, *, #2689, .T. ) ;
#1650 = EDGE_LOOP ( 'NONE', ( #3031, #9034, #5108, #5410 ) ) ;
#1651 = EDGE_CURVE ( 'NONE', #7407, #1086, #1599, .T. ) ;
#1652 = EDGE_CURVE ( 'NONE', #7427, #3187, #8052, .T. ) ;
#1653 = CARTESIAN_POINT ( 'NONE',  ( -405.9654941494569016, 5.039695888598653362, -168.9293852508969280 ) ) ;
#1654 = FACE_OUTER_BOUND ( 'NONE', #6853, .T. ) ;
#1655 = CARTESIAN_POINT ( 'NONE',  ( -306.0199841525925990, 4.946426151581507114, 18.49902245509282750 ) ) ;
#1656 = ADVANCED_FACE ( 'NONE', ( #5139 ), #5965, .F. ) ;
#1657 = ORIENTED_EDGE ( 'NONE', *, *, #7669, .T. ) ;
#1658 = DIRECTION ( 'NONE',  ( -1.000000000000000000, 0.000000000000000000, 0.000000000000000000 ) ) ;
#1659 = CARTESIAN_POINT ( 'NONE',  ( -285.8797666428928324, 5.274054342412982876, 18.18616927195841271 ) ) ;
#1660 = CARTESIAN_POINT ( 'NONE',  ( -424.8556549163545810, 6.124999999999951150, -169.1555557941079542 ) ) ;
#1661 = ORIENTED_EDGE ( 'NONE', *, *, #8173, .T. ) ;
#1662 = ORIENTED_EDGE ( 'NONE', *, *, #5298, .F. ) ;
#1663 = CARTESIAN_POINT ( 'NONE',  ( -248.2812844962872987, 3.934186741491207950, -56.16487481340834620 ) ) ;
#1664 = DIRECTION ( 'NONE',  ( -1.000000000000000000, 0.000000000000000000, -2.921639538487254261E-16 ) ) ;
#1665 = DIRECTION ( 'NONE',  ( 0.000000000000000000, 0.000000000000000000, 1.000000000000000000 ) ) ;
#1666 = CARTESIAN_POINT ( 'NONE',  ( -367.7259361524282326, 5.003640207569657328, -168.9595324046023848 ) ) ;
#1667 = CARTESIAN_POINT ( 'NONE',  ( -325.8556549163545810, 5.416358229831103266, -168.5088650666895091 ) ) ;
#1668 = CARTESIAN_POINT ( 'NONE',  ( -266.1048201077167619, 4.835820077882202028, -169.0787849794648139 ) ) ;
#1669 = CARTESIAN_POINT ( 'NONE',  ( 0.000000000000000000, 8.000000000000000000, 0.000000000000000000 ) ) ;
#1670 = EDGE_CURVE ( 'NONE', #2197, #3940, #7038, .T. ) ;
#1671 = CARTESIAN_POINT ( 'NONE',  ( -384.8645148557371840, 5.848454817158821761, -169.3652734148521404 ) ) ;
#1672 = DIRECTION ( 'NONE',  ( 0.000000000000000000, 1.734723475976807094E-15, 1.000000000000000000 ) ) ;
#1674 = CARTESIAN_POINT ( 'NONE',  ( -287.9341631952597709, 5.604658406166667994, 19.02260281621942184 ) ) ;
#1673 = TOROIDAL_SURFACE ( 'NONE', #6332, 4.000000000000000000, 1.000000000000000000 ) ;
#1675 = CARTESIAN_POINT ( 'NONE',  ( -307.1644673079409245, 4.534290388702123309, 19.58102888319216461 ) ) ;
#1676 = EDGE_LOOP ( 'NONE', ( #2760, #7966, #616, #178 ) ) ;
#1677 = CARTESIAN_POINT ( 'NONE',  ( -444.8556549163562295, 1.199999999999999956, 78.00000000000000000 ) ) ;
#1678 = CARTESIAN_POINT ( 'NONE',  ( -348.8556549163546379, 6.124999999999981348, 18.65069170389007880 ) ) ;
#1679 = CARTESIAN_POINT ( 'NONE',  ( -286.0919478697439331, 3.807091139239946909, 19.68271244580380852 ) ) ;
#1680 = ORIENTED_EDGE ( 'NONE', *, *, #3904, .T. ) ;
#1681 = CARTESIAN_POINT ( 'NONE',  ( -386.1178533641383979, 4.807602833728543246, 19.45241613552015281 ) ) ;
#1682 = ADVANCED_FACE ( 'NONE', ( #896 ), #5272, .F. ) ;
#1683 = DIRECTION ( 'NONE',  ( 0.000000000000000000, 0.000000000000000000, -1.000000000000000000 ) ) ;
#1684 = CARTESIAN_POINT ( 'NONE',  ( -265.7989918981637061, 5.919283266445281022, -169.3143903733093794 ) ) ;
#1685 = CARTESIAN_POINT ( 'NONE',  ( -246.8556549163562579, 10.00000000000000000, -170.2524320451088897 ) ) ;
#1686 = TOROIDAL_SURFACE ( 'NONE', #6884, 4.000000000000000000, 1.000000000000000000 ) ;
#1687 = DIRECTION ( 'NONE',  ( 0.000000000000000000, 0.000000000000000000, -1.000000000000000000 ) ) ;
#1688 = EDGE_LOOP ( 'NONE', ( #1761, #3503, #1034 ) ) ;
#1689 = ORIENTED_EDGE ( 'NONE', *, *, #1327, .T. ) ;
#1690 = ORIENTED_EDGE ( 'NONE', *, *, #4550, .T. ) ;
#1691 = AXIS2_PLACEMENT_3D ( 'NONE', #8140, #2519, #3216 ) ;
#1692 = CARTESIAN_POINT ( 'NONE',  ( -405.7953792149623951, 3.977365129228491725, -170.1580123797437238 ) ) ;
#1693 = CARTESIAN_POINT ( 'NONE',  ( -388.8556549163546379, 7.000000000000000000, 14.74756795489105876 ) ) ;
#1694 = DIRECTION ( 'NONE',  ( -1.000000000000000000, 0.000000000000000000, 0.000000000000000000 ) ) ;
#1695 = DIRECTION ( 'NONE',  ( 0.000000000000000000, 0.000000000000000000, -1.000000000000000000 ) ) ;
#1696 = CARTESIAN_POINT ( 'NONE',  ( -425.8556549163546379, 5.500000000000000888, 19.74756795489107475 ) ) ;
#1697 = EDGE_LOOP ( 'NONE', ( #1388, #1909 ) ) ;
#1698 = DIRECTION ( 'NONE',  ( 0.000000000000000000, 0.000000000000000000, 1.000000000000000000 ) ) ;
#1699 = ADVANCED_FACE ( 'NONE', ( #4479 ), #6200, .F. ) ;
#1700 = CARTESIAN_POINT ( 'NONE',  ( -446.8556549163562863, 7.000000000000000000, 0.000000000000000000 ) ) ;
#1701 = VECTOR ( 'NONE', #298, 1000.000000000000000 ) ;
#1702 = CARTESIAN_POINT ( 'NONE',  ( -424.9920633294132131, 5.206273164145624577, -169.7419914405895156 ) ) ;
#1703 = VERTEX_POINT ( 'NONE', #4658 ) ;
#1704 = FACE_OUTER_BOUND ( 'NONE', #8285, .T. ) ;
#1705 = EDGE_LOOP ( 'NONE', ( #6837, #6767, #637, #8943 ) ) ;
#1706 = VECTOR ( 'NONE', #3617, 1000.000000000000000 ) ;
#1707 = CARTESIAN_POINT ( 'NONE',  ( -266.6960120101808229, 3.625000000000000444, -170.2132157533550867 ) ) ;
#1708 = AXIS2_PLACEMENT_3D ( 'NONE', #4361, #2920, #1486 ) ;
#1709 = DIRECTION ( 'NONE',  ( 0.000000000000000000, 0.000000000000000000, -1.000000000000000000 ) ) ;
#1710 = FACE_OUTER_BOUND ( 'NONE', #8180, .T. ) ;
#1711 = CARTESIAN_POINT ( 'NONE',  ( -387.8556549163546379, 7.000000000000000000, -165.2524320451089181 ) ) ;
#1712 = CIRCLE ( 'NONE', #6909, 5.000000000000000888 ) ;
#1713 = EDGE_CURVE ( 'NONE', #8446, #3460, #2119, .T. ) ;
#1714 = CARTESIAN_POINT ( 'NONE',  ( -427.4428557303486400, 4.687071811803892984, -169.1570276738594316 ) ) ;
#1715 = CARTESIAN_POINT ( 'NONE',  ( -427.8512249444161739, 5.389381927037762310, 18.03784105003429161 ) ) ;
#1716 = PLANE ( 'NONE',  #1101 ) ;
#1717 = EDGE_CURVE ( 'NONE', #4495, #5177, #4053, .T. ) ;
#1718 = CARTESIAN_POINT ( 'NONE',  ( -346.1542441566581942, 4.783366251787011691, -169.1088376623529257 ) ) ;
#1719 = DIRECTION ( 'NONE',  ( 0.000000000000000000, 0.000000000000000000, -1.000000000000000000 ) ) ;
#1720 = LINE ( 'NONE', #3723, #1578 ) ;
#1721 = CARTESIAN_POINT ( 'NONE',  ( -306.8556549163546947, 4.500000000000000888, 19.59811202517614959 ) ) ;
#1722 = CARTESIAN_POINT ( 'NONE',  ( -408.7767999200669919, 5.412504818268084605, 19.13015040621096929 ) ) ;
#1723 = FACE_OUTER_BOUND ( 'NONE', #5197, .T. ) ;
#1724 = CARTESIAN_POINT ( 'NONE',  ( -305.7953792149623951, 3.977365129228491725, -170.1580123797437238 ) ) ;
#1725 = ORIENTED_EDGE ( 'NONE', *, *, #2684, .T. ) ;
#1726 = AXIS2_PLACEMENT_3D ( 'NONE', #8199, #1085, #338 ) ;
#1727 = CIRCLE ( 'NONE', #390, 5.000000000000004441 ) ;
#1728 = CARTESIAN_POINT ( 'NONE',  ( -386.5820493853617563, 4.535687915297965667, 18.70665286012359019 ) ) ;
#1729 = CARTESIAN_POINT ( 'NONE',  ( -406.7170407422610765, 4.507254365895947856, 18.71444385685180478 ) ) ;
#1730 = CARTESIAN_POINT ( 'NONE',  ( -265.9654941494569584, 5.039695888598653362, -168.9293852508969280 ) ) ;
#1731 = ADVANCED_FACE ( 'NONE', ( #1115 ), #5694, .F. ) ;
#1732 = DIRECTION ( 'NONE',  ( 0.000000000000000000, -0.6249999999999859002, 0.7806247497998110019 ) ) ;
#1733 = CARTESIAN_POINT ( 'NONE',  ( -387.8556549163546379, 6.124999999999984013, 18.65069170389007169 ) ) ;
#1734 = EDGE_LOOP ( 'NONE', ( #9083, #7635, #5522, #9114 ) ) ;
#1735 = ORIENTED_EDGE ( 'NONE', *, *, #7955, .T. ) ;
#1736 = AXIS2_PLACEMENT_3D ( 'NONE', #3569, #8546, #7239 ) ;
#1737 = VERTEX_POINT ( 'NONE', #423 ) ;
#1738 = AXIS2_PLACEMENT_3D ( 'NONE', #7520, #6280, #6972 ) ;
#1739 = CARTESIAN_POINT ( 'NONE',  ( -427.4735974467517394, 3.739460732190676318, -170.1976603761552838 ) ) ;
#1740 = CARTESIAN_POINT ( 'NONE',  ( -346.8556549163546379, 3.625000000000000444, 19.70835166313717224 ) ) ;
#1741 = CARTESIAN_POINT ( 'NONE',  ( -285.8556549163546379, 4.500000000000000888, 19.74756795489107475 ) ) ;
#1742 = CIRCLE ( 'NONE', #7532, 5.000000000000004441 ) ;
#1743 = CARTESIAN_POINT ( 'NONE',  ( -307.7651547829831884, 5.029006227352299518, -169.8499098049644829 ) ) ;
#1744 = DIRECTION ( 'NONE',  ( 1.000000000000000000, 0.000000000000000000, 2.921639538487254261E-16 ) ) ;
#1745 = ORIENTED_EDGE ( 'NONE', *, *, #3583, .T. ) ;
#1746 = CARTESIAN_POINT ( 'NONE',  ( -386.5406535113655764, 3.648547497292145447, -170.2104039133024003 ) ) ;
#1747 = CARTESIAN_POINT ( 'NONE',  ( -304.8556549163546379, 5.499999999999956479, 17.87006695409030499 ) ) ;
#1748 = CARTESIAN_POINT ( 'NONE',  ( -426.5406535113654627, 3.648547497292145447, -170.2104039133024003 ) ) ;
#1749 = ORIENTED_EDGE ( 'NONE', *, *, #5120, .F. ) ;
#1750 = VECTOR ( 'NONE', #1021, 1000.000000000000000 ) ;
#1751 = ADVANCED_FACE ( 'NONE', ( #4009 ), #3958, .F. ) ;
#1752 = ORIENTED_EDGE ( 'NONE', *, *, #2413, .T. ) ;
#1753 = CIRCLE ( 'NONE', #8743, 4.000000000000003553 ) ;
#1754 = CARTESIAN_POINT ( 'NONE',  ( -264.8556549163545810, 6.124999999999951150, -169.1555557941079542 ) ) ;
#1755 = ADVANCED_FACE ( 'NONE', ( #8141 ), #8946, .F. ) ;
#1756 = DIRECTION ( 'NONE',  ( 0.000000000000000000, 0.000000000000000000, -1.000000000000000000 ) ) ;
#1757 = CARTESIAN_POINT ( 'NONE',  ( -348.7192465032958921, 5.206273164145589938, 19.23712735037162957 ) ) ;
#1758 = DIRECTION ( 'NONE',  ( -1.354168079406248677E-15, 0.7806247497998088924, -0.6249999999999886757 ) ) ;
#1759 = CIRCLE ( 'NONE', #6959, 4.000000000000003553 ) ;
#1760 = CARTESIAN_POINT ( 'NONE',  ( -268.8556549163546379, 8.000000000000000000, 14.74756795489107297 ) ) ;
#1761 = ORIENTED_EDGE ( 'NONE', *, *, #2074, .T. ) ;
#1762 = CARTESIAN_POINT ( 'NONE',  ( -427.8316368210776091, 5.274488668813068770, 18.18564206969831432 ) ) ;
#1763 = CARTESIAN_POINT ( 'NONE',  ( -348.8556549163546379, 5.877829809576795128, -169.3534503254485060 ) ) ;
#1764 = EDGE_CURVE ( 'NONE', #4294, #9047, #1861, .T. ) ;
#1765 = CARTESIAN_POINT ( 'NONE',  ( -385.9381539265641550, 5.097364476298504421, -168.8780778088432726 ) ) ;
#1766 = CARTESIAN_POINT ( 'NONE',  ( -444.8556549163562295, 3.750000000000000000, 4.847567954891102815 ) ) ;
#1767 = CARTESIAN_POINT ( 'NONE',  ( -287.9159306177391500, 3.977365129224871509, 19.65314828952652704 ) ) ;
#1768 = CARTESIAN_POINT ( 'NONE',  ( -307.6783787610585250, 4.927818611581317398, 18.51276529629140200 ) ) ;
#1769 = CARTESIAN_POINT ( 'NONE',  ( -406.8556549163546947, 4.500000000000000888, 18.71619492148794350 ) ) ;
#1770 = CARTESIAN_POINT ( 'NONE',  ( -348.6906568940713669, 5.118411189682881890, 19.27962515578893843 ) ) ;
#1771 = VECTOR ( 'NONE', #8402, 1000.000000000000000 ) ;
#1772 = CARTESIAN_POINT ( 'NONE',  ( -305.9654941494569584, 5.039695888598653362, -168.9293852508969280 ) ) ;
#1773 = VERTEX_POINT ( 'NONE', #6105 ) ;
#1774 = FACE_OUTER_BOUND ( 'NONE', #4801, .T. ) ;
#1775 = CARTESIAN_POINT ( 'NONE',  ( -406.7857345905471789, 4.500000000000000888, 18.71619492074466251 ) ) ;
#1776 = DIRECTION ( 'NONE',  ( -1.000000000000000000, -0.000000000000000000, -0.000000000000000000 ) ) ;
#1777 = CARTESIAN_POINT ( 'NONE',  ( -324.8556549163545810, 7.000000000000000000, 14.74756795489106764 ) ) ;
#1778 = CARTESIAN_POINT ( 'NONE',  ( -387.6023976767530144, 4.799337897231882977, 19.45768888870045998 ) ) ;
#1779 = EDGE_LOOP ( 'NONE', ( #1869, #4620, #3609, #2683 ) ) ;
#1780 = ORIENTED_EDGE ( 'NONE', *, *, #7975, .F. ) ;
#1781 = ORIENTED_EDGE ( 'NONE', *, *, #260, .T. ) ;
#1782 = EDGE_CURVE ( 'NONE', #5014, #856, #8510, .T. ) ;
#1783 = CARTESIAN_POINT ( 'NONE',  ( -445.8556549163562863, 3.750000000000000000, -79.85243204510885562 ) ) ;
#1784 = FACE_OUTER_BOUND ( 'NONE', #4334, .T. ) ;
#1785 = PLANE ( 'NONE',  #4781 ) ;
#1786 = CARTESIAN_POINT ( 'NONE',  ( -286.6981921440525412, 4.509365819018567478, 18.71396276295645933 ) ) ;
#1787 = FACE_OUTER_BOUND ( 'NONE', #5791, .T. ) ;
#1788 = ORIENTED_EDGE ( 'NONE', *, *, #1392, .T. ) ;
#1789 = CARTESIAN_POINT ( 'NONE',  ( -250.8556549163562011, 1.000000000000000000, 18.64756795489111951 ) ) ;
#1790 = DIRECTION ( 'NONE',  ( -2.921639538487254261E-16, 0.000000000000000000, 1.000000000000000000 ) ) ;
#1791 = FACE_BOUND ( 'NONE', #5368, .T. ) ;
#1792 = EDGE_LOOP ( 'NONE', ( #8300, #943, #5435, #4314 ) ) ;
#1793 = VERTEX_POINT ( 'NONE', #8329 ) ;
#1794 = CARTESIAN_POINT ( 'NONE',  ( -266.8556549163546379, 3.625000000000000444, -170.2132157533550298 ) ) ;
#1795 = CARTESIAN_POINT ( 'NONE',  ( -345.8273383005339952, 5.302404540044383552, -169.7061190454029429 ) ) ;
#1796 = CARTESIAN_POINT ( 'NONE',  ( -327.8556549163545810, 7.000000000000000000, -165.2524320451089181 ) ) ;
#1797 = CARTESIAN_POINT ( 'NONE',  ( -427.5934564685748001, 4.807602833731346337, -169.9572802257382875 ) ) ;
#1798 = VERTEX_POINT ( 'NONE', #3310 ) ;
#1799 = DIRECTION ( 'NONE',  ( 0.000000000000000000, 0.000000000000000000, 1.000000000000000000 ) ) ;
#1800 = ADVANCED_FACE ( 'NONE', ( #6148 ), #6196, .F. ) ;
#1801 = CARTESIAN_POINT ( 'NONE',  ( -445.8556549163562863, 3.750000000000000000, -156.5024320451088897 ) ) ;
#1802 = VERTEX_POINT ( 'NONE', #4759 ) ;
#1803 = CARTESIAN_POINT ( 'NONE',  ( -427.6783787610585250, 4.927818611581317398, 18.51276529629162226 ) ) ;
#1804 = CARTESIAN_POINT ( 'NONE',  ( -348.4853156518729520, 4.666530572644965069, -169.9684037520792401 ) ) ;
#1805 = CARTESIAN_POINT ( 'NONE',  ( -366.8556549163545810, 4.500000000000000888, 19.59811202517614248 ) ) ;
#1806 = DIRECTION ( 'NONE',  ( 0.000000000000000000, 0.000000000000000000, -1.000000000000000000 ) ) ;
#1807 = CARTESIAN_POINT ( 'NONE',  ( -345.8653422389340335, 5.324007913114982671, -168.6350940073689344 ) ) ;
#1808 = DIRECTION ( 'NONE',  ( -1.000000000000000000, -0.000000000000000000, -0.000000000000000000 ) ) ;
#1809 = CARTESIAN_POINT ( 'NONE',  ( -307.6376471506904409, 4.873062145403102008, 18.54992966763514062 ) ) ;
#1810 = CARTESIAN_POINT ( 'NONE',  ( -406.8556549163545810, 4.500000000000000888, 19.59811202517613893 ) ) ;
#1811 = CARTESIAN_POINT ( 'NONE',  ( -347.1644673079258610, 4.534290388698803298, 19.58102888318678225 ) ) ;
#1812 = EDGE_CURVE ( 'NONE', #2542, #401, #2768, .T. ) ;
#1813 = CYLINDRICAL_SURFACE ( 'NONE', #960, 4.500000000000003553 ) ;
#1814 = EDGE_LOOP ( 'NONE', ( #8686, #4551, #7793, #237 ) ) ;
#1815 = CARTESIAN_POINT ( 'NONE',  ( -386.4724515316911493, 4.571621889987923737, 19.56339676126497551 ) ) ;
#1816 = CARTESIAN_POINT ( 'NONE',  ( -406.3244986567764272, 4.645770204743611131, 19.52837394785271030 ) ) ;
#1817 = DIRECTION ( 'NONE',  ( 1.000000000000000000, 0.000000000000000000, 0.000000000000000000 ) ) ;
#1818 = LINE ( 'NONE', #1685, #6632 ) ;
#1819 = DIRECTION ( 'NONE',  ( -1.000000000000000000, 0.000000000000000000, 0.000000000000000000 ) ) ;
#1820 = ORIENTED_EDGE ( 'NONE', *, *, #2787, .T. ) ;
#1821 = ORIENTED_EDGE ( 'NONE', *, *, #8469, .F. ) ;
#1822 = ORIENTED_EDGE ( 'NONE', *, *, #7841, .F. ) ;
#1823 = CARTESIAN_POINT ( 'NONE',  ( -428.4853156518730088, 4.666530572644965069, -169.9684037520792401 ) ) ;
#1824 = CARTESIAN_POINT ( 'NONE',  ( -306.8556549163546379, 3.625000000000000000, 19.70835166313717579 ) ) ;
#1825 = CARTESIAN_POINT ( 'NONE',  ( -307.8121572413804188, 5.115861466909973565, -169.8060714696393916 ) ) ;
#1826 = CARTESIAN_POINT ( 'NONE',  ( -366.6981921440525980, 4.509365819018567478, 18.71396276295644867 ) ) ;
#1827 = VERTEX_POINT ( 'NONE', #8990 ) ;
#1828 = DIRECTION ( 'NONE',  ( 0.000000000000000000, 0.000000000000000000, -1.000000000000000000 ) ) ;
#1829 = FACE_OUTER_BOUND ( 'NONE', #2070, .T. ) ;
#1830 = DIRECTION ( 'NONE',  ( 0.000000000000000000, 0.000000000000000000, -1.000000000000000000 ) ) ;
#1831 = ORIENTED_EDGE ( 'NONE', *, *, #5465, .F. ) ;
#1832 = CIRCLE ( 'NONE', #3621, 1.000000000000000888 ) ;
#1833 = ORIENTED_EDGE ( 'NONE', *, *, #6822, .T. ) ;
#1834 = DIRECTION ( 'NONE',  ( -1.000000000000000000, -0.000000000000000000, -2.921639538487254261E-16 ) ) ;
#1835 = CARTESIAN_POINT ( 'NONE',  ( -346.7179920740176726, 4.500000000000000888, -169.2210590106588768 ) ) ;
#1836 = DIRECTION ( 'NONE',  ( -1.000000000000000000, 0.000000000000000000, 0.000000000000000000 ) ) ;
#1837 = DIRECTION ( 'NONE',  ( 0.000000000000000000, 1.000000000000000000, 0.000000000000000000 ) ) ;
#1838 = ORIENTED_EDGE ( 'NONE', *, *, #8396, .F. ) ;
#1839 = SPHERICAL_SURFACE ( 'NONE', #397, 5.000000000000000000 ) ;
#1840 = ADVANCED_FACE ( 'NONE', ( #2662 ), #1959, .F. ) ;
#1841 = CARTESIAN_POINT ( 'NONE',  ( -444.8556549163562295, 3.750000000000000000, -150.0024320451088897 ) ) ;
#1842 = VERTEX_POINT ( 'NONE', #566 ) ;
#1843 = DIRECTION ( 'NONE',  ( 1.000000000000000000, 0.000000000000000000, 0.000000000000000000 ) ) ;
#1844 = FACE_OUTER_BOUND ( 'NONE', #2736, .T. ) ;
#1845 = DIRECTION ( 'NONE',  ( 2.921639538487254261E-16, -0.000000000000000000, -1.000000000000000000 ) ) ;
#1846 = CIRCLE ( 'NONE', #4519, 4.000000000000001776 ) ;
#1847 = CARTESIAN_POINT ( 'NONE',  ( -286.8556549163545810, 4.500000000000000888, -169.2210590117058189 ) ) ;
#1848 = AXIS2_PLACEMENT_3D ( 'NONE', #4366, #8468, #1446 ) ;
#1849 = CARTESIAN_POINT ( 'NONE',  ( -385.7953792149624519, 3.977365129228491725, -170.1580123797437238 ) ) ;
#1850 = CARTESIAN_POINT ( 'NONE',  ( -308.8556549163546379, 8.000000000000000000, -165.2524320451089181 ) ) ;
#1851 = FACE_OUTER_BOUND ( 'NONE', #3879, .T. ) ;
#1852 = CARTESIAN_POINT ( 'NONE',  ( -407.3857927667284002, 4.640946051867747890, 18.67203221619958242 ) ) ;
#1853 = DIRECTION ( 'NONE',  ( -1.000000000000000000, -0.000000000000000000, -0.000000000000000000 ) ) ;
#1854 = CARTESIAN_POINT ( 'NONE',  ( -305.8027724493910569, 5.400530990987865820, -169.6508442660102105 ) ) ;
#1855 = VERTEX_POINT ( 'NONE', #6011 ) ;
#1856 = VECTOR ( 'NONE', #8077, 1000.000000000000000 ) ;
#1857 = EDGE_CURVE ( 'NONE', #6260, #4602, #8852, .T. ) ;
#1858 = ADVANCED_FACE ( 'NONE', ( #370 ), #3217, .T. ) ;
#1859 = CARTESIAN_POINT ( 'NONE',  ( -386.3244986567765977, 4.645770204742691867, 19.52837394785104763 ) ) ;
#1860 = CARTESIAN_POINT ( 'NONE',  ( -405.8991525913325518, 5.115861466908577349, 19.30120737941934195 ) ) ;
#1861 = LINE ( 'NONE', #2610, #3307 ) ;
#1862 = CARTESIAN_POINT ( 'NONE',  ( -287.3225549634628351, 4.613001498401150258, -169.1864013774678028 ) ) ;
#1863 = CARTESIAN_POINT ( 'NONE',  ( -387.1644673079258610, 4.534290388698803298, 19.58102888318677515 ) ) ;
#1864 = ORIENTED_EDGE ( 'NONE', *, *, #3149, .T. ) ;
#1865 = CIRCLE ( 'NONE', #4252, 1.150000000000012124 ) ;
#1866 = CARTESIAN_POINT ( 'NONE',  ( -324.8556549163545810, 6.124999999999945821, 18.65069170389011077 ) ) ;
#1867 = ORIENTED_EDGE ( 'NONE', *, *, #5949, .F. ) ;
#1868 = VECTOR ( 'NONE', #1776, 1000.000000000000000 ) ;
#1869 = ORIENTED_EDGE ( 'NONE', *, *, #3228, .T. ) ;
#1870 = AXIS2_PLACEMENT_3D ( 'NONE', #7276, #5140, #3694 ) ;
#1871 = EDGE_CURVE ( 'NONE', #4931, #4879, #3511, .T. ) ;
#1872 = CARTESIAN_POINT ( 'NONE',  ( -387.8556549163546379, 7.000000000000000000, 19.74756795489107475 ) ) ;
#1873 = CARTESIAN_POINT ( 'NONE',  ( -304.8556549163546379, 6.124999999999944933, 18.65069170389011433 ) ) ;
#1874 = CARTESIAN_POINT ( 'NONE',  ( -364.8556549163545810, 6.124999999999951150, -169.1555557941079542 ) ) ;
#1875 = CARTESIAN_POINT ( 'NONE',  ( -306.9255752421618126, 4.500000000000000888, -169.2210590109625343 ) ) ;
#1876 = CYLINDRICAL_SURFACE ( 'NONE', #7200, 2.000000000000001776 ) ;
#1877 = ORIENTED_EDGE ( 'NONE', *, *, #8303, .F. ) ;
#1878 = CARTESIAN_POINT ( 'NONE',  ( -408.8556549163546379, 6.124999999999945821, 18.65069170389010011 ) ) ;
#1879 = DIRECTION ( 'NONE',  ( 0.000000000000000000, 0.000000000000000000, 1.000000000000000000 ) ) ;
#1880 = CARTESIAN_POINT ( 'NONE',  ( -248.2523438304274350, 4.173112268869623165, -93.89605625090887031 ) ) ;
#1881 = ADVANCED_FACE ( 'NONE', ( #1318 ), #2753, .F. ) ;
#1882 = ORIENTED_EDGE ( 'NONE', *, *, #6861, .T. ) ;
#1883 = EDGE_LOOP ( 'NONE', ( #5969, #5510, #4022, #5150 ) ) ;
#1884 = AXIS2_PLACEMENT_3D ( 'NONE', #1985, #3436, #6274 ) ;
#1885 = FACE_OUTER_BOUND ( 'NONE', #8502, .T. ) ;
#1886 = CARTESIAN_POINT ( 'NONE',  ( -265.9853736802811568, 5.003640207569637788, 18.45466831438455202 ) ) ;
#1887 = CARTESIAN_POINT ( 'NONE',  ( -445.8556549163562863, 3.750000000000000000, -148.6524320451088954 ) ) ;
#1888 = VERTEX_POINT ( 'NONE', #4 ) ;
#1889 = CARTESIAN_POINT ( 'NONE',  ( -285.8556549163545810, 6.124999999999977796, -169.1555557941079542 ) ) ;
#1890 = VECTOR ( 'NONE', #6284, 1000.000000000000000 ) ;
#1891 = DIRECTION ( 'NONE',  ( 0.000000000000000000, -1.000000000000000000, 0.000000000000000000 ) ) ;
#1892 = EDGE_LOOP ( 'NONE', ( #153, #74, #2631, #5616 ) ) ;
#1893 = DIRECTION ( 'NONE',  ( 1.000000000000000000, 0.000000000000000000, 0.000000000000000000 ) ) ;
#1894 = AXIS2_PLACEMENT_3D ( 'NONE', #4472, #7999, #2982 ) ;
#1895 = B_SPLINE_CURVE_WITH_KNOTS ( 'NONE', 3,
 ( #1873, #331, #3318, #5282, #2484, #4583, #1125, #6023, #3970, #5329, #7449, #1924, #4719, #9051, #1078, #1824 ),
 .UNSPECIFIED., .F., .F.,
 ( 4, 2, 2, 2, 2, 2, 2, 4 ),
 ( 0.000000000000000000, 0.0009498534235542500101, 0.001424780135331372684, 0.001899706847108495467, 0.002374633558885617599, 0.002849560270662740164, 0.003324486982439862730, 0.003799413694216984862 ),
 .UNSPECIFIED. ) ;
#1896 = CARTESIAN_POINT ( 'NONE',  ( -347.8121572413804756, 5.115861466909996658, -169.8060714696395337 ) ) ;
#1897 = CARTESIAN_POINT ( 'NONE',  ( -284.8556549163545810, 6.124999999999951150, -169.1555557941079542 ) ) ;
#1898 = CARTESIAN_POINT ( 'NONE',  ( -428.8556549163546379, 6.124999999999951150, -169.1555557941079542 ) ) ;
#1899 = EDGE_CURVE ( 'NONE', #5460, #5203, #744, .T. ) ;
#1900 = AXIS2_PLACEMENT_3D ( 'NONE', #7976, #5847, #1520 ) ;
#1901 = CIRCLE ( 'NONE', #6065, 1.000000000000000444 ) ;
#1902 = CARTESIAN_POINT ( 'NONE',  ( -266.7170407422610765, 4.507254365895950521, 18.71444385685182610 ) ) ;
#1903 = CARTESIAN_POINT ( 'NONE',  ( -306.0743484983213989, 4.872234721370826804, 18.55045866297567869 ) ) ;
#1904 = CARTESIAN_POINT ( 'NONE',  ( -327.4733861663404468, 3.739288344263300701, 19.69282342312304479 ) ) ;
#1905 = DIRECTION ( 'NONE',  ( -1.000000000000000000, -0.000000000000000000, -0.000000000000000000 ) ) ;
#1906 = CARTESIAN_POINT ( 'NONE',  ( -407.6376471506903840, 4.873062145403102008, 18.54992966763512641 ) ) ;
#1907 = DIRECTION ( 'NONE',  ( 0.000000000000000000, 1.000000000000000000, 0.000000000000000000 ) ) ;
#1908 = CARTESIAN_POINT ( 'NONE',  ( -246.8556549163562579, 4.510276922182674397, -96.43912642883184105 ) ) ;
#1909 = ORIENTED_EDGE ( 'NONE', *, *, #5400, .F. ) ;
#1910 = CARTESIAN_POINT ( 'NONE',  ( -385.9383153597868272, 5.097004927023504273, 18.37354440211543860 ) ) ;
#1911 = CARTESIAN_POINT ( 'NONE',  ( -442.8556549163562295, 3.750000000000000000, -72.00243204510887551 ) ) ;
#1912 = DIRECTION ( 'NONE',  ( -1.000000000000000000, 0.000000000000000000, 0.000000000000000000 ) ) ;
#1913 = AXIS2_PLACEMENT_3D ( 'NONE', #6915, #1192, #3195 ) ;
#1914 = CARTESIAN_POINT ( 'NONE',  ( -288.1326922353961777, 4.193287934497922365, -170.1090397383235597 ) ) ;
#1915 = ADVANCED_FACE ( 'NONE', ( #8517 ), #7746, .F. ) ;
#1916 = CARTESIAN_POINT ( 'NONE',  ( -387.4582074330630235, 4.692344901070914176, -170.0114884923029877 ) ) ;
#1917 = ORIENTED_EDGE ( 'NONE', *, *, #9036, .F. ) ;
#1918 = CARTESIAN_POINT ( 'NONE',  ( -365.0206529386378520, 5.118411189684464624, -169.7844892460059896 ) ) ;
#1919 = ORIENTED_EDGE ( 'NONE', *, *, #9209, .F. ) ;
#1920 = EDGE_CURVE ( 'NONE', #3885, #3927, #5597, .T. ) ;
#1921 = ORIENTED_EDGE ( 'NONE', *, *, #8667, .T. ) ;
#1922 = AXIS2_PLACEMENT_3D ( 'NONE', #7969, #6539, #155 ) ;
#1923 = CARTESIAN_POINT ( 'NONE',  ( -445.8556549163562863, 7.000000000000000000, 9.747567954891122710 ) ) ;
#1924 = CARTESIAN_POINT ( 'NONE',  ( -306.0919478697440468, 3.807091139239946909, 19.68271244580379786 ) ) ;
#1925 = CARTESIAN_POINT ( 'NONE',  ( -386.8556549163546379, 4.500000000000000888, 18.71619492148794706 ) ) ;
#1926 = CARTESIAN_POINT ( 'NONE',  ( -306.8556549163546379, 4.500000000000000888, -169.2210590117058189 ) ) ;
#1927 = FACE_OUTER_BOUND ( 'NONE', #5413, .T. ) ;
#1928 = EDGE_LOOP ( 'NONE', ( #5607, #8348, #5868, #5736 ) ) ;
#1929 = DIRECTION ( 'NONE',  ( 0.000000000000000000, 1.593777193553690256E-14, 1.000000000000000000 ) ) ;
#1930 = DIRECTION ( 'NONE',  ( 0.000000000000000000, -1.000000000000000000, 0.000000000000000000 ) ) ;
#1931 = CARTESIAN_POINT ( 'NONE',  ( -248.8556549163562579, 0.000000000000000000, -95.25243204510888972 ) ) ;
#1932 = ORIENTED_EDGE ( 'NONE', *, *, #203, .F. ) ;
#1933 = ADVANCED_FACE ( 'NONE', ( #6603 ), #6333, .F. ) ;
#1934 = ORIENTED_EDGE ( 'NONE', *, *, #4466, .T. ) ;
#1935 = CARTESIAN_POINT ( 'NONE',  ( -388.8556549163546379, 6.124999999999944045, 18.65069170389010367 ) ) ;
#1936 = CARTESIAN_POINT ( 'NONE',  ( -345.8556549163545810, 5.499999999999989342, -168.3749310443081413 ) ) ;
#1937 = CARTESIAN_POINT ( 'NONE',  ( -266.4707025613210476, 4.573837122825699986, 18.69542757550807366 ) ) ;
#1938 = CARTESIAN_POINT ( 'NONE',  ( -427.3821581955477313, 4.647039145976322949, -169.1736827778622967 ) ) ;
#1939 = ORIENTED_EDGE ( 'NONE', *, *, #7027, .T. ) ;
#1940 = LINE ( 'NONE', #7565, #5618 ) ;
#1941 = DIRECTION ( 'NONE',  ( 0.000000000000000000, 1.734723475976807094E-15, 1.000000000000000000 ) ) ;
#1942 = VERTEX_POINT ( 'NONE', #2281 ) ;
#1943 = CARTESIAN_POINT ( 'NONE',  ( -406.2379236663685447, 3.739288344263323349, -170.1976875133409237 ) ) ;
#1944 = CARTESIAN_POINT ( 'NONE',  ( -347.6774670994279859, 4.926450206952964983, -169.0186410685512044 ) ) ;
#1945 = FACE_OUTER_BOUND ( 'NONE', #4518, .T. ) ;
#1946 = DIRECTION ( 'NONE',  ( 0.000000000000000000, 0.000000000000000000, -1.000000000000000000 ) ) ;
#1947 = CARTESIAN_POINT ( 'NONE',  ( -266.5493311088920905, 4.544316436061451192, 19.57651407055115556 ) ) ;
#1948 = CARTESIAN_POINT ( 'NONE',  ( -306.8556549163546379, 4.500000000000000888, 18.71619492148795416 ) ) ;
#1949 = CARTESIAN_POINT ( 'NONE',  ( -442.8556549163562295, 3.750000000000000000, -157.6524320451088954 ) ) ;
#1950 = CARTESIAN_POINT ( 'NONE',  ( -346.6981921440525412, 4.509365819018567478, 18.71396276295645222 ) ) ;
#1951 = CARTESIAN_POINT ( 'NONE',  ( 0.000000000000000000, 8.000000000000000000, -165.2524320451089181 ) ) ;
#1952 = AXIS2_PLACEMENT_3D ( 'NONE', #4534, #4489, #195 ) ;
#1953 = DIRECTION ( 'NONE',  ( 0.000000000000000000, 0.000000000000000000, -1.000000000000000000 ) ) ;
#1954 = ADVANCED_FACE ( 'NONE', ( #6560 ), #1537, .T. ) ;
#1955 = CARTESIAN_POINT ( 'NONE',  ( -246.8556549163563147, 6.184658438426476224, -93.54290572735776266 ) ) ;
#1956 = ORIENTED_EDGE ( 'NONE', *, *, #9209, .T. ) ;
#1957 = CARTESIAN_POINT ( 'NONE',  ( -444.8556549163562295, 3.750000000000000000, 5.997567954891120046 ) ) ;
#1958 = CARTESIAN_POINT ( 'NONE',  ( -325.4753587397421484, 4.308023494659617647, 19.57517244429188352 ) ) ;
#1959 = PLANE ( 'NONE',  #8410 ) ;
#1960 = CARTESIAN_POINT ( 'NONE',  ( -250.8556549163562011, 1.000000000000000000, -171.2524320451088897 ) ) ;
#1961 = CARTESIAN_POINT ( 'NONE',  ( -387.6565166143253691, 4.875924695995476732, -169.9249766519588434 ) ) ;
#1963 = ORIENTED_EDGE ( 'NONE', *, *, #982, .T. ) ;
#1962 = EDGE_CURVE ( 'NONE', #1461, #3003, #1720, .T. ) ;
#1964 = DIRECTION ( 'NONE',  ( 0.000000000000000000, 1.000000000000000000, -0.000000000000000000 ) ) ;
#1965 = ORIENTED_EDGE ( 'NONE', *, *, #473, .F. ) ;
#1966 = ORIENTED_EDGE ( 'NONE', *, *, #1899, .T. ) ;
#1967 = ADVANCED_FACE ( 'NONE', ( #7900 ), #972, .T. ) ;
#1968 = LINE ( 'NONE', #3463, #2320 ) ;
#1969 = DIRECTION ( 'NONE',  ( 0.000000000000000000, 0.000000000000000000, 1.000000000000000000 ) ) ;
#1970 = CARTESIAN_POINT ( 'NONE',  ( -306.8556549163545810, 4.500000000000000888, -169.2210590117058189 ) ) ;
#1971 = CARTESIAN_POINT ( 'NONE',  ( -308.8467603921963018, 5.847915706122385870, -169.3656593597661981 ) ) ;
#1972 = CYLINDRICAL_SURFACE ( 'NONE', #89, 1.000000000000000888 ) ;
#1973 = ORIENTED_EDGE ( 'NONE', *, *, #3298, .F. ) ;
#1974 = VECTOR ( 'NONE', #4920, 1000.000000000000000 ) ;
#1975 = DIRECTION ( 'NONE',  ( -1.000000000000000000, 0.000000000000000000, 0.000000000000000000 ) ) ;
#1976 = CARTESIAN_POINT ( 'NONE',  ( -388.2240811334461341, 4.293272472136263396, -170.0836341850529436 ) ) ;
#1977 = VERTEX_POINT ( 'NONE', #176 ) ;
#1978 = ORIENTED_EDGE ( 'NONE', *, *, #3354, .T. ) ;
#1979 = CARTESIAN_POINT ( 'NONE',  ( -444.8556549163562295, 0.000000000000000000, -4.252432045108889724 ) ) ;
#1980 = CARTESIAN_POINT ( 'NONE',  ( -326.7179920740175021, 4.500000000000000888, -169.2210590106588768 ) ) ;
#1981 = DIRECTION ( 'NONE',  ( 1.000000000000000000, 0.000000000000000000, 0.000000000000000000 ) ) ;
#1982 = EDGE_CURVE ( 'NONE', #227, #3600, #229, .T. ) ;
#1983 = DIRECTION ( 'NONE',  ( 0.000000000000000000, -1.000000000000000000, 0.000000000000000000 ) ) ;
#1984 = VERTEX_POINT ( 'NONE', #2417 ) ;
#1985 = CARTESIAN_POINT ( 'NONE',  ( -265.8556549163546379, 3.000000000000000000, 14.74756795489107297 ) ) ;
#1986 = DIRECTION ( 'NONE',  ( 0.000000000000000000, -0.000000000000000000, -1.000000000000000000 ) ) ;
#1987 = CIRCLE ( 'NONE', #8676, 1.000000000000000444 ) ;
#1988 = ORIENTED_EDGE ( 'NONE', *, *, #3235, .F. ) ;
#1989 = CARTESIAN_POINT ( 'NONE',  ( -427.3857927667284002, 4.640946051867747890, 18.67203221619958242 ) ) ;
#1990 = CARTESIAN_POINT ( 'NONE',  ( -347.8891740945095989, 6.023604503293508827, -169.2367371627385921 ) ) ;
#1991 = DIRECTION ( 'NONE',  ( 0.000000000000000000, 0.000000000000000000, 1.000000000000000000 ) ) ;
#1992 = CARTESIAN_POINT ( 'NONE',  ( -285.8556549163545810, 5.416358229831101490, -168.5088650666895091 ) ) ;
#1993 = AXIS2_PLACEMENT_3D ( 'NONE', #6736, #1061, #3859 ) ;
#1994 = CARTESIAN_POINT ( 'NONE',  ( -266.5820493853618132, 4.535687915297963002, 18.70665286012384954 ) ) ;
#1995 = CARTESIAN_POINT ( 'NONE',  ( -305.8275480452153943, 5.301471067487225852, 19.20178546511851536 ) ) ;
#1996 = ADVANCED_FACE ( 'NONE', ( #5912 ), #25, .F. ) ;
#1997 = LINE ( 'NONE', #5591, #348 ) ;
#1998 = CARTESIAN_POINT ( 'NONE',  ( -345.8653458581868563, 5.323809698952779002, 18.13052145899954226 ) ) ;
#1999 = CARTESIAN_POINT ( 'NONE',  ( -308.0061957420330714, 4.072590210801800836, 19.63248989901886787 ) ) ;
#2000 = AXIS2_PLACEMENT_3D ( 'NONE', #8237, #3709, #6681 ) ;
#2001 = ADVANCED_FACE ( 'NONE', ( #1885 ), #7217, .F. ) ;
#2002 = CARTESIAN_POINT ( 'NONE',  ( -426.8556549163546379, 3.625000000000000444, 19.70835166313716158 ) ) ;
#2003 = AXIS2_PLACEMENT_3D ( 'NONE', #3199, #6732, #3808 ) ;
#2004 = AXIS2_PLACEMENT_3D ( 'NONE', #9213, #8507, #5026 ) ;
#2005 = DIRECTION ( 'NONE',  ( 0.000000000000000000, 0.000000000000000000, 1.000000000000000000 ) ) ;
#2006 = CARTESIAN_POINT ( 'NONE',  ( -325.0209758056167857, 5.117512316921644988, 19.28003851050583251 ) ) ;
#2007 = DIRECTION ( 'NONE',  ( 0.000000000000000000, -0.000000000000000000, -1.000000000000000000 ) ) ;
#2008 = CARTESIAN_POINT ( 'NONE',  ( -287.9086614756249105, 3.992597862132107434, -170.1539954553384177 ) ) ;
#2009 = AXIS2_PLACEMENT_3D ( 'NONE', #5019, #7844, #2085 ) ;
#2010 = CARTESIAN_POINT ( 'NONE',  ( -387.8891740945095421, 6.023604503293553236, -169.2367371627385353 ) ) ;
#2011 = ORIENTED_EDGE ( 'NONE', *, *, #2597, .T. ) ;
#2012 = CARTESIAN_POINT ( 'NONE',  ( -365.8556549163545810, 5.445482461463257984, -168.4622289694927986 ) ) ;
#2013 = ORIENTED_EDGE ( 'NONE', *, *, #8584, .F. ) ;
#2014 = B_SPLINE_CURVE_WITH_KNOTS ( 'NONE', 3,
 ( #7738, #7356, #4385, #57, #147, #851, #3734, #6615, #937, #2294, #2246, #6480, #1506, #985, #1598, #3823 ),
 .UNSPECIFIED., .F., .F.,
 ( 4, 2, 2, 2, 2, 2, 2, 4 ),
 ( 0.000000000000000000, 0.0004712969428269022797, 0.0009425938856538045594, 0.001413890828480706026, 0.001885187771307607384, 0.002356484714134508742, 0.002827781656961410317, 0.003770375542615213033 ),
 .UNSPECIFIED. ) ;
#2015 = ORIENTED_EDGE ( 'NONE', *, *, #5169, .F. ) ;
#2016 = ADVANCED_FACE ( 'NONE', ( #3193 ), #628, .F. ) ;
#2017 = CARTESIAN_POINT ( 'NONE',  ( -407.4582074330554065, 4.692344901069301244, -170.0114884922991223 ) ) ;
#2018 = CARTESIAN_POINT ( 'NONE',  ( -444.8556549163562295, 3.750000000000000000, -148.8524320451088556 ) ) ;
#2019 = LINE ( 'NONE', #1330, #5256 ) ;
#2020 = CARTESIAN_POINT ( 'NONE',  ( -327.0081178026994166, 4.500000005119374258, 19.59811202264919316 ) ) ;
#2021 = VECTOR ( 'NONE', #6156, 1000.000000000000000 ) ;
#2022 = DIRECTION ( 'NONE',  ( 0.000000000000000000, 0.000000000000000000, 1.000000000000000000 ) ) ;
#2023 = ORIENTED_EDGE ( 'NONE', *, *, #4978, .F. ) ;
#2024 = AXIS2_PLACEMENT_3D ( 'NONE', #4560, #8083, #137 ) ;
#2025 = DIRECTION ( 'NONE',  ( 0.000000000000000000, 0.000000000000000000, -1.000000000000000000 ) ) ;
#2026 = CARTESIAN_POINT ( 'NONE',  ( -248.8556549163562579, 1.500000000000048184, -95.25243204510888972 ) ) ;
#2027 = ORIENTED_EDGE ( 'NONE', *, *, #3798, .T. ) ;
#2028 = ORIENTED_EDGE ( 'NONE', *, *, #1607, .F. ) ;
#2029 = DIRECTION ( 'NONE',  ( 0.000000000000000000, 0.000000000000000000, -1.000000000000000000 ) ) ;
#2030 = AXIS2_PLACEMENT_3D ( 'NONE', #3707, #6544, #8683 ) ;
#2031 = DIRECTION ( 'NONE',  ( 2.921639538487254261E-16, -0.000000000000000000, -1.000000000000000000 ) ) ;
#2032 = CYLINDRICAL_SURFACE ( 'NONE', #3140, 1.150000000000017231 ) ;
#2033 = AXIS2_PLACEMENT_3D ( 'NONE', #8046, #8095, #3168 ) ;
#2034 = CARTESIAN_POINT ( 'NONE',  ( -427.9084018391927202, 5.399915996862420187, -169.6511968241185571 ) ) ;
#2035 = ORIENTED_EDGE ( 'NONE', *, *, #4332, .F. ) ;
#2036 = DIRECTION ( 'NONE',  ( -1.000000000000000000, -0.000000000000000000, -0.000000000000000000 ) ) ;
#2037 = CARTESIAN_POINT ( 'NONE',  ( -344.8556549163546379, 3.000000000000000000, 14.74756795489106587 ) ) ;
#2038 = ORIENTED_EDGE ( 'NONE', *, *, #5569, .T. ) ;
#2039 = ADVANCED_FACE ( 'NONE', ( #1141, #5988 ), #6817, .T. ) ;
#2040 = CARTESIAN_POINT ( 'NONE',  ( -405.8285758049790388, 3.971882637441350283, -170.1577872574326591 ) ) ;
#2041 = LINE ( 'NONE', #6970, #3039 ) ;
#2042 = AXIS2_PLACEMENT_3D ( 'NONE', #6170, #4828, #3243 ) ;
#2043 = CARTESIAN_POINT ( 'NONE',  ( -366.3244986567764272, 4.645770204742692755, 19.52837394785128922 ) ) ;
#2044 = CARTESIAN_POINT ( 'NONE',  ( -285.9771489546598104, 5.002226165318922391, -168.9661219778111558 ) ) ;
#2045 = TOROIDAL_SURFACE ( 'NONE', #2926, 4.000000000000000000, 1.000000000000000000 ) ;
#2046 = CARTESIAN_POINT ( 'NONE',  ( -386.7031920299984904, 4.500000005122825719, -170.1029761128765472 ) ) ;
#2047 = CARTESIAN_POINT ( 'NONE',  ( -305.9383153597868272, 5.097004927023504273, 18.37354440211544571 ) ) ;
#2048 = LINE ( 'NONE', #1949, #4825 ) ;
#2049 = AXIS2_PLACEMENT_3D ( 'NONE', #7597, #2804, #5689 ) ;
#2050 = CARTESIAN_POINT ( 'NONE',  ( -347.3780496486144216, 4.643806473694053416, 18.66990609846163096 ) ) ;
#2051 = CARTESIAN_POINT ( 'NONE',  ( -442.8556549163562295, 3.750000000000000000, -155.3524320451088840 ) ) ;
#2052 = CARTESIAN_POINT ( 'NONE',  ( -246.8556549163562011, 2.645583445589533955, -97.17543583990941158 ) ) ;
#2053 = CIRCLE ( 'NONE', #1006, 1.000000000000000444 ) ;
#2054 = ADVANCED_FACE ( 'NONE', ( #8963 ), #5003, .F. ) ;
#2055 = AXIS2_PLACEMENT_3D ( 'NONE', #3623, #130, #5075 ) ;
#2056 = CARTESIAN_POINT ( 'NONE',  ( -385.8556549163546379, 6.124999999999977796, 18.65069170389007880 ) ) ;
#2057 = CARTESIAN_POINT ( 'NONE',  ( -405.8556549163545810, 6.124999999999976907, 18.65069170389007525 ) ) ;
#2058 = CARTESIAN_POINT ( 'NONE',  ( -425.0209758056168425, 5.117512316921691173, 19.28003851050579698 ) ) ;
#2059 = CARTESIAN_POINT ( 'NONE',  ( -287.5934564685708210, 4.807602833728974012, -169.9572802257344790 ) ) ;
#2060 = CARTESIAN_POINT ( 'NONE',  ( -387.1619787238171284, 4.544316436059742337, -170.0813781607695034 ) ) ;
#2061 = ORIENTED_EDGE ( 'NONE', *, *, #2927, .F. ) ;
#2062 = DIRECTION ( 'NONE',  ( 1.000000000000000000, 0.000000000000000000, 0.000000000000000000 ) ) ;
#2063 = ORIENTED_EDGE ( 'NONE', *, *, #7578, .T. ) ;
#2064 = ORIENTED_EDGE ( 'NONE', *, *, #5043, .T. ) ;
#2065 = CARTESIAN_POINT ( 'NONE',  ( -408.2359510929709359, 4.308023494658913322, -170.0800365345099578 ) ) ;
#2066 = DIRECTION ( 'NONE',  ( 0.000000000000000000, 0.000000000000000000, 1.000000000000000000 ) ) ;
#2067 = LINE ( 'NONE', #5512, #3771 ) ;
#2068 = CARTESIAN_POINT ( 'NONE',  ( -386.8556549163546379, 4.500000000000000888, 0.000000000000000000 ) ) ;
#2069 = CARTESIAN_POINT ( 'NONE',  ( -367.7458156832534542, 5.039695888600614460, 18.42452116067953938 ) ) ;
#2070 = EDGE_LOOP ( 'NONE', ( #6754, #7714, #2690, #3085 ) ) ;
#2071 = LINE ( 'NONE', #8298, #411 ) ;
#2072 = CARTESIAN_POINT ( 'NONE',  ( -365.3918877210924165, 4.413458803463324642, -170.0503618490929796 ) ) ;
#2073 = ORIENTED_EDGE ( 'NONE', *, *, #445, .F. ) ;
#2074 = EDGE_CURVE ( 'NONE', #9197, #4121, #6171, .T. ) ;
#2075 = VECTOR ( 'NONE', #174, 1000.000000000000000 ) ;
#2076 = ORIENTED_EDGE ( 'NONE', *, *, #2722, .T. ) ;
#2077 = CARTESIAN_POINT ( 'NONE',  ( -267.7729944729223348, 5.097004927023129461, -168.8784084923340174 ) ) ;
#2078 = CARTESIAN_POINT ( 'NONE',  ( -325.8796730116315530, 5.274488668813468450, -168.6905061599154863 ) ) ;
#2079 = CARTESIAN_POINT ( 'NONE',  ( -367.7729944729223348, 5.097004927023129461, -168.8784084923340174 ) ) ;
#2080 = DIRECTION ( 'NONE',  ( -2.921639538487254261E-16, 0.000000000000000000, 1.000000000000000000 ) ) ;
#2081 = VERTEX_POINT ( 'NONE', #6725 ) ;
#2082 = DIRECTION ( 'NONE',  ( -1.000000000000000000, -0.000000000000000000, -0.000000000000000000 ) ) ;
#2083 = CARTESIAN_POINT ( 'NONE',  ( -246.8556549163562579, 10.00000000000000000, -175.2524320451088897 ) ) ;
#2084 = EDGE_LOOP ( 'NONE', ( #4373, #4451, #7504, #4343 ) ) ;
#2085 = DIRECTION ( 'NONE',  ( 0.000000000000000000, 0.6249999999999882316, 0.7806247497998093365 ) ) ;
#2086 = CARTESIAN_POINT ( 'NONE',  ( -406.9954955678717283, 3.625000007438516914, -170.2132157524178524 ) ) ;
#2087 = DIRECTION ( 'NONE',  ( 0.000000000000000000, 1.593777193553690256E-14, 1.000000000000000000 ) ) ;
#2088 = ADVANCED_FACE ( 'NONE', ( #2821, #675 ), #8350, .T. ) ;
#2089 = CARTESIAN_POINT ( 'NONE',  ( -264.8556549163546379, 6.124999999999971578, 18.65069170389009656 ) ) ;
#2090 = CARTESIAN_POINT ( 'NONE',  ( -306.3887548692464406, 4.613001498401151146, 18.68153728724994522 ) ) ;
#2091 = CARTESIAN_POINT ( 'NONE',  ( -328.8556549163545810, 6.124999999999944933, 18.65069170389011077 ) ) ;
#2092 = CARTESIAN_POINT ( 'NONE',  ( -347.8556549163545810, 5.416358229831100601, 18.00400097647164088 ) ) ;
#2093 = CARTESIAN_POINT ( 'NONE',  ( -250.8556549163562011, 1.000000000000000000, 20.74756795489111028 ) ) ;
#2094 = DIRECTION ( 'NONE',  ( 1.000000000000000000, 0.000000000000000000, 0.000000000000000000 ) ) ;
#2095 =( BOUNDED_SURFACE ( )  B_SPLINE_SURFACE ( 3, 2, ( 
 ( #5536, #2650, #6136 ),
 ( #5493, #6281, #9166 ),
 ( #4181, #2742, #1902 ),
 ( #5587, #1947, #1994 ),
 ( #4142, #6974, #4694 ),
 ( #4897, #1352, #3486 ),
 ( #7017, #644, #6326 ),
 ( #2789, #5639, #7522 ),
 ( #1157, #3997, #3299 ),
 ( #8977, #2599, #5444 ),
 ( #4747, #690, #3577 ),
 ( #4979, #6374, #4319 ),
 ( #7848, #8604, #1485 ),
 ( #6456, #2130, #7062 ),
 ( #7147, #5816, #3531 ),
 ( #8649, #1393, #5071 ),
 ( #7801, #5025, #5720 ),
 ( #2089, #775, #4939 ) ),
 .UNSPECIFIED., .F., .F., .F. ) 
 B_SPLINE_SURFACE_WITH_KNOTS ( ( 4, 2, 2, 2, 2, 2, 2, 2, 4 ),
 ( 3, 3 ),
 ( 0.001323912745242680506, 0.001737514085360032960, 0.002151115425477385414, 0.002564716765594737651, 0.002978318105712089887, 0.003391919445829442124, 0.003805520785946794361, 0.004219122126064146598, 0.004632723466181498835 ),
 ( 0.000000000000000000, 1.000000000000000000 ),
 .UNSPECIFIED. ) 
 GEOMETRIC_REPRESENTATION_ITEM ( )  RATIONAL_B_SPLINE_SURFACE ( (
 ( 1.000000000000000000, 0.7499999999999998890, 1.000000000000000000),
 ( 1.000000000000000000, 0.7499939426360173744, 1.000000000000000000),
 ( 1.000000000000000000, 0.7509329894123200067, 1.000000000000000000),
 ( 1.000000000000000000, 0.7542720948101535594, 1.000000000000000000),
 ( 1.000000000000000000, 0.7567167381700099504, 1.000000000000000000),
 ( 1.000000000000000000, 0.7620345134622255046, 1.000000000000000000),
 ( 1.000000000000000000, 0.7649009816754456237, 1.000000000000000000),
 ( 1.000000000000000000, 0.7698131873218801990, 1.000000000000000000),
 ( 1.000000000000000000, 0.7718027581247290936, 1.000000000000000000),
 ( 1.000000000000000000, 0.7734778044115846463, 1.000000000000000000),
 ( 1.000000000000000000, 0.7731701811038703687, 1.000000000000000000),
 ( 1.000000000000000000, 0.7692320002427167625, 1.000000000000000000),
 ( 1.000000000000000000, 0.7656548337055338882, 1.000000000000000000),
 ( 1.000000000000000000, 0.7548043090983397319, 1.000000000000000000),
 ( 1.000000000000000000, 0.7474974637465856553, 1.000000000000000000),
 ( 1.000000000000000000, 0.7297066597614938477, 1.000000000000000000),
 ( 1.000000000000000000, 0.7191618347197423766, 1.000000000000000000),
 ( 1.000000000000000000, 0.7071067811865500152, 1.000000000000000000) ) ) 
 REPRESENTATION_ITEM ( '' )  SURFACE ( )  );
#2096 = CARTESIAN_POINT ( 'NONE',  ( -256.8556549163562295, 8.000000000000000000, -165.2524320451089181 ) ) ;
#2097 = CARTESIAN_POINT ( 'NONE',  ( -325.8601021806587141, 5.389166282607561698, 18.03814980593134365 ) ) ;
#2098 = CARTESIAN_POINT ( 'NONE',  ( -424.8556549052799483, 5.988627236848580004, 18.75987729785373048 ) ) ;
#2099 = CARTESIAN_POINT ( 'NONE',  ( -307.8512249444161739, 5.389381927037760533, 18.03784105003430938 ) ) ;
#2100 = EDGE_CURVE ( 'NONE', #4922, #7872, #7508, .T. ) ;
#2101 = DIRECTION ( 'NONE',  ( -1.000000000000000000, -0.000000000000000000, -0.000000000000000000 ) ) ;
#2102 = CARTESIAN_POINT ( 'NONE',  ( -386.8556549163546947, 4.500000000000000888, -170.1029761153939717 ) ) ;
#2103 = EDGE_LOOP ( 'NONE', ( #7755, #8846 ) ) ;
#2104 = CARTESIAN_POINT ( 'NONE',  ( -406.8556549163546379, 3.625000000000000888, 19.70835166313716158 ) ) ;
#2105 = VERTEX_POINT ( 'NONE', #7047 ) ;
#2106 = VERTEX_POINT ( 'NONE', #7789 ) ;
#2107 = CARTESIAN_POINT ( 'NONE',  ( -408.8467603921963018, 5.847915706122385870, -169.3656593597661981 ) ) ;
#2108 = DIRECTION ( 'NONE',  ( -0.000000000000000000, -0.000000000000000000, 1.000000000000000000 ) ) ;
#2109 = CARTESIAN_POINT ( 'NONE',  ( -346.1178533641382842, 4.807602833728543246, 19.45241613552015991 ) ) ;
#2110 = DIRECTION ( 'NONE',  ( 0.000000000000000000, 0.7806247497998088924, -0.6249999999999886757 ) ) ;
#2111 = CARTESIAN_POINT ( 'NONE',  ( -367.1644673079258610, 4.534290388698803298, 19.58102888318726187 ) ) ;
#2112 = EDGE_CURVE ( 'NONE', #2105, #3991, #3474, .T. ) ;
#2113 = CARTESIAN_POINT ( 'NONE',  ( -444.8556549163562295, 0.000000000000000000, -82.25243204510888972 ) ) ;
#2114 = ORIENTED_EDGE ( 'NONE', *, *, #1285, .F. ) ;
#2115 = EDGE_CURVE ( 'NONE', #907, #6723, #4396, .T. ) ;
#2116 = ORIENTED_EDGE ( 'NONE', *, *, #2537, .F. ) ;
#2117 = PLANE ( 'NONE',  #7640 ) ;
#2118 = CARTESIAN_POINT ( 'NONE',  ( -325.2916704473142318, 4.557655364776424634, -170.0053841917504371 ) ) ;
#2119 = CIRCLE ( 'NONE', #5987, 2.099999999999990763 ) ;
#2120 = CARTESIAN_POINT ( 'NONE',  ( -368.8467603921963018, 5.847915706122385870, -169.3656593597661981 ) ) ;
#2121 = CARTESIAN_POINT ( 'NONE',  ( -427.8837617874938246, 5.301471067487164568, -169.7066495553370942 ) ) ;
#2122 = ORIENTED_EDGE ( 'NONE', *, *, #498, .F. ) ;
#2123 = DIRECTION ( 'NONE',  ( 0.000000000000000000, 0.000000000000000000, 1.000000000000000000 ) ) ;
#2124 = EDGE_CURVE ( 'NONE', #4926, #1164, #6187, .T. ) ;
#2125 = DIRECTION ( 'NONE',  ( -1.000000000000000000, 0.000000000000000000, 0.000000000000000000 ) ) ;
#2126 = ORIENTED_EDGE ( 'NONE', *, *, #9172, .T. ) ;
#2127 = CARTESIAN_POINT ( 'NONE',  ( -328.8556549163545810, 8.000000000000000000, 14.74756795489106764 ) ) ;
#2128 = CARTESIAN_POINT ( 'NONE',  ( -365.2930420790493713, 4.555586803579904753, 19.50118134527027536 ) ) ;
#2129 = DIRECTION ( 'NONE',  ( 1.000000000000000000, 0.000000000000000000, 0.000000000000000000 ) ) ;
#2130 = CARTESIAN_POINT ( 'NONE',  ( -265.7771935235824685, 5.603816879089068337, 19.02313073663714960 ) ) ;
#2131 = ADVANCED_FACE ( 'NONE', ( #7708 ), #5742, .F. ) ;
#2132 = DIRECTION ( 'NONE',  ( 0.000000000000000000, 0.000000000000000000, 1.000000000000000000 ) ) ;
#2133 = B_SPLINE_CURVE_WITH_KNOTS ( 'NONE', 3,
 ( #2777, #724, #24, #2862, #7369, #8058, #1562, #8637, #949, #3655, #2306, #2260, #6673, #3702, #997, #4536 ),
 .UNSPECIFIED., .F., .F.,
 ( 4, 2, 2, 2, 2, 2, 2, 4 ),
 ( 0.000000000000000000, 0.0009498534235542425291, 0.001424780135331366396, 0.001899706847108490046, 0.002374633558885613695, 0.002849560270662737562, 0.003324486982439861429, 0.003799413694216985295 ),
 .UNSPECIFIED. ) ;
#2134 = FACE_OUTER_BOUND ( 'NONE', #3954, .T. ) ;
#2135 = VECTOR ( 'NONE', #8028, 1000.000000000000000 ) ;
#2136 = CARTESIAN_POINT ( 'NONE',  ( -444.8556549163562295, 3.750000000000000000, -78.50243204510888972 ) ) ;
#2137 = PLANE ( 'NONE',  #4678 ) ;
#2138 = CARTESIAN_POINT ( 'NONE',  ( -428.6731556672306738, 5.070576912793776536, 19.30101307683661105 ) ) ;
#2139 = VECTOR ( 'NONE', #103, 1000.000000000000000 ) ;
#2140 = DIRECTION ( 'NONE',  ( 0.000000000000000000, 0.000000000000000000, -1.000000000000000000 ) ) ;
#2141 = CARTESIAN_POINT ( 'NONE',  ( -325.8952274193842413, 5.214525108020450439, 18.25415316029435431 ) ) ;
#2142 = CARTESIAN_POINT ( 'NONE',  ( -425.5786175973169065, 4.193287934494549063, 19.60417564810641622 ) ) ;
#2143 = CIRCLE ( 'NONE', #1413, 1.000000000000000888 ) ;
#2144 = CARTESIAN_POINT ( 'NONE',  ( -308.8467949769759002, 5.848454817159480790, 18.86040932463386000 ) ) ;
#2145 = CARTESIAN_POINT ( 'NONE',  ( -324.8556549163545810, 8.000000000000000000, -9.491111257047928947E-14 ) ) ;
#2146 = CARTESIAN_POINT ( 'NONE',  ( -288.0061957420330714, 4.072590210801799060, 19.63248989901887143 ) ) ;
#2147 = ORIENTED_EDGE ( 'NONE', *, *, #4646, .F. ) ;
#2148 = CARTESIAN_POINT ( 'NONE',  ( -267.8459639745224763, 5.323809698952789660, -168.6353855492173466 ) ) ;
#2149 = VERTEX_POINT ( 'NONE', #2392 ) ;
#2150 = ADVANCED_FACE ( 'NONE', ( #6490 ), #3700, .T. ) ;
#2151 = AXIS2_PLACEMENT_3D ( 'NONE', #7059, #5069, #1483 ) ;
#2152 = ORIENTED_EDGE ( 'NONE', *, *, #2302, .T. ) ;
#2153 = EDGE_CURVE ( 'NONE', #4612, #1174, #1436, .T. ) ;
#2154 = CIRCLE ( 'NONE', #4831, 2.000000000000001776 ) ;
#2155 = DIRECTION ( 'NONE',  ( -1.000000000000000000, 0.000000000000000000, -1.278217298088173739E-16 ) ) ;
#2156 = CARTESIAN_POINT ( 'NONE',  ( -345.9657398064161384, 5.039146740864993035, 18.42502082235899152 ) ) ;
#2157 = CARTESIAN_POINT ( 'NONE',  ( -326.8556549163546379, 3.625000000000000444, 19.70835166313717579 ) ) ;
#2158 = CARTESIAN_POINT ( 'NONE',  ( -327.1656252369824642, 4.546024630548740397, -169.2085473060919298 ) ) ;
#2159 = CARTESIAN_POINT ( 'NONE',  ( -246.8556549163562011, 4.707612277637503340, -93.60818601311386544 ) ) ;
#2160 = B_SPLINE_CURVE_WITH_KNOTS ( 'NONE', 3,
 ( #8117, #256, #4548, #2453, #5206, #2364, #7384, #7461, #4502, #918, #6592, #2500, #1757, #3148, #5250, #1623 ),
 .UNSPECIFIED., .F., .F.,
 ( 4, 2, 2, 2, 2, 2, 2, 4 ),
 ( 0.000000000000000000, 0.0004712969428269019544, 0.0009425938856538039088, 0.001413890828480704942, 0.001885187771307606083, 0.002356484714134507007, 0.002827781656961408149, 0.003770375542615210431 ),
 .UNSPECIFIED. ) ;
#2161 = VERTEX_POINT ( 'NONE', #6538 ) ;
#2162 = ORIENTED_EDGE ( 'NONE', *, *, #6013, .F. ) ;
#2163 = EDGE_CURVE ( 'NONE', #6991, #3477, #3807, .T. ) ;
#2164 = CARTESIAN_POINT ( 'NONE',  ( -267.8315431898163865, 5.274054342412577867, -168.6910333621777056 ) ) ;
#2165 = CARTESIAN_POINT ( 'NONE',  ( -348.8556549163546379, 5.499999999999956479, 17.87006695409029788 ) ) ;
#2166 = CARTESIAN_POINT ( 'NONE',  ( -367.7651547829831884, 5.029006227350913072, -169.8499098049626070 ) ) ;
#2167 = CARTESIAN_POINT ( 'NONE',  ( -326.7760857499093277, 4.500000000000000888, 18.71619492148795771 ) ) ;
#2168 = ORIENTED_EDGE ( 'NONE', *, *, #5885, .F. ) ;
#2169 = CARTESIAN_POINT ( 'NONE',  ( -286.1089121559483033, 4.799337897232283545, -169.9625529789191489 ) ) ;
#2170 = DIRECTION ( 'NONE',  ( 0.000000000000000000, 0.000000000000000000, 1.000000000000000000 ) ) ;
#2171 = CARTESIAN_POINT ( 'NONE',  ( -367.8832556423643609, 3.972307589721717935, -170.1577011716906611 ) ) ;
#2172 = EDGE_LOOP ( 'NONE', ( #1003, #3107, #4345, #3143 ) ) ;
#2173 = CARTESIAN_POINT ( 'NONE',  ( -404.8556549163545810, 6.124999999999951150, -169.1555557941079542 ) ) ;
#2174 = AXIS2_PLACEMENT_3D ( 'NONE', #9190, #8337, #7591 ) ;
#2175 = VECTOR ( 'NONE', #2999, 1000.000000000000000 ) ;
#2176 = CARTESIAN_POINT ( 'NONE',  ( -407.4028659782060231, 3.714219789345969858, -170.2012881788659513 ) ) ;
#2177 = CARTESIAN_POINT ( 'NONE',  ( -246.8556549163562579, 2.548962873034790189, -55.06608183551458069 ) ) ;
#2178 = AXIS2_PLACEMENT_3D ( 'NONE', #4617, #4574, #5323 ) ;
#2179 = CARTESIAN_POINT ( 'NONE',  ( -425.7771466374493912, 5.604658406168565143, -169.5274669064402815 ) ) ;
#2180 = DIRECTION ( 'NONE',  ( -1.000000000000000000, 0.000000000000000000, 0.000000000000000000 ) ) ;
#2181 = CARTESIAN_POINT ( 'NONE',  ( -368.8556549163546379, 3.000000000000000000, 14.74756795489106231 ) ) ;
#2182 = CARTESIAN_POINT ( 'NONE',  ( -325.9258535707913893, 5.116383170996373408, -168.8654494467709242 ) ) ;
#2183 = DIRECTION ( 'NONE',  ( 0.000000000000000000, -1.000000000000000000, 0.000000000000000000 ) ) ;
#2184 = CIRCLE ( 'NONE', #9175, 5.000000000000004441 ) ;
#2185 = CARTESIAN_POINT ( 'NONE',  ( -327.5369268556092948, 3.768189216954908272, -170.1935733750994757 ) ) ;
#2186 = EDGE_CURVE ( 'NONE', #4724, #2251, #154, .T. ) ;
#2187 = VECTOR ( 'NONE', #48, 1000.000000000000000 ) ;
#2188 = LINE ( 'NONE', #7115, #6527 ) ;
#2189 = CARTESIAN_POINT ( 'NONE',  ( -445.8556549163562863, 1.199999999999999956, -160.2524320451088897 ) ) ;
#2190 = CARTESIAN_POINT ( 'NONE',  ( -425.9461550497260873, 5.029006227352849301, 19.34504571474586143 ) ) ;
#2191 = CARTESIAN_POINT ( 'NONE',  ( -307.7731559061448365, 5.097364476297920888, 18.37321371862614328 ) ) ;
#2192 = LINE ( 'NONE', #976, #5469 ) ;
#2193 = CARTESIAN_POINT ( 'NONE',  ( -267.8556549163546379, 5.499999999999992895, 17.87006695409028723 ) ) ;
#2194 = EDGE_LOOP ( 'NONE', ( #7607, #4336, #7480, #1468 ) ) ;
#2195 = CIRCLE ( 'NONE', #111, 2.099999999999990763 ) ;
#2196 = CARTESIAN_POINT ( 'NONE',  ( -365.2102072305102070, 4.694546530222388547, -169.9589287182462556 ) ) ;
#2197 = VERTEX_POINT ( 'NONE', #5842 ) ;
#2198 = VECTOR ( 'NONE', #840, 1000.000000000000000 ) ;
#2199 = DIRECTION ( 'NONE',  ( -1.000000000000000000, 0.000000000000000000, 0.000000000000000000 ) ) ;
#2200 = AXIS2_PLACEMENT_3D ( 'NONE', #3379, #8444, #1377 ) ;
#2201 = FACE_OUTER_BOUND ( 'NONE', #8767, .T. ) ;
#2202 = EDGE_CURVE ( 'NONE', #5381, #2106, #7968, .T. ) ;
#2203 = DIRECTION ( 'NONE',  ( 0.000000000000000000, 0.6249999999999882316, 0.7806247497998093365 ) ) ;
#2204 = CARTESIAN_POINT ( 'NONE',  ( -1.885059646467264690E-15, 8.000000000000000000, 14.74756795489110850 ) ) ;
#2205 = DIRECTION ( 'NONE',  ( -2.921639538487254261E-16, 0.000000000000000000, 1.000000000000000000 ) ) ;
#2206 = CARTESIAN_POINT ( 'NONE',  ( -246.8556549163562579, 4.261609374137615980, -96.59939970173194013 ) ) ;
#2207 = PRODUCT_CONTEXT ( 'NONE', #6487, 'mechanical' ) ;
#2208 = EDGE_LOOP ( 'NONE', ( #286, #5789, #1735, #8457 ) ) ;
#2209 = APPLICATION_CONTEXT ( 'automotive_design' ) ;
#2210 = EDGE_LOOP ( 'NONE', ( #1067, #7158, #292, #4012 ) ) ;
#2211 = CARTESIAN_POINT ( 'NONE',  ( -267.8556549163546379, 5.445450499394082655, -168.4622801552192470 ) ) ;
#2212 = CARTESIAN_POINT ( 'NONE',  ( -405.5659239360486481, 4.184638865665688989, -170.1169986375894894 ) ) ;
#2213 = CARTESIAN_POINT ( 'NONE',  ( -367.8512076520506184, 5.389166282607971148, -168.5430138961477553 ) ) ;
#2214 = CARTESIAN_POINT ( 'NONE',  ( -327.0145012863555962, 4.500000000000000888, 18.71619492148795416 ) ) ;
#2215 = ORIENTED_EDGE ( 'NONE', *, *, #608, .T. ) ;
#2216 = CARTESIAN_POINT ( 'NONE',  ( -284.9345099126421701, 5.412504818266355322, -169.6350144964297044 ) ) ;
#2217 = CARTESIAN_POINT ( 'NONE',  ( -285.8556549163546379, 6.124999999999977796, 18.65069170389008946 ) ) ;
#2218 = CIRCLE ( 'NONE', #1024, 1.000000000000000888 ) ;
#2219 = EDGE_CURVE ( 'NONE', #4784, #8482, #764, .T. ) ;
#2220 = DIRECTION ( 'NONE',  ( 0.000000000000000000, 0.000000000000000000, 1.000000000000000000 ) ) ;
#2221 = ORIENTED_EDGE ( 'NONE', *, *, #3079, .T. ) ;
#2222 = CARTESIAN_POINT ( 'NONE',  ( -364.8556549163545810, 3.000000000000000000, -165.2524320451089181 ) ) ;
#2223 = CARTESIAN_POINT ( 'NONE',  ( -365.5786175973169065, 4.193287934494549063, 19.60417564810642332 ) ) ;
#2224 = CARTESIAN_POINT ( 'NONE',  ( -248.7863663091167155, 1.736736016842147290, -55.25243204510888972 ) ) ;
#2225 = CARTESIAN_POINT ( 'NONE',  ( -348.8556549163546379, 3.000000000000000000, -165.2524320451089181 ) ) ;
#2226 = CARTESIAN_POINT ( 'NONE',  ( -425.9654941494569584, 5.039695888598653362, -168.9293852508969280 ) ) ;
#2227 = CARTESIAN_POINT ( 'NONE',  ( -327.4735974467516826, 3.739460732190676318, -170.1976603761552838 ) ) ;
#2228 = CARTESIAN_POINT ( 'NONE',  ( -268.3192064024752312, 4.413286528475440562, -170.0503831160281436 ) ) ;
#2229 = LINE ( 'NONE', #6554, #2942 ) ;
#2230 = DIRECTION ( 'NONE',  ( 1.000000000000000000, 0.000000000000000000, 0.000000000000000000 ) ) ;
#2231 =( BOUNDED_SURFACE ( )  B_SPLINE_SURFACE ( 3, 2, ( 
 ( #4143, #8978, #1948 ),
 ( #2600, #9077, #4940 ),
 ( #1158, #6975, #602 ),
 ( #4094, #3998, #4795 ),
 ( #3445, #3349, #455 ),
 ( #8463, #2699, #2090 ),
 ( #8415, #6327, #6282 ),
 ( #1203, #4043, #8268 ),
 ( #9120, #5537, #6925 ),
 ( #6184, #4183, #1903 ),
 ( #9167, #8363, #6831 ),
 ( #5494, #1995, #3300 ),
 ( #6876, #2743, #2047 ),
 ( #5588, #502, #9027 ),
 ( #7618, #2652, #8319 ),
 ( #1251, #553, #7721 ),
 ( #3401, #4898, #1353 ),
 ( #7018, #645, #3487 ) ),
 .UNSPECIFIED., .F., .F., .T. ) 
 B_SPLINE_SURFACE_WITH_KNOTS ( ( 4, 2, 2, 2, 2, 2, 2, 2, 4 ),
 ( 3, 3 ),
 ( 0.001323912745242680506, 0.001737514085360032526, 0.002151115425477384546, 0.002564716765594736783, 0.002978318105712089020, 0.003391919445829441257, 0.003805520785946793494, 0.004219122126064145731, 0.004632723466181497968 ),
 ( 0.000000000000000000, 1.000000000000000000 ),
 .UNSPECIFIED. ) 
 GEOMETRIC_REPRESENTATION_ITEM ( )  RATIONAL_B_SPLINE_SURFACE ( (
 ( 1.000000000000000000, 0.7499999999999998890, 1.000000000000000000),
 ( 1.000000000000000000, 0.7499939426360111572, 1.000000000000000000),
 ( 1.000000000000000000, 0.7509329894123278892, 1.000000000000000000),
 ( 1.000000000000000000, 0.7542720948101461209, 1.000000000000000000),
 ( 1.000000000000000000, 0.7567167381700021789, 1.000000000000000000),
 ( 1.000000000000000000, 0.7620345134622330541, 1.000000000000000000),
 ( 1.000000000000000000, 0.7649009816754456237, 1.000000000000000000),
 ( 1.000000000000000000, 0.7698131873218801990, 1.000000000000000000),
 ( 1.000000000000000000, 0.7718027581247290936, 1.000000000000000000),
 ( 1.000000000000000000, 0.7734778044115846463, 1.000000000000000000),
 ( 1.000000000000000000, 0.7731701811038549366, 1.000000000000000000),
 ( 1.000000000000000000, 0.7692320002427321946, 1.000000000000000000),
 ( 1.000000000000000000, 0.7656548337055338882, 1.000000000000000000),
 ( 1.000000000000000000, 0.7548043090983397319, 1.000000000000000000),
 ( 1.000000000000000000, 0.7474974637465858773, 1.000000000000000000),
 ( 1.000000000000000000, 0.7297066597614940697, 1.000000000000000000),
 ( 1.000000000000000000, 0.7191618347197427097, 1.000000000000000000),
 ( 1.000000000000000000, 0.7071067811865503483, 1.000000000000000000) ) ) 
 REPRESENTATION_ITEM ( '' )  SURFACE ( )  );
#2232 = CARTESIAN_POINT ( 'NONE',  ( -327.7894550112946490, 3.907503744616715124, -170.1698937144555259 ) ) ;
#2233 = CARTESIAN_POINT ( 'NONE',  ( -365.8556549163546379, 7.000000000000000000, 14.74756795489106231 ) ) ;
#2234 = DIRECTION ( 'NONE',  ( 0.000000000000000000, 0.000000000000000000, -1.000000000000000000 ) ) ;
#2235 = CARTESIAN_POINT ( 'NONE',  ( -287.8316368210776091, 5.274488668812952419, 18.18564206969833208 ) ) ;
#2236 = ADVANCED_FACE ( 'NONE', ( #2304 ), #4852, .F. ) ;
#2237 = CARTESIAN_POINT ( 'NONE',  ( -307.8131617712273851, 5.118084154113458517, 19.30004661927858223 ) ) ;
#2238 = ORIENTED_EDGE ( 'NONE', *, *, #461, .T. ) ;
#2239 = CARTESIAN_POINT ( 'NONE',  ( -444.8556549163562295, 3.750000000000000000, -150.0024320451088897 ) ) ;
#2240 = CARTESIAN_POINT ( 'NONE',  ( -288.4866328959735711, 4.668696823349396396, 19.46280359108044067 ) ) ;
#2241 = VERTEX_POINT ( 'NONE', #8291 ) ;
#2242 = CARTESIAN_POINT ( 'NONE',  ( -365.9453488993551105, 5.030307165847945683, -169.8492616367356334 ) ) ;
#2243 = ORIENTED_EDGE ( 'NONE', *, *, #1359, .T. ) ;
#2244 = CARTESIAN_POINT ( 'NONE',  ( -384.8556549163545810, 3.000000000000000000, -165.2524320451089181 ) ) ;
#2245 = CARTESIAN_POINT ( 'NONE',  ( -445.8556549163562863, 7.000000000000000000, -4.252432045108889724 ) ) ;
#2246 = CARTESIAN_POINT ( 'NONE',  ( -268.5572270252097269, 4.802408741466615005, 19.41366632066188913 ) ) ;
#2247 = CARTESIAN_POINT ( 'NONE',  ( -266.0329310716495570, 4.927818611583308694, -169.0176293865097534 ) ) ;
#2248 = EDGE_CURVE ( 'NONE', #143, #8430, #7546, .T. ) ;
#2249 = CARTESIAN_POINT ( 'NONE',  ( -327.5578475515900436, 4.784051302019447505, -169.1084858473784038 ) ) ;
#2250 = CARTESIAN_POINT ( 'NONE',  ( -246.8556549163562295, 2.548638551850602063, -95.43884446440389979 ) ) ;
#2251 = VERTEX_POINT ( 'NONE', #1783 ) ;
#2252 = APPLICATION_PROTOCOL_DEFINITION ( 'draft international standard', 'automotive_design', 1998, #2209 ) ;
#2253 = ORIENTED_EDGE ( 'NONE', *, *, #4234, .T. ) ;
#2254 = AXIS2_PLACEMENT_3D ( 'NONE', #332, #2437, #4449 ) ;
#2255 = ADVANCED_FACE ( 'NONE', ( #994 ), #7448, .F. ) ;
#2256 = ORIENTED_EDGE ( 'NONE', *, *, #3370, .T. ) ;
#2257 = CARTESIAN_POINT ( 'NONE',  ( -248.2939413125239412, 3.837900959648215871, -56.04033910506986871 ) ) ;
#2258 = CARTESIAN_POINT ( 'NONE',  ( -406.7031920300042884, 4.500000005122825719, -170.1029761128765472 ) ) ;
#2259 = CARTESIAN_POINT ( 'NONE',  ( -368.4182677536560959, 4.555586803580517596, -170.0060454354879482 ) ) ;
#2260 = CARTESIAN_POINT ( 'NONE',  ( -386.0919478697440468, 3.807091139239946465, 19.68271244580379076 ) ) ;
#2261 = ORIENTED_EDGE ( 'NONE', *, *, #2527, .F. ) ;
#2262 = CARTESIAN_POINT ( 'NONE',  ( -444.8556549163562295, 3.750000000000000000, -155.3524320451088840 ) ) ;
#2263 = CARTESIAN_POINT ( 'NONE',  ( -286.0743484983212852, 4.872234721370890753, 18.55045866297568224 ) ) ;
#2264 = CARTESIAN_POINT ( 'NONE',  ( -387.1656252369825779, 4.546024630548740397, -169.2085473060919298 ) ) ;
#2265 = VERTEX_POINT ( 'NONE', #6670 ) ;
#2266 = CARTESIAN_POINT ( 'NONE',  ( -246.8556549163562579, 0.000000000000000000, -175.2524320451088897 ) ) ;
#2267 = ADVANCED_FACE ( 'NONE', ( #3177 ), #5416, .T. ) ;
#2268 = VERTEX_POINT ( 'NONE', #3227 ) ;
#2269 = CARTESIAN_POINT ( 'NONE',  ( -248.4765051318301801, 2.826010320395372144, -55.39647636325771884 ) ) ;
#2270 = EDGE_CURVE ( 'NONE', #8160, #7045, #8860, .T. ) ;
#2271 = CARTESIAN_POINT ( 'NONE',  ( -324.8556549163545810, 6.124999999999945821, 18.65069170389011077 ) ) ;
#2272 = CARTESIAN_POINT ( 'NONE',  ( -424.8556549104655460, 5.988703185082902003, -169.2646805808188617 ) ) ;
#2273 = LINE ( 'NONE', #5817, #8576 ) ;
#2274 = CARTESIAN_POINT ( 'NONE',  ( -325.8556549163545242, 5.500000000000000888, -168.3749310443081413 ) ) ;
#2275 = PLANE ( 'NONE',  #1848 ) ;
#2276 = CARTESIAN_POINT ( 'NONE',  ( -327.9346251257288714, 5.710072106083486254, -169.4595015101596402 ) ) ;
#2277 = EDGE_CURVE ( 'NONE', #2721, #1855, #6803, .T. ) ;
#2278 = CARTESIAN_POINT ( 'NONE',  ( -408.8074314588282050, 5.560135856428987999, -169.5506836905861405 ) ) ;
#2279 = FACE_OUTER_BOUND ( 'NONE', #4198, .T. ) ;
#2280 = CARTESIAN_POINT ( 'NONE',  ( -344.8843007671161445, 5.615024101080729579, -169.5252283557554449 ) ) ;
#2281 = CARTESIAN_POINT ( 'NONE',  ( -251.8556549163562579, 0.000000000000000000, -175.2524320451088897 ) ) ;
#2282 = CARTESIAN_POINT ( 'NONE',  ( -442.8556549163562295, 3.750000000000000000, -79.65243204510889541 ) ) ;
#2283 = ORIENTED_EDGE ( 'NONE', *, *, #3757, .F. ) ;
#2284 =( BOUNDED_SURFACE ( )  B_SPLINE_SURFACE ( 3, 2, ( 
 ( #7298, #3110, #214 ),
 ( #3759, #3153, #5165 ),
 ( #2459, #5210, #1715 ),
 ( #5951, #5302, #1762 ),
 ( #6044, #8788, #8031 ),
 ( #4604, #7428, #1056 ),
 ( #3894, #352, #2507 ),
 ( #7340, #8170, #1803 ),
 ( #7468, #1098, #3941 ),
 ( #3394, #545, #6091 ),
 ( #3992, #4790, #1989 ),
 ( #596, #4135, #7568 ),
 ( #6229, #4892, #1198 ),
 ( #6825, #406, #9072 ) ),
 .UNSPECIFIED., .F., .F., .F. ) 
 B_SPLINE_SURFACE_WITH_KNOTS ( ( 4, 2, 2, 2, 2, 2, 4 ),
 ( 3, 3 ),
 ( 0.001015998582458477011, 0.001428449273944988693, 0.001840899965431500593, 0.002253350656918012493, 0.002665801348404524176, 0.003490702731377547975, 0.004315604114350571341 ),
 ( 0.000000000000000000, 1.000000000000000000 ),
 .UNSPECIFIED. ) 
 GEOMETRIC_REPRESENTATION_ITEM ( )  RATIONAL_B_SPLINE_SURFACE ( (
 ( 1.000000000000000000, 0.7071067811865492381, 1.000000000000000000),
 ( 1.000000000000000000, 0.7191539465619883886, 1.000000000000000000),
 ( 1.000000000000000000, 0.7296663882557381520, 1.000000000000000000),
 ( 1.000000000000000000, 0.7474372416598500379, 1.000000000000000000),
 ( 1.000000000000000000, 0.7547518899039892259, 1.000000000000000000),
 ( 1.000000000000000000, 0.7656299723738763108, 1.000000000000000000),
 ( 1.000000000000000000, 0.7691951883262786449, 1.000000000000000000),
 ( 1.000000000000000000, 0.7731396846999130101, 1.000000000000000000),
 ( 1.000000000000000000, 0.7734820014414897082, 1.000000000000000000),
 ( 1.000000000000000000, 0.7709873420227232321, 1.000000000000000000),
 ( 1.000000000000000000, 0.7646994115826273308, 1.000000000000000000),
 ( 1.000000000000000000, 0.7540697026766329802, 1.000000000000000000),
 ( 1.000000000000000000, 0.7498104614823554170, 1.000000000000000000),
 ( 1.000000000000000000, 0.7499999999999998890, 1.000000000000000000) ) ) 
 REPRESENTATION_ITEM ( '' )  SURFACE ( )  );
#2285 = CARTESIAN_POINT ( 'NONE',  ( -287.0150539045997675, 3.624999999999968914, -170.2132157533550298 ) ) ;
#2286 = EDGE_CURVE ( 'NONE', #3087, #8950, #8999, .T. ) ;
#2287 = CARTESIAN_POINT ( 'NONE',  ( -268.6906568940714237, 5.118411189682833928, 19.27962515578897396 ) ) ;
#2288 = ORIENTED_EDGE ( 'NONE', *, *, #6478, .F. ) ;
#2289 = CIRCLE ( 'NONE', #3169, 2.000000000000001776 ) ;
#2290 = CARTESIAN_POINT ( 'NONE',  ( -365.8981480614780253, 5.118084154113605955, -169.8049107095002626 ) ) ;
#2291 = ORIENTED_EDGE ( 'NONE', *, *, #7560, .F. ) ;
#2292 = FACE_OUTER_BOUND ( 'NONE', #3481, .T. ) ;
#2293 = DIRECTION ( 'NONE',  ( 0.000000000000000000, 0.000000000000000000, -1.000000000000000000 ) ) ;
#2294 = CARTESIAN_POINT ( 'NONE',  ( -268.4866328959737416, 4.668696823349396396, 19.46280359108044067 ) ) ;
#2295 = CARTESIAN_POINT ( 'NONE',  ( -266.2107894258276133, 4.723855547286908596, -169.1440853282302328 ) ) ;
#2296 = PLANE ( 'NONE',  #8110 ) ;
#2297 = CARTESIAN_POINT ( 'NONE',  ( -246.8556549163562579, 6.184658438426476224, -93.25243204510890394 ) ) ;
#2298 = ORIENTED_EDGE ( 'NONE', *, *, #5401, .T. ) ;
#2299 = ORIENTED_EDGE ( 'NONE', *, *, #3572, .F. ) ;
#2300 = VECTOR ( 'NONE', #181, 1000.000000000000000 ) ;
#2301 = ORIENTED_EDGE ( 'NONE', *, *, #7481, .T. ) ;
#2302 = EDGE_CURVE ( 'NONE', #749, #6894, #6071, .T. ) ;
#2303 = VECTOR ( 'NONE', #1907, 1000.000000000000000 ) ;
#2304 = FACE_OUTER_BOUND ( 'NONE', #1779, .T. ) ;
#2305 = CYLINDRICAL_SURFACE ( 'NONE', #1922, 1.000000000000000888 ) ;
#2306 = CARTESIAN_POINT ( 'NONE',  ( -385.8280541903449716, 3.972307589721721488, 19.65283708147275021 ) ) ;
#2307 = ORIENTED_EDGE ( 'NONE', *, *, #509, .T. ) ;
#2308 = CARTESIAN_POINT ( 'NONE',  ( -444.8556549163562295, 0.000000000000000000, 0.000000000000000000 ) ) ;
#2309 = DIRECTION ( 'NONE',  ( 0.000000000000000000, 1.000000000000000000, 0.000000000000000000 ) ) ;
#2310 = CARTESIAN_POINT ( 'NONE',  ( -246.8556549163562295, 10.00000000000000000, 19.74756795489110317 ) ) ;
#2311 = ORIENTED_EDGE ( 'NONE', *, *, #3882, .F. ) ;
#2312 = CIRCLE ( 'NONE', #8697, 4.999999999999999112 ) ;
#2313 = LINE ( 'NONE', #3008, #1701 ) ;
#2314 = ORIENTED_EDGE ( 'NONE', *, *, #3013, .T. ) ;
#2315 = CARTESIAN_POINT ( 'NONE',  ( -248.2710045532630829, 4.016401949721686293, -56.28896138420321904 ) ) ;
#2316 = CARTESIAN_POINT ( 'NONE',  ( -384.8556549163546379, 3.000000000000000000, 14.74756795489106054 ) ) ;
#2317 = CARTESIAN_POINT ( 'NONE',  ( -408.8556549163546379, 8.000000000000000000, -165.2524320451089181 ) ) ;
#2318 = DIRECTION ( 'NONE',  ( 0.000000000000000000, 0.000000000000000000, 1.000000000000000000 ) ) ;
#2319 = ADVANCED_FACE ( 'NONE', ( #6112 ), #1673, .F. ) ;
#2320 = VECTOR ( 'NONE', #2762, 1000.000000000000000 ) ;
#2321 = CARTESIAN_POINT ( 'NONE',  ( -441.8556549163562295, 3.000000000000000000, 14.74756795489104455 ) ) ;
#2322 = AXIS2_PLACEMENT_3D ( 'NONE', #6713, #330, #1176 ) ;
#2323 = CARTESIAN_POINT ( 'NONE',  ( -404.8556549163545810, 3.000000000000000000, -165.2524320451089181 ) ) ;
#2324 = EDGE_CURVE ( 'NONE', #8809, #7332, #4017, .T. ) ;
#2325 = CARTESIAN_POINT ( 'NONE',  ( -327.6774670994279859, 4.926450206952964983, -169.0186410685512044 ) ) ;
#2326 = CARTESIAN_POINT ( 'NONE',  ( -407.8837617874938246, 5.301471067487164568, -169.7066495553370942 ) ) ;
#2327 = CARTESIAN_POINT ( 'NONE',  ( -444.8556549163562295, 0.000000000000000000, -146.2524320451088897 ) ) ;
#2328 = CARTESIAN_POINT ( 'NONE',  ( -345.1540828074995488, 4.802408741466628328, -169.9185304108797254 ) ) ;
#2329 = CARTESIAN_POINT ( 'NONE',  ( -287.7731559061448365, 5.097364476297974178, 18.37321371862614683 ) ) ;
#2330 = CARTESIAN_POINT ( 'NONE',  ( -307.5005204068764897, 4.723855547281281098, 18.63922123801378206 ) ) ;
#2331 = EDGE_LOOP ( 'NONE', ( #4015, #6016, #6774, #5579 ) ) ;
#2332 = LINE ( 'NONE', #5787, #2198 ) ;
#2333 = CARTESIAN_POINT ( 'NONE',  ( -267.6376471506904409, 4.873062145403102008, 18.54992966763538931 ) ) ;
#2334 = EDGE_CURVE ( 'NONE', #2933, #3329, #2765, .T. ) ;
#2335 = CARTESIAN_POINT ( 'NONE',  ( -267.0131176886568483, 4.509365819018567478, -169.2188268531743347 ) ) ;
#2336 = ORIENTED_EDGE ( 'NONE', *, *, #5320, .F. ) ;
#2337 = CARTESIAN_POINT ( 'NONE',  ( -348.8556549163546379, 7.000000000000000000, 19.74756795489107475 ) ) ;
#2338 = VECTOR ( 'NONE', #2820, 1000.000000000000000 ) ;
#2339 = AXIS2_PLACEMENT_3D ( 'NONE', #8691, #1530, #2318 ) ;
#2340 = DIRECTION ( 'NONE',  ( -1.000000000000000000, 0.000000000000000000, 0.000000000000000000 ) ) ;
#2341 = DIRECTION ( 'NONE',  ( -1.000000000000000000, 0.000000000000000000, -2.921639538487254261E-16 ) ) ;
#2342 = CARTESIAN_POINT ( 'NONE',  ( -264.9036911114030772, 5.561221672468229293, -169.5500246878038411 ) ) ;
#2343 = AXIS2_PLACEMENT_3D ( 'NONE', #3779, #3869, #3826 ) ;
#2344 = LINE ( 'NONE', #8904, #3368 ) ;
#2345 = CIRCLE ( 'NONE', #5909, 5.000000000000004441 ) ;
#2346 = CARTESIAN_POINT ( 'NONE',  ( -248.3618572034441740, 3.397023099463019502, -94.84664587160170868 ) ) ;
#2347 = ORIENTED_EDGE ( 'NONE', *, *, #6547, .T. ) ;
#2348 = ORIENTED_EDGE ( 'NONE', *, *, #6811, .F. ) ;
#2349 = ORIENTED_EDGE ( 'NONE', *, *, #5569, .F. ) ;
#2350 = AXIS2_PLACEMENT_3D ( 'NONE', #3258, #1905, #4750 ) ;
#2351 = AXIS2_PLACEMENT_3D ( 'NONE', #3489, #3537, #6377 ) ;
#2352 = DIRECTION ( 'NONE',  ( 0.000000000000000000, 1.000000000000000000, 0.000000000000000000 ) ) ;
#2353 = DIRECTION ( 'NONE',  ( 0.000000000000000000, 0.000000000000000000, -1.000000000000000000 ) ) ;
#2354 = ORIENTED_EDGE ( 'NONE', *, *, #8033, .F. ) ;
#2355 = FACE_OUTER_BOUND ( 'NONE', #4865, .T. ) ;
#2356 = EDGE_CURVE ( 'NONE', #190, #1193, #8371, .T. ) ;
#2357 = CARTESIAN_POINT ( 'NONE',  ( -285.9657398064161384, 5.039146740865037444, 18.42502082235875704 ) ) ;
#2358 = CARTESIAN_POINT ( 'NONE',  ( -436.8556549163562295, 3.000000000000000000, -165.2524320451089181 ) ) ;
#2359 = ORIENTED_EDGE ( 'NONE', *, *, #8994, .T. ) ;
#2360 = CARTESIAN_POINT ( 'NONE',  ( -444.8556549163562295, 0.000000000000000000, -82.25243204510888972 ) ) ;
#2361 = ORIENTED_EDGE ( 'NONE', *, *, #6692, .F. ) ;
#2362 = DIRECTION ( 'NONE',  ( 0.000000000000000000, 0.000000000000000000, 1.000000000000000000 ) ) ;
#2363 = CARTESIAN_POINT ( 'NONE',  ( -426.3332601840949110, 4.643806473694056081, -169.1747701886795596 ) ) ;
#2364 = CARTESIAN_POINT ( 'NONE',  ( -347.8827340277301801, 3.971882637441339625, 19.65292316721479793 ) ) ;
#2365 = CARTESIAN_POINT ( 'NONE',  ( -366.8556549163545810, 4.500000000000000888, -169.2210590117058189 ) ) ;
#2366 = LINE ( 'NONE', #738, #7845 ) ;
#2367 = CARTESIAN_POINT ( 'NONE',  ( -442.8556549163562295, 3.750000000000000000, -73.15243204510889541 ) ) ;
#2368 = CARTESIAN_POINT ( 'NONE',  ( -265.8556549163546379, 5.500000000000000888, 17.87006695409030854 ) ) ;
#2369 = VECTOR ( 'NONE', #5051, 1000.000000000000000 ) ;
#2370 = EDGE_CURVE ( 'NONE', #4070, #901, #8812, .T. ) ;
#2371 = CARTESIAN_POINT ( 'NONE',  ( -444.8556549163562295, 0.000000000000000000, -68.25243204510887551 ) ) ;
#2372 = DIRECTION ( 'NONE',  ( 0.000000000000000000, 0.000000000000000000, 1.000000000000000000 ) ) ;
#2373 = CARTESIAN_POINT ( 'NONE',  ( -287.9123179345494350, 5.919283266445482639, 18.80952628309082897 ) ) ;
#2374 = DIRECTION ( 'NONE',  ( 0.000000000000000000, 0.000000000000000000, 1.000000000000000000 ) ) ;
#2375 = EDGE_LOOP ( 'NONE', ( #5830, #5155, #7174, #1966 ) ) ;
#2376 = CARTESIAN_POINT ( 'NONE',  ( -267.8556549163546379, 7.000000000000000000, 19.74756795489107475 ) ) ;
#2377 = CYLINDRICAL_SURFACE ( 'NONE', #4381, 2.099999999999990763 ) ;
#2378 = CARTESIAN_POINT ( 'NONE',  ( -305.5659239360486481, 4.184638865665688989, -170.1169986375894894 ) ) ;
#2379 = ORIENTED_EDGE ( 'NONE', *, *, #6791, .T. ) ;
#2380 = CARTESIAN_POINT ( 'NONE',  ( -246.8556549163562295, 0.000000000000000000, -55.25243204510888972 ) ) ;
#2381 = EDGE_CURVE ( 'NONE', #5403, #2149, #8101, .T. ) ;
#2382 = ADVANCED_FACE ( 'NONE', ( #4868 ), #2812, .T. ) ;
#2383 = CARTESIAN_POINT ( 'NONE',  ( -386.5150189463655011, 4.557275686227511002, 18.70048102200190243 ) ) ;
#2384 = DIRECTION ( 'NONE',  ( -1.000000000000000000, 0.000000000000000000, 0.000000000000000000 ) ) ;
#2385 = CARTESIAN_POINT ( 'NONE',  ( -264.8556549104656028, 5.988703185082902003, -169.2646805808188617 ) ) ;
#2386 = DIRECTION ( 'NONE',  ( 0.000000000000000000, -0.6249999999999859002, 0.7806247497998110019 ) ) ;
#2387 = CARTESIAN_POINT ( 'NONE',  ( -388.6359764537195929, 4.974239720234079343, 19.34375946573914007 ) ) ;
#2388 = EDGE_LOOP ( 'NONE', ( #2778, #3846, #2591, #2454 ) ) ;
#2389 = ORIENTED_EDGE ( 'NONE', *, *, #5091, .T. ) ;
#2390 = VERTEX_POINT ( 'NONE', #7034 ) ;
#2391 = EDGE_CURVE ( 'NONE', #4755, #4538, #7958, .T. ) ;
#2392 = CARTESIAN_POINT ( 'NONE',  ( -251.3556549163562011, 0.000000000000000000, -57.25243204510889683 ) ) ;
#2393 = CARTESIAN_POINT ( 'NONE',  ( -406.4707025613211044, 4.573837122825699986, 18.69542757550805590 ) ) ;
#2394 = DIRECTION ( 'NONE',  ( 0.000000000000000000, -0.000000000000000000, -1.000000000000000000 ) ) ;
#2395 = CARTESIAN_POINT ( 'NONE',  ( -408.8556549163546379, 8.000000000000000000, 14.74756795489105698 ) ) ;
#2396 = DIRECTION ( 'NONE',  ( 2.921639538487254261E-16, -0.000000000000000000, -1.000000000000000000 ) ) ;
#2397 = ORIENTED_EDGE ( 'NONE', *, *, #4593, .T. ) ;
#2398 = DIRECTION ( 'NONE',  ( 1.000000000000000000, 0.000000000000000000, 0.000000000000000000 ) ) ;
#2399 = CARTESIAN_POINT ( 'NONE',  ( -285.4753587397421484, 4.308023494659507513, 19.57517244429192260 ) ) ;
#2400 = CARTESIAN_POINT ( 'NONE',  ( -426.2379236663687152, 3.739288344263323349, -170.1976875133409237 ) ) ;
#2401 = EDGE_CURVE ( 'NONE', #3198, #7490, #9010, .T. ) ;
#2402 = ORIENTED_EDGE ( 'NONE', *, *, #3500, .T. ) ;
#2403 = CARTESIAN_POINT ( 'NONE',  ( -251.8556549163562579, 0.000000000000000000, -165.2524320451089181 ) ) ;
#2404 = ORIENTED_EDGE ( 'NONE', *, *, #7077, .T. ) ;
#2405 = CARTESIAN_POINT ( 'NONE',  ( -246.8556549163562295, 4.506495567840276273, -54.06288569872221217 ) ) ;
#2406 = CARTESIAN_POINT ( 'NONE',  ( -424.8556549163546379, 5.499999999999955591, 17.87006695409029078 ) ) ;
#2407 = CARTESIAN_POINT ( 'NONE',  ( -246.8556549163562295, 10.00000000000000000, 19.74756795489110317 ) ) ;
#2408 = VERTEX_POINT ( 'NONE', #7642 ) ;
#2409 = CARTESIAN_POINT ( 'NONE',  ( -308.8556549163546379, 7.000000000000000000, 19.74756795489107475 ) ) ;
#2410 = CARTESIAN_POINT ( 'NONE',  ( -427.2406072713883987, 4.573837122825717749, -169.2002916657260130 ) ) ;
#2411 = FACE_OUTER_BOUND ( 'NONE', #4157, .T. ) ;
#2412 = CARTESIAN_POINT ( 'NONE',  ( -347.3225549634628351, 4.613001498401150258, -169.1864013774678028 ) ) ;
#2413 = EDGE_CURVE ( 'NONE', #4070, #3783, #685, .T. ) ;
#2414 = DIRECTION ( 'NONE',  ( 0.000000000000000000, 0.000000000000000000, 1.000000000000000000 ) ) ;
#2415 = AXIS2_PLACEMENT_3D ( 'NONE', #8465, #1395, #4228 ) ;
#2416 = FACE_OUTER_BOUND ( 'NONE', #6219, .T. ) ;
#2418 = AXIS2_PLACEMENT_3D ( 'NONE', #2520, #2563, #1817 ) ;
#2417 = CARTESIAN_POINT ( 'NONE',  ( -246.8556549163562295, 0.000000000000000000, -53.25243204510888972 ) ) ;
#2419 = CARTESIAN_POINT ( 'NONE',  ( -404.8556549163546379, 3.000000000000000000, 14.74756795489105698 ) ) ;
#2420 = CARTESIAN_POINT ( 'NONE',  ( -407.9341631952597709, 5.604658406166609375, 19.02260281621916604 ) ) ;
#2421 = CARTESIAN_POINT ( 'NONE',  ( -346.9933177586865440, 4.500000000000003553, 18.71619492043910782 ) ) ;
#2422 = CARTESIAN_POINT ( 'NONE',  ( -285.8280541903450285, 3.972307589721721488, 19.65283708147276087 ) ) ;
#2423 = VERTEX_POINT ( 'NONE', #1923 ) ;
#2424 = CARTESIAN_POINT ( 'NONE',  ( -307.8556549163546379, 7.000000000000000000, 14.74756795489106942 ) ) ;
#2425 = DIRECTION ( 'NONE',  ( 0.000000000000000000, 1.000000000000000000, -0.000000000000000000 ) ) ;
#2426 = CARTESIAN_POINT ( 'NONE',  ( -265.2102072305102638, 4.694546530222388547, -169.9589287182462556 ) ) ;
#2427 = CARTESIAN_POINT ( 'NONE',  ( -348.8556549163546379, 5.499999999999960920, -168.3749310443081413 ) ) ;
#2428 = AXIS2_PLACEMENT_3D ( 'NONE', #8714, #2341, #5795 ) ;
#2429 = EDGE_CURVE ( 'NONE', #4655, #5403, #3947, .T. ) ;
#2430 = CARTESIAN_POINT ( 'NONE',  ( -388.8556549163546379, 6.124999999999978684, 18.65069170389007525 ) ) ;
#2431 = ORIENTED_EDGE ( 'NONE', *, *, #7556, .F. ) ;
#2432 = VERTEX_POINT ( 'NONE', #7696 ) ;
#2433 = EDGE_CURVE ( 'NONE', #2721, #1842, #9140, .T. ) ;
#2434 = ORIENTED_EDGE ( 'NONE', *, *, #3688, .T. ) ;
#2435 = CARTESIAN_POINT ( 'NONE',  ( -327.8556549163545810, 5.500000000000000888, 19.74756795489107475 ) ) ;
#2436 = CARTESIAN_POINT ( 'NONE',  ( -386.8556549163546379, 5.500000000000000888, 0.000000000000000000 ) ) ;
#2437 = DIRECTION ( 'NONE',  ( 1.000000000000000000, 0.000000000000000000, 0.000000000000000000 ) ) ;
#2438 = CARTESIAN_POINT ( 'NONE',  ( -307.3868111759328485, 4.645770204743610243, -170.0332380380713460 ) ) ;
#2439 = DIRECTION ( 'NONE',  ( -0.000000000000000000, -0.000000000000000000, 1.000000000000000000 ) ) ;
#2440 = ORIENTED_EDGE ( 'NONE', *, *, #5664, .F. ) ;
#2441 = DIRECTION ( 'NONE',  ( 0.000000000000000000, 0.000000000000000000, 1.000000000000000000 ) ) ;
#2442 = CYLINDRICAL_SURFACE ( 'NONE', #1154, 1.000000000000000888 ) ;
#2443 = AXIS2_PLACEMENT_3D ( 'NONE', #6587, #4013, #202 ) ;
#2444 = CARTESIAN_POINT ( 'NONE',  ( -426.8556549163546379, 4.500000000000000888, 18.71619492148793995 ) ) ;
#2445 = EDGE_LOOP ( 'NONE', ( #1118, #767, #5670, #8146 ) ) ;
#2446 = CIRCLE ( 'NONE', #4083, 1.000000000000002665 ) ;
#2447 = EDGE_CURVE ( 'NONE', #3796, #7734, #4811, .T. ) ;
#2448 = AXIS2_PLACEMENT_3D ( 'NONE', #4709, #1033, #3828 ) ;
#2449 = ORIENTED_EDGE ( 'NONE', *, *, #4756, .F. ) ;
#2450 = DIRECTION ( 'NONE',  ( -1.000000000000000000, 0.000000000000000000, 0.000000000000000000 ) ) ;
#2451 = CIRCLE ( 'NONE', #9147, 1.000000000000000444 ) ;
#2452 = CARTESIAN_POINT ( 'NONE',  ( -368.8556549163546379, 3.000000000000000000, -165.2524320451089181 ) ) ;
#2453 = CARTESIAN_POINT ( 'NONE',  ( -347.4733861663405605, 3.739288344263300701, 19.69282342312304124 ) ) ;
#2454 = ORIENTED_EDGE ( 'NONE', *, *, #2805, .F. ) ;
#2455 = CARTESIAN_POINT ( 'NONE',  ( -367.6913256801167336, 4.946426151581515107, -169.0038865453106780 ) ) ;
#2456 = CIRCLE ( 'NONE', #9150, 5.000000000000004441 ) ;
#2457 = CARTESIAN_POINT ( 'NONE',  ( -427.5578475515902142, 4.784051302019447505, -169.1084858473784038 ) ) ;
#2458 = ORIENTED_EDGE ( 'NONE', *, *, #1962, .T. ) ;
#2459 = CARTESIAN_POINT ( 'NONE',  ( -428.8467949769759002, 5.848454817159439934, 18.86040932463387065 ) ) ;
#2460 = DIRECTION ( 'NONE',  ( 1.000000000000000000, 0.000000000000000000, 2.921639538487254261E-16 ) ) ;
#2461 = CARTESIAN_POINT ( 'NONE',  ( -346.1048201077166482, 4.835820077882202028, -169.0787849794648139 ) ) ;
#2462 = FACE_OUTER_BOUND ( 'NONE', #5056, .T. ) ;
#2464 = CARTESIAN_POINT ( 'NONE',  ( -287.1334771471020417, 4.529518349321822512, 18.70992244051451792 ) ) ;
#2463 = AXIS2_PLACEMENT_3D ( 'NONE', #287, #6022, #8241 ) ;
#2465 = CARTESIAN_POINT ( 'NONE',  ( -307.1334771471020417, 4.529518349321822512, 18.70992244051403830 ) ) ;
#2466 = CARTESIAN_POINT ( 'NONE',  ( -346.5387405911663450, 3.649012588301083770, 19.70547760320676645 ) ) ;
#2467 = CARTESIAN_POINT ( 'NONE',  ( -346.8556549163546947, 3.625000000000000444, 19.70835166313717224 ) ) ;
#2468 = ADVANCED_FACE ( 'NONE', ( #4815 ), #9096, .T. ) ;
#2469 = DIRECTION ( 'NONE',  ( 0.000000000000000000, 1.170938346284343684E-14, -1.000000000000000000 ) ) ;
#2470 = ORIENTED_EDGE ( 'NONE', *, *, #4569, .T. ) ;
#2471 = AXIS2_PLACEMENT_3D ( 'NONE', #4167, #5518, #5475 ) ;
#2472 = CIRCLE ( 'NONE', #4409, 1.000000000000002665 ) ;
#2473 = CARTESIAN_POINT ( 'NONE',  ( -408.8556549163545242, 5.877829809576795128, -169.3534503254485060 ) ) ;
#2474 = CARTESIAN_POINT ( 'NONE',  ( -405.8026483570804999, 3.992597862135470077, 19.64913136511977854 ) ) ;
#2475 = CARTESIAN_POINT ( 'NONE',  ( -266.8556549163545810, 3.625000000000000444, -170.2132157533550298 ) ) ;
#2476 = CARTESIAN_POINT ( 'NONE',  ( -404.8556549163545810, 5.499999999999960920, -168.3749310443081413 ) ) ;
#2477 = CYLINDRICAL_SURFACE ( 'NONE', #2598, 2.099999999999990763 ) ;
#2478 = ORIENTED_EDGE ( 'NONE', *, *, #3128, .T. ) ;
#2479 = ORIENTED_EDGE ( 'NONE', *, *, #8584, .T. ) ;
#2480 = AXIS2_PLACEMENT_3D ( 'NONE', #4932, #4175, #1239 ) ;
#2481 = EDGE_LOOP ( 'NONE', ( #7957, #2863, #2479, #4621 ) ) ;
#2482 = EDGE_CURVE ( 'NONE', #6006, #4789, #7364, .T. ) ;
#2483 = CARTESIAN_POINT ( 'NONE',  ( -266.8556549163546379, 4.500000000000000888, 0.000000000000000000 ) ) ;
#2484 = CARTESIAN_POINT ( 'NONE',  ( -305.0382981577643022, 5.070098603588711228, 19.30124808383413182 ) ) ;
#2485 = LINE ( 'NONE', #1039, #2671 ) ;
#2486 = AXIS2_PLACEMENT_3D ( 'NONE', #8519, #7120, #4991 ) ;
#2487 = CARTESIAN_POINT ( 'NONE',  ( -307.4028659782060231, 3.714219789345969858, -170.2012881788659513 ) ) ;
#2488 = CARTESIAN_POINT ( 'NONE',  ( -365.8556549163546379, 5.500000000000000888, 17.87006695409029788 ) ) ;
#2489 = VERTEX_POINT ( 'NONE', #1329 ) ;
#2490 = LINE ( 'NONE', #952, #6793 ) ;
#2491 = CARTESIAN_POINT ( 'NONE',  ( -251.8556549163562579, 10.00000000000000000, 24.74756795489111028 ) ) ;
#2492 = CARTESIAN_POINT ( 'NONE',  ( -425.3918877210924165, 4.413458803463324642, -170.0503618490929796 ) ) ;
#2493 = ORIENTED_EDGE ( 'NONE', *, *, #3747, .F. ) ;
#2494 = CIRCLE ( 'NONE', #4555, 5.000000000000004441 ) ;
#2495 = AXIS2_PLACEMENT_3D ( 'NONE', #9030, #6139, #3302 ) ;
#2496 = ORIENTED_EDGE ( 'NONE', *, *, #493, .T. ) ;
#2497 = AXIS2_PLACEMENT_3D ( 'NONE', #5390, #3854, #6689 ) ;
#2498 = CARTESIAN_POINT ( 'NONE',  ( -267.8837617874938815, 5.301471067487164568, -169.7066495553370942 ) ) ;
#2499 = CARTESIAN_POINT ( 'NONE',  ( -345.7989918981637061, 5.919283266442930014, -169.3143903733056277 ) ) ;
#2500 = CARTESIAN_POINT ( 'NONE',  ( -348.6731556672306738, 5.070576912793776536, 19.30101307683661460 ) ) ;
#2501 = CARTESIAN_POINT ( 'NONE',  ( -427.2388583010182401, 4.571621889987042664, -170.0682608514804599 ) ) ;
#2502 = EDGE_CURVE ( 'NONE', #8873, #5472, #1865, .T. ) ;
#2503 = EDGE_LOOP ( 'NONE', ( #7185, #5760, #1725, #2847 ) ) ;
#2504 = CARTESIAN_POINT ( 'NONE',  ( -367.8556549163546947, 5.416284592704887046, -168.5089829804601607 ) ) ;
#2505 = CARTESIAN_POINT ( 'NONE',  ( -408.8556549163546379, 6.124999999999951150, -169.1555557941079542 ) ) ;
#2506 = EDGE_LOOP ( 'NONE', ( #2314, #3751 ) ) ;
#2507 = CARTESIAN_POINT ( 'NONE',  ( -427.7458156832534542, 5.039695888600658868, 18.42452116067928714 ) ) ;
#2508 = CARTESIAN_POINT ( 'NONE',  ( -348.8267442513379706, 5.613761050926165730, -169.5259510842147392 ) ) ;
#2509 = CARTESIAN_POINT ( 'NONE',  ( -366.7170407422610765, 4.507254365895947856, 18.71444385685205347 ) ) ;
#2510 = FACE_OUTER_BOUND ( 'NONE', #197, .T. ) ;
#2511 = DIRECTION ( 'NONE',  ( 1.000000000000000000, 0.000000000000000000, 0.000000000000000000 ) ) ;
#2512 = CARTESIAN_POINT ( 'NONE',  ( -287.8459639745223058, 5.323809698952789660, -168.6353855492173466 ) ) ;
#2513 = CARTESIAN_POINT ( 'NONE',  ( -408.5011026021951466, 4.694546530220658376, 19.45406462802905523 ) ) ;
#2514 = CARTESIAN_POINT ( 'NONE',  ( -348.5011026021951466, 4.694546530220660152, 19.45406462802906233 ) ) ;
#2515 = CIRCLE ( 'NONE', #7273, 5.000000000000000888 ) ;
#2516 = CARTESIAN_POINT ( 'NONE',  ( -306.5468425247761388, 4.534290388700399355, -170.0858929734080789 ) ) ;
#2517 = EDGE_LOOP ( 'NONE', ( #1042, #3829, #7711, #4911 ) ) ;
#2518 = DIRECTION ( 'NONE',  ( -1.387778780781445676E-16, -0.000000000000000000, -1.000000000000000000 ) ) ;
#2519 = DIRECTION ( 'NONE',  ( 0.000000000000000000, 0.000000000000000000, -1.000000000000000000 ) ) ;
#2520 = CARTESIAN_POINT ( 'NONE',  ( -246.8556549163562295, 0.000000000000000000, -93.25243204510888972 ) ) ;
#2521 = DIRECTION ( 'NONE',  ( 0.000000000000000000, 0.000000000000000000, -1.000000000000000000 ) ) ;
#2522 = CARTESIAN_POINT ( 'NONE',  ( -444.8556549163562295, 0.000000000000000000, 156.0000000000000000 ) ) ;
#2523 = ORIENTED_EDGE ( 'NONE', *, *, #8047, .T. ) ;
#2524 = ORIENTED_EDGE ( 'NONE', *, *, #6070, .T. ) ;
#2525 =( BOUNDED_SURFACE ( )  B_SPLINE_SURFACE ( 3, 2, ( 
 ( #1740, #7411, #1038 ),
 ( #5372, #8192, #3875 ),
 ( #6714, #431, #5613 ),
 ( #4869, #5698, #4113 ),
 ( #1463, #4204, #3596 ),
 ( #7822, #6996, #7036 ),
 ( #7780, #6349, #9191 ),
 ( #5659, #2109, #7697 ),
 ( #577, #4959, #2851 ),
 ( #8531, #4298, #7128 ),
 ( #622, #2813, #3464 ),
 ( #1416, #7084, #2156 ),
 ( #6302, #8339, #5558 ),
 ( #8439, #3507, #4999 ),
 ( #8486, #4250, #14 ),
 ( #7643, #754, #3557 ),
 ( #665, #2763, #713 ),
 ( #6396, #6431, #2674 ) ),
 .UNSPECIFIED., .F., .F., .T. ) 
 B_SPLINE_SURFACE_WITH_KNOTS ( ( 4, 2, 2, 2, 2, 2, 2, 2, 4 ),
 ( 3, 3 ),
 ( 0.001323912745242680506, 0.001737514085360032526, 0.002151115425477384546, 0.002564716765594736783, 0.002978318105712089020, 0.003391919445829441257, 0.003805520785946793060, 0.004219122126064144863, 0.004632723466181497100 ),
 ( 0.000000000000000000, 1.000000000000000000 ),
 .UNSPECIFIED. ) 
 GEOMETRIC_REPRESENTATION_ITEM ( )  RATIONAL_B_SPLINE_SURFACE ( (
 ( 1.000000000000000000, 0.7499999999999998890, 1.000000000000000000),
 ( 1.000000000000000000, 0.7499939426360173744, 1.000000000000000000),
 ( 1.000000000000000000, 0.7509329894123200067, 1.000000000000000000),
 ( 1.000000000000000000, 0.7542720948101535594, 1.000000000000000000),
 ( 1.000000000000000000, 0.7567167381695798500, 1.000000000000000000),
 ( 1.000000000000000000, 0.7620345134626556050, 1.000000000000000000),
 ( 1.000000000000000000, 0.7649009816760473646, 1.000000000000000000),
 ( 1.000000000000000000, 0.7698131873212784582, 1.000000000000000000),
 ( 1.000000000000000000, 0.7718027581240053392, 1.000000000000000000),
 ( 1.000000000000000000, 0.7734778044123297169, 1.000000000000000000),
 ( 1.000000000000000000, 0.7731701811038578231, 1.000000000000000000),
 ( 1.000000000000000000, 0.7692320002427042169, 1.000000000000000000),
 ( 1.000000000000000000, 0.7656548337065347543, 1.000000000000000000),
 ( 1.000000000000000000, 0.7548043090973390878, 1.000000000000000000),
 ( 1.000000000000000000, 0.7474974637465703342, 1.000000000000000000),
 ( 1.000000000000000000, 0.7297066597615091688, 1.000000000000000000),
 ( 1.000000000000000000, 0.7191618347197418215, 1.000000000000000000),
 ( 1.000000000000000000, 0.7071067811865500152, 1.000000000000000000) ) ) 
 REPRESENTATION_ITEM ( '' )  SURFACE ( )  );
#2526 = ORIENTED_EDGE ( 'NONE', *, *, #8466, .F. ) ;
#2527 = EDGE_CURVE ( 'NONE', #5799, #1513, #3059, .T. ) ;
#2528 = CARTESIAN_POINT ( 'NONE',  ( -428.7191130411811173, 5.205896708463899181, -169.7421645164064046 ) ) ;
#2529 = CARTESIAN_POINT ( 'NONE',  ( -444.8556549163562295, 3.750000000000000000, 7.347567954891097486 ) ) ;
#2530 = CARTESIAN_POINT ( 'NONE',  ( -286.7760857499094982, 4.500000000000000888, 18.71619492148795771 ) ) ;
#2531 = CARTESIAN_POINT ( 'NONE',  ( -444.8556549163562295, 0.000000000000000000, 0.000000000000000000 ) ) ;
#2532 = ORIENTED_EDGE ( 'NONE', *, *, #187, .F. ) ;
#2533 = CARTESIAN_POINT ( 'NONE',  ( -388.8556549163546379, 3.000000000000000000, -165.2524320451089181 ) ) ;
#2534 = CARTESIAN_POINT ( 'NONE',  ( -445.8556549163562863, 1.199999999999999956, -4.252432045108889724 ) ) ;
#2535 = CARTESIAN_POINT ( 'NONE',  ( -425.4872149242659134, 4.293400979081465785, -170.0835836746730365 ) ) ;
#2536 = ORIENTED_EDGE ( 'NONE', *, *, #4300, .F. ) ;
#2537 = EDGE_CURVE ( 'NONE', #3963, #813, #4918, .T. ) ;
#2538 = ORIENTED_EDGE ( 'NONE', *, *, #2717, .F. ) ;
#2539 = CARTESIAN_POINT ( 'NONE',  ( -267.2388583010182401, 4.571621889987042664, -170.0682608514804599 ) ) ;
#2540 = LINE ( 'NONE', #6222, #8335 ) ;
#2541 = LINE ( 'NONE', #6728, #585 ) ;
#2542 = VERTEX_POINT ( 'NONE', #2018 ) ;
#2543 = DIRECTION ( 'NONE',  ( -0.000000000000000000, 0.7806247497998098916, 0.6249999999999875655 ) ) ;
#2544 = CARTESIAN_POINT ( 'NONE',  ( -427.8459639745225331, 5.323809698952789660, -168.6353855492173466 ) ) ;
#2545 = ORIENTED_EDGE ( 'NONE', *, *, #4903, .T. ) ;
#2546 = EDGE_CURVE ( 'NONE', #9092, #70, #1968, .T. ) ;
#2547 = FACE_OUTER_BOUND ( 'NONE', #3461, .T. ) ;
#2548 = CARTESIAN_POINT ( 'NONE',  ( -444.8556549163562295, 1.199999999999999956, -4.252432045108889724 ) ) ;
#2549 = CARTESIAN_POINT ( 'NONE',  ( -442.8556549163562295, 3.750000000000000000, -156.5024320451088897 ) ) ;
#2550 = EDGE_CURVE ( 'NONE', #7213, #7872, #5612, .T. ) ;
#2551 = CARTESIAN_POINT ( 'NONE',  ( -346.8556549163546379, 3.500000000000000444, 18.71619492148795061 ) ) ;
#2552 = DIRECTION ( 'NONE',  ( 0.000000000000000000, 0.000000000000000000, 1.000000000000000000 ) ) ;
#2553 = CARTESIAN_POINT ( 'NONE',  ( -246.8556549163562863, 6.184658438426474447, -56.96163780691269807 ) ) ;
#2554 = PLANE ( 'NONE',  #4420 ) ;
#2555 = DIRECTION ( 'NONE',  ( -1.000000000000000000, -0.000000000000000000, -0.000000000000000000 ) ) ;
#2556 = CARTESIAN_POINT ( 'NONE',  ( -346.8556549163546379, 4.500000000000000888, 18.71619492148795061 ) ) ;
#2557 = DIRECTION ( 'NONE',  ( -0.000000000000000000, -0.000000000000000000, 1.000000000000000000 ) ) ;
#2558 = EDGE_LOOP ( 'NONE', ( #6129, #4970, #4512, #8545 ) ) ;
#2559 = ADVANCED_FACE ( 'NONE', ( #2989 ), #7216, .F. ) ;
#2560 = CARTESIAN_POINT ( 'NONE',  ( -407.8832556423642473, 3.972307589721717935, -170.1577011716906611 ) ) ;
#2561 = EDGE_CURVE ( 'NONE', #8719, #6668, #797, .T. ) ;
#2562 = CARTESIAN_POINT ( 'NONE',  ( -405.7989050678961576, 5.918887576267364281, 18.80982022867074832 ) ) ;
#2563 = DIRECTION ( 'NONE',  ( 0.000000000000000000, 0.000000000000000000, 1.000000000000000000 ) ) ;
#2564 = CARTESIAN_POINT ( 'NONE',  ( -288.7765099126930863, 5.411312770689274743, -169.6356635552781995 ) ) ;
#2565 = CARTESIAN_POINT ( 'NONE',  ( -387.1334771471020417, 4.529518349321822512, 18.70992244051402764 ) ) ;
#2566 = ORIENTED_EDGE ( 'NONE', *, *, #2895, .T. ) ;
#2567 = LINE ( 'NONE', #1619, #3938 ) ;
#2568 = ORIENTED_EDGE ( 'NONE', *, *, #4603, .T. ) ;
#2569 = ORIENTED_EDGE ( 'NONE', *, *, #8633, .T. ) ;
#2570 = CARTESIAN_POINT ( 'NONE',  ( -427.6193619629652858, 3.807091139239944244, -170.1875765360216803 ) ) ;
#2571 = CARTESIAN_POINT ( 'NONE',  ( -284.8556549163545810, 7.000000000000000000, -165.2524320451089181 ) ) ;
#2572 = VECTOR ( 'NONE', #8163, 1000.000000000000000 ) ;
#2573 = FACE_OUTER_BOUND ( 'NONE', #6777, .T. ) ;
#2574 = CARTESIAN_POINT ( 'NONE',  ( -307.4582074330592150, 4.692344901071509256, -170.0114884923029877 ) ) ;
#2575 = DIRECTION ( 'NONE',  ( 1.000000000000000000, 0.000000000000000000, 0.000000000000000000 ) ) ;
#2576 = ORIENTED_EDGE ( 'NONE', *, *, #7938, .T. ) ;
#2577 = CARTESIAN_POINT ( 'NONE',  ( -1.885059646467264690E-15, 8.000000000000000000, 14.74756795489110850 ) ) ;
#2578 = CARTESIAN_POINT ( 'NONE',  ( -325.7051140906760338, 4.072590210801840804, -170.1373539892367148 ) ) ;
#2579 = CARTESIAN_POINT ( 'NONE',  ( -248.5335487299535657, 2.594734809665480313, -95.16715386693378775 ) ) ;
#2580 = VERTEX_POINT ( 'NONE', #1547 ) ;
#2581 = ADVANCED_FACE ( 'NONE', ( #8668 ), #5146, .F. ) ;
#2582 = VECTOR ( 'NONE', #5864, 1000.000000000000000 ) ;
#2583 = EDGE_LOOP ( 'NONE', ( #2434, #6944, #6357, #5128 ) ) ;
#2584 = CARTESIAN_POINT ( 'NONE',  ( -267.0095446511592172, 4.508727177066586655, -170.0986492161661943 ) ) ;
#2585 = CARTESIAN_POINT ( 'NONE',  ( -345.2102072305102070, 4.694546530222388547, -169.9589287182462556 ) ) ;
#2586 = CARTESIAN_POINT ( 'NONE',  ( -266.2684541023606926, 4.687071811803895649, 18.65216358364156690 ) ) ;
#2587 = CARTESIAN_POINT ( 'NONE',  ( -426.8556549163546379, 3.625000000000000444, -170.2132157533550298 ) ) ;
#2588 = VERTEX_POINT ( 'NONE', #4338 ) ;
#2589 = CARTESIAN_POINT ( 'NONE',  ( -308.8556549163546379, 7.000000000000000000, -165.2524320451089181 ) ) ;
#2590 = DIRECTION ( 'NONE',  ( -2.921639538487254261E-16, 0.000000000000000000, 1.000000000000000000 ) ) ;
#2591 = ORIENTED_EDGE ( 'NONE', *, *, #1586, .F. ) ;
#2592 = CARTESIAN_POINT ( 'NONE',  ( -441.8556549163562295, 0.000000000000000000, -170.2524320451088897 ) ) ;
#2593 = CIRCLE ( 'NONE', #3341, 4.999999999999999112 ) ;
#2594 = LINE ( 'NONE', #8315, #8079 ) ;
#2595 = CARTESIAN_POINT ( 'NONE',  ( -424.8845655813711346, 5.613761050926163065, 19.02108699399690295 ) ) ;
#2596 = CARTESIAN_POINT ( 'NONE',  ( -265.8280541903449716, 3.972307589721721488, 19.65283708147275377 ) ) ;
#2597 = EDGE_CURVE ( 'NONE', #2669, #1480, #980, .T. ) ;
#2598 = AXIS2_PLACEMENT_3D ( 'NONE', #8235, #5275, #1687 ) ;
#2599 = CARTESIAN_POINT ( 'NONE',  ( -265.9461550497260873, 5.029006227352730285, 19.34504571474612078 ) ) ;
#2600 = CARTESIAN_POINT ( 'NONE',  ( -306.7158142648374906, 3.625000007438336613, 19.70835166220003387 ) ) ;
#2601 = CARTESIAN_POINT ( 'NONE',  ( -307.8832556423643041, 3.972307589721717935, -170.1577011716906611 ) ) ;
#2602 = ADVANCED_FACE ( 'NONE', ( #4998, #894, #3640 ), #3732, .T. ) ;
#2603 = CARTESIAN_POINT ( 'NONE',  ( -251.8556549163562579, 10.00000000000000000, 19.74756795489110317 ) ) ;
#2604 = CARTESIAN_POINT ( 'NONE',  ( -407.0081178026993030, 4.500000005119375146, 19.59811202264918606 ) ) ;
#2605 = CARTESIAN_POINT ( 'NONE',  ( -426.8556549163546379, 3.500000000000000444, 18.71619492148793995 ) ) ;
#2606 = CARTESIAN_POINT ( 'NONE',  ( -324.8556549163545810, 8.000000000000000000, 14.74756795489106764 ) ) ;
#2607 = EDGE_LOOP ( 'NONE', ( #6435, #9202 ) ) ;
#2608 = DIRECTION ( 'NONE',  ( -1.000000000000000000, -0.000000000000000000, -0.000000000000000000 ) ) ;
#2609 = CARTESIAN_POINT ( 'NONE',  ( -406.7779828394986907, 4.500000003626994705, 19.59811202338650205 ) ) ;
#2610 = CARTESIAN_POINT ( 'NONE',  ( -446.8556549163562863, 10.00000000000000000, -170.2524320451088897 ) ) ;
#2611 = DIRECTION ( 'NONE',  ( 0.000000000000000000, 0.6249999999999882316, 0.7806247497998093365 ) ) ;
#2612 = EDGE_CURVE ( 'NONE', #1703, #4594, #4394, .T. ) ;
#2613 = CARTESIAN_POINT ( 'NONE',  ( -386.9255752421620969, 4.500000000000000888, -169.2210590109625343 ) ) ;
#2614 = EDGE_LOOP ( 'NONE', ( #6202, #2221, #8574, #2908 ) ) ;
#2615 = VECTOR ( 'NONE', #522, 1000.000000000000000 ) ;
#2616 = CARTESIAN_POINT ( 'NONE',  ( -425.8556549163546379, 7.000000000000000000, 19.74756795489107475 ) ) ;
#2617 = EDGE_LOOP ( 'NONE', ( #3865, #4062, #2536, #3591 ) ) ;
#2618 = AXIS2_PLACEMENT_3D ( 'NONE', #9041, #1070, #3908 ) ;
#2619 = VERTEX_POINT ( 'NONE', #2245 ) ;
#2620 = CIRCLE ( 'NONE', #6932, 1.150000000000017231 ) ;
#2621 = DIRECTION ( 'NONE',  ( 1.000000000000000000, 0.000000000000000000, 0.000000000000000000 ) ) ;
#2622 = DIRECTION ( 'NONE',  ( 2.921639538487254261E-16, -0.000000000000000000, -1.000000000000000000 ) ) ;
#2623 = CARTESIAN_POINT ( 'NONE',  ( -307.8003840466089969, 5.167696473586352646, -168.8084823262176428 ) ) ;
#2624 = CARTESIAN_POINT ( 'NONE',  ( -286.4707025613210476, 4.573837122825699986, 18.69542757550807011 ) ) ;
#2625 = PLANE ( 'NONE',  #689 ) ;
#2626 = ORIENTED_EDGE ( 'NONE', *, *, #8375, .F. ) ;
#2627 = CARTESIAN_POINT ( 'NONE',  ( -285.8556549163545810, 3.000000000000000000, -165.2524320451089181 ) ) ;
#2628 = CARTESIAN_POINT ( 'NONE',  ( -428.8556549163546379, 3.000000000000000000, -165.2524320451089181 ) ) ;
#2629 = DIRECTION ( 'NONE',  ( -0.000000000000000000, -0.000000000000000000, 1.000000000000000000 ) ) ;
#2630 = ORIENTED_EDGE ( 'NONE', *, *, #3601, .T. ) ;
#2631 = ORIENTED_EDGE ( 'NONE', *, *, #1607, .T. ) ;
#2632 = CARTESIAN_POINT ( 'NONE',  ( -267.7894550112947059, 3.907503744616715124, -170.1698937144555259 ) ) ;
#2633 = VECTOR ( 'NONE', #6226, 1000.000000000000000 ) ;
#2634 = CARTESIAN_POINT ( 'NONE',  ( -345.9381539265641550, 5.097364476298504421, -168.8780778088432726 ) ) ;
#2635 = CARTESIAN_POINT ( 'NONE',  ( -366.5387405911663450, 3.649012588301084214, 19.70547760320677000 ) ) ;
#2636 = ADVANCED_FACE ( 'NONE', ( #2201 ), #3691, .T. ) ;
#2637 = CARTESIAN_POINT ( 'NONE',  ( -427.5458030052795948, 4.773209397924164321, -169.1145156408490777 ) ) ;
#2638 = EDGE_LOOP ( 'NONE', ( #7745, #6502, #8665, #1781 ) ) ;
#2639 = DIRECTION ( 'NONE',  ( -0.000000000000000000, 1.000000000000000000, -0.000000000000000000 ) ) ;
#2640 = VECTOR ( 'NONE', #3546, 1000.000000000000000 ) ;
#2641 = FACE_OUTER_BOUND ( 'NONE', #3271, .T. ) ;
#2642 = ORIENTED_EDGE ( 'NONE', *, *, #2324, .T. ) ;
#2643 = CARTESIAN_POINT ( 'NONE',  ( -328.8556549163545810, 7.000000000000000000, 19.74756795489107475 ) ) ;
#2644 = AXIS2_PLACEMENT_3D ( 'NONE', #247, #1658, #5377 ) ;
#2645 = CARTESIAN_POINT ( 'NONE',  ( -347.8837617874938815, 5.301471067487186772, -169.7066495553371794 ) ) ;
#2646 = CARTESIAN_POINT ( 'NONE',  ( -444.8556549163562295, 0.000000000000000000, 9.747567954891122710 ) ) ;
#2647 = FACE_OUTER_BOUND ( 'NONE', #6076, .T. ) ;
#2648 = CIRCLE ( 'NONE', #8281, 1.000000000000000444 ) ;
#2649 = AXIS2_PLACEMENT_3D ( 'NONE', #6227, #1891, #1986 ) ;
#2650 = CARTESIAN_POINT ( 'NONE',  ( -266.8556549163546947, 4.500000000000000888, 19.59811202517615669 ) ) ;
#2651 = ADVANCED_FACE ( 'NONE', ( #8529 ), #7166, .T. ) ;
#2652 = CARTESIAN_POINT ( 'NONE',  ( -305.7766847069804044, 5.710072106084306043, 18.95463741994086959 ) ) ;
#2653 = DIRECTION ( 'NONE',  ( 0.000000000000000000, 0.000000000000000000, -1.000000000000000000 ) ) ;
#2654 = DIRECTION ( 'NONE',  ( 0.000000000000000000, -0.000000000000000000, 1.000000000000000000 ) ) ;
#2655 = CARTESIAN_POINT ( 'NONE',  ( -365.8556549163545810, 3.000000000000000000, -165.2524320451089181 ) ) ;
#2656 = CARTESIAN_POINT ( 'NONE',  ( -306.8556549163546379, 3.625000000000000000, 19.70835166313717579 ) ) ;
#2657 = CARTESIAN_POINT ( 'NONE',  ( -246.8556549163563147, 3.485332359906638366, -96.96251755100732339 ) ) ;
#2658 = EDGE_LOOP ( 'NONE', ( #5009, #2713, #6802, #5315 ) ) ;
#2659 = EDGE_CURVE ( 'NONE', #3600, #4155, #7866, .T. ) ;
#2660 = CARTESIAN_POINT ( 'NONE',  ( -385.8556549163546379, 5.445450499393986732, 17.95741606499998611 ) ) ;
#2661 = CARTESIAN_POINT ( 'NONE',  ( -325.7771935235824685, 5.603816879089128733, 19.02313073663714604 ) ) ;
#2662 = FACE_OUTER_BOUND ( 'NONE', #2375, .T. ) ;
#2663 = AXIS2_PLACEMENT_3D ( 'NONE', #7994, #7204, #4326 ) ;
#2664 = CARTESIAN_POINT ( 'NONE',  ( -246.8556549163562579, 10.00000000000000000, -175.2524320451088897 ) ) ;
#2665 = CARTESIAN_POINT ( 'NONE',  ( -387.8315431898163865, 5.274054342412577867, -168.6910333621777056 ) ) ;
#2666 = ORIENTED_EDGE ( 'NONE', *, *, #4900, .T. ) ;
#2667 = CARTESIAN_POINT ( 'NONE',  ( -365.8273383005340520, 5.302404540044383552, -169.7061190454029429 ) ) ;
#2668 = ORIENTED_EDGE ( 'NONE', *, *, #8696, .F. ) ;
#2669 = VERTEX_POINT ( 'NONE', #5793 ) ;
#2670 = ADVANCED_FACE ( 'NONE', ( #4477 ), #4854, .F. ) ;
#2671 = VECTOR ( 'NONE', #289, 1000.000000000000000 ) ;
#2672 = B_SPLINE_CURVE_WITH_KNOTS ( 'NONE', 3,
 ( #7065, #2092, #9215, #6929, #7803, #6978, #557, #3448, #2050, #2834, #2703, #8322 ),
 .UNSPECIFIED., .F., .F.,
 ( 4, 2, 2, 2, 2, 4 ),
 ( 0.000000000000000000, 0.0004698356480513993173, 0.0009396712961027986347, 0.001174589120128498483, 0.001409506944154198006, 0.001879342592205450902 ),
 .UNSPECIFIED. ) ;
#2673 = CARTESIAN_POINT ( 'NONE',  ( -368.6731556672306169, 5.070576912793772983, 19.30101307683661105 ) ) ;
#2674 = CARTESIAN_POINT ( 'NONE',  ( -345.8556549163546379, 5.499999999999988454, 17.87006695409028367 ) ) ;
#2675 = DIRECTION ( 'NONE',  ( 0.000000000000000000, 0.000000000000000000, 1.000000000000000000 ) ) ;
#2676 = B_SPLINE_CURVE_WITH_KNOTS ( 'NONE', 3,
 ( #5350, #1763, #2508, #408, #4605, #5254, #1804, #969, #6599, #4465, #1057, #8833, #1018, #265, #3111, #7469 ),
 .UNSPECIFIED., .F., .F.,
 ( 4, 2, 2, 2, 2, 2, 2, 4 ),
 ( 0.000000000000000000, 0.0009498534235542482754, 0.001424780135331372467, 0.001899706847108496551, 0.002374633558885620634, 0.002849560270662744935, 0.003324486982439868801, 0.003799413694216993102 ),
 .UNSPECIFIED. ) ;
#2677 = CARTESIAN_POINT ( 'NONE',  ( -307.9346251257288714, 5.710072106083486254, -169.4595015101596402 ) ) ;
#2678 = DIRECTION ( 'NONE',  ( 0.000000000000000000, -0.000000000000000000, -1.000000000000000000 ) ) ;
#2679 = VERTEX_POINT ( 'NONE', #936 ) ;
#2680 = DIRECTION ( 'NONE',  ( -1.000000000000000000, 0.000000000000000000, 0.000000000000000000 ) ) ;
#2681 = CARTESIAN_POINT ( 'NONE',  ( -388.5565095793085675, 4.800895434974115084, -169.9191317973535433 ) ) ;
#2682 = EDGE_LOOP ( 'NONE', ( #1833, #710, #335, #8572 ) ) ;
#2683 = ORIENTED_EDGE ( 'NONE', *, *, #5192, .T. ) ;
#2684 = EDGE_CURVE ( 'NONE', #1365, #7908, #232, .T. ) ;
#2685 = CARTESIAN_POINT ( 'NONE',  ( -266.9954955678716715, 3.625000007438516914, -170.2132157524178524 ) ) ;
#2686 = CARTESIAN_POINT ( 'NONE',  ( -326.7031920300042884, 4.500000005122825719, -170.1029761128765472 ) ) ;
#2687 = CARTESIAN_POINT ( 'NONE',  ( -266.6981921440525980, 4.509365819018567478, 18.71396276295645933 ) ) ;
#2688 = CARTESIAN_POINT ( 'NONE',  ( -385.8653422389342040, 5.324007913114982671, -168.6350940073689344 ) ) ;
#2689 = EDGE_CURVE ( 'NONE', #3962, #6668, #5027, .T. ) ;
#2690 = ORIENTED_EDGE ( 'NONE', *, *, #7378, .F. ) ;
#2691 = DIRECTION ( 'NONE',  ( -0.000000000000000000, -0.7806247497998098916, -0.6249999999999875655 ) ) ;
#2692 = LINE ( 'NONE', #5672, #5035 ) ;
#2693 = VERTEX_POINT ( 'NONE', #1068 ) ;
#2694 = CARTESIAN_POINT ( 'NONE',  ( -406.2680756768924653, 4.687416699501573802, -169.1568460911445868 ) ) ;
#2695 = CARTESIAN_POINT ( 'NONE',  ( -348.8467603921963018, 5.847915706122385870, -169.3656593597661981 ) ) ;
#2696 = CARTESIAN_POINT ( 'NONE',  ( -366.7158142648374906, 3.625000007438456517, 19.70835166220001256 ) ) ;
#2697 = DIRECTION ( 'NONE',  ( -1.000000000000000000, -0.000000000000000000, -0.000000000000000000 ) ) ;
#2698 = CARTESIAN_POINT ( 'NONE',  ( -268.8556549163546379, 8.000000000000000000, 0.000000000000000000 ) ) ;
#2699 = CARTESIAN_POINT ( 'NONE',  ( -306.3244986567764840, 4.645770204743610243, 19.52837394785248648 ) ) ;
#2700 = UNCERTAINTY_MEASURE_WITH_UNIT (LENGTH_MEASURE( 1.000000000000000082E-05 ), #6153, 'distance_accuracy_value', 'NONE');
#2701 = FACE_OUTER_BOUND ( 'NONE', #1052, .T. ) ;
#2702 = CARTESIAN_POINT ( 'NONE',  ( -345.9853736802811568, 5.003640207569636900, 18.45466831438454136 ) ) ;
#2703 = CARTESIAN_POINT ( 'NONE',  ( -347.0145012863557099, 4.500000000000000000, 18.71619492148794706 ) ) ;
#2704 = CARTESIAN_POINT ( 'NONE',  ( -407.4428557303485263, 4.687071811803892984, -169.1570276738594316 ) ) ;
#2705 = CARTESIAN_POINT ( 'NONE',  ( -246.8556549163562579, 2.928881480391135828, -97.12194286945727129 ) ) ;
#2706 = EDGE_CURVE ( 'NONE', #4117, #8382, #5362, .T. ) ;
#2707 = CARTESIAN_POINT ( 'NONE',  ( -385.0758246923423940, 4.972866850357502422, 19.34438404256382427 ) ) ;
#2708 = CARTESIAN_POINT ( 'NONE',  ( -326.0547932183839066, 4.875924695994008573, 19.42011256173977429 ) ) ;
#2709 = CARTESIAN_POINT ( 'NONE',  ( -424.9038783738810707, 5.560135856430376222, 19.04581960036740540 ) ) ;
#2710 = CARTESIAN_POINT ( 'NONE',  ( -387.8556549163546379, 6.124999999999970690, -169.1555557941079542 ) ) ;
#2711 = VERTEX_POINT ( 'NONE', #2424 ) ;
#2712 = CARTESIAN_POINT ( 'NONE',  ( -406.6962559281095650, 3.624999999999966693, 19.70835166313717224 ) ) ;
#2713 = ORIENTED_EDGE ( 'NONE', *, *, #1294, .T. ) ;
#2714 = ORIENTED_EDGE ( 'NONE', *, *, #4003, .F. ) ;
#2715 = CARTESIAN_POINT ( 'NONE',  ( -407.0145012863557099, 4.500000000000000000, 18.71619492148793995 ) ) ;
#2716 = CARTESIAN_POINT ( 'NONE',  ( -442.8556549163562295, 0.000000000000000000, 0.000000000000000000 ) ) ;
#2717 = EDGE_CURVE ( 'NONE', #8593, #7133, #1366, .T. ) ;
#2718 = DIRECTION ( 'NONE',  ( 0.000000000000000000, 0.000000000000000000, -1.000000000000000000 ) ) ;
#2719 = DIRECTION ( 'NONE',  ( -1.000000000000000000, -0.000000000000000000, -0.000000000000000000 ) ) ;
#2720 = CARTESIAN_POINT ( 'NONE',  ( -367.9085373833142398, 5.400530990987481239, 19.14598017579384859 ) ) ;
#2721 = VERTEX_POINT ( 'NONE', #1113 ) ;
#2722 = EDGE_CURVE ( 'NONE', #2265, #1588, #5886, .T. ) ;
#2723 = CARTESIAN_POINT ( 'NONE',  ( -368.8556549163546379, 8.000000000000000000, 0.000000000000000000 ) ) ;
#2724 = CARTESIAN_POINT ( 'NONE',  ( -388.3192064024752312, 4.413286528475440562, -170.0503831160281436 ) ) ;
#2725 = ORIENTED_EDGE ( 'NONE', *, *, #982, .F. ) ;
#2726 = ORIENTED_EDGE ( 'NONE', *, *, #7328, .T. ) ;
#2727 = CARTESIAN_POINT ( 'NONE',  ( -268.8556549274293275, 5.988627236847626101, -169.2647413880723661 ) ) ;
#2728 = CARTESIAN_POINT ( 'NONE',  ( -284.8556549163546379, 8.000000000000000000, -8.322455441653029451E-14 ) ) ;
#2729 = DIRECTION ( 'NONE',  ( 0.000000000000000000, 0.000000000000000000, -1.000000000000000000 ) ) ;
#2730 = CARTESIAN_POINT ( 'NONE',  ( -427.9346251257289282, 5.710072106083486254, -169.4595015101596402 ) ) ;
#2731 = ORIENTED_EDGE ( 'NONE', *, *, #7043, .F. ) ;
#2732 = CARTESIAN_POINT ( 'NONE',  ( -445.8556549163562863, 0.000000000000000000, 9.747567954891122710 ) ) ;
#2733 = EDGE_CURVE ( 'NONE', #3123, #1984, #6103, .T. ) ;
#2734 = DIRECTION ( 'NONE',  ( -1.278217298088173986E-16, 0.000000000000000000, 1.000000000000000000 ) ) ;
#2735 = TOROIDAL_SURFACE ( 'NONE', #500, 4.000000000000000000, 1.000000000000000000 ) ;
#2736 = EDGE_LOOP ( 'NONE', ( #7499, #3172, #8406, #6204 ) ) ;
#2737 = DIRECTION ( 'NONE',  ( 0.000000000000000000, 0.000000000000000000, 1.000000000000000000 ) ) ;
#2738 = CARTESIAN_POINT ( 'NONE',  ( -428.8556549163546379, 3.000000000000000000, -165.2524320451089181 ) ) ;
#2739 = CARTESIAN_POINT ( 'NONE',  ( -407.1962908863437747, 4.557275686227510114, -169.2053451122197600 ) ) ;
#2740 = ORIENTED_CLOSED_SHELL ( 'NONE', *, #4123, .F. );
#2741 = CARTESIAN_POINT ( 'NONE',  ( -347.8556549163546379, 4.500000000000000888, 19.74756795489107475 ) ) ;
#2742 = CARTESIAN_POINT ( 'NONE',  ( -266.7017651815500585, 4.508727177064944414, 19.59378512594877364 ) ) ;
#2743 = CARTESIAN_POINT ( 'NONE',  ( -305.8029079935165555, 5.399915996862181267, 19.14633273389707568 ) ) ;
#2744 = CARTESIAN_POINT ( 'NONE',  ( -424.8556549163546379, 3.000000000000000000, 14.74756795489105521 ) ) ;
#2745 = FACE_OUTER_BOUND ( 'NONE', #7445, .T. ) ;
#2746 = CARTESIAN_POINT ( 'NONE',  ( -307.0152978225283960, 3.625000000000000888, 19.70835166313717934 ) ) ;
#2747 = AXIS2_PLACEMENT_3D ( 'NONE', #7542, #7291, #6636 ) ;
#2748 = CARTESIAN_POINT ( 'NONE',  ( -428.2240949084434192, 4.293400979081430258, 19.57871958445520022 ) ) ;
#2749 = TOROIDAL_SURFACE ( 'NONE', #4375, 4.000000000000000000, 1.000000000000000000 ) ;
#2750 = CIRCLE ( 'NONE', #3344, 1.000000000000000888 ) ;
#2751 = CARTESIAN_POINT ( 'NONE',  ( -385.2120305543443237, 4.691125519188174664, 19.45532923085622556 ) ) ;
#2752 = CARTESIAN_POINT ( 'NONE',  ( -325.8556549163545810, 5.499999999999988454, 17.87006695409028723 ) ) ;
#2753 = CYLINDRICAL_SURFACE ( 'NONE', #7069, 1.150000000000017231 ) ;
#2754 = ADVANCED_FACE ( 'NONE', ( #1774 ), #8647, .F. ) ;
#2755 = DIRECTION ( 'NONE',  ( -0.000000000000000000, 1.000000000000000000, -0.000000000000000000 ) ) ;
#2756 = CARTESIAN_POINT ( 'NONE',  ( -387.3821581955502893, 4.647039145978149044, -169.1736827778622967 ) ) ;
#2757 = ORIENTED_EDGE ( 'NONE', *, *, #5634, .F. ) ;
#2758 = CARTESIAN_POINT ( 'NONE',  ( -365.8796730116316098, 5.274488668813468450, -168.6905061599154863 ) ) ;
#2759 = VERTEX_POINT ( 'NONE', #6936 ) ;
#2760 = ORIENTED_EDGE ( 'NONE', *, *, #8088, .T. ) ;
#2761 = CARTESIAN_POINT ( 'NONE',  ( -444.8556549163562295, 3.750000000000000000, -77.15243204510890962 ) ) ;
#2762 = DIRECTION ( 'NONE',  ( -0.000000000000000000, -0.000000000000000000, 1.000000000000000000 ) ) ;
#2763 = CARTESIAN_POINT ( 'NONE',  ( -345.8221357381985399, 6.023604503296771995, 18.73187307252253575 ) ) ;
#2764 = DIRECTION ( 'NONE',  ( 0.000000000000000000, 0.000000000000000000, -1.000000000000000000 ) ) ;
#2765 = CIRCLE ( 'NONE', #3202, 1.349999999999976108 ) ;
#2766 = DIRECTION ( 'NONE',  ( 0.000000000000000000, 0.000000000000000000, 1.000000000000000000 ) ) ;
#2767 = VERTEX_POINT ( 'NONE', #6146 ) ;
#2768 = CIRCLE ( 'NONE', #5147, 1.150000000000012124 ) ;
#2769 = CARTESIAN_POINT ( 'NONE',  ( -445.8556549163562863, 3.750000000000000000, -150.0024320451088897 ) ) ;
#2770 = CARTESIAN_POINT ( 'NONE',  ( -248.3973958834188238, 3.200939079418112065, -94.95953506920741916 ) ) ;
#2771 = ORIENTED_EDGE ( 'NONE', *, *, #2219, .F. ) ;
#2772 = ADVANCED_FACE ( 'NONE', ( #4148 ), #5502, .F. ) ;
#2773 = ORIENTED_EDGE ( 'NONE', *, *, #273, .F. ) ;
#2774 = CARTESIAN_POINT ( 'NONE',  ( -284.8556549163546379, 6.124999999999944933, 18.65069170389011788 ) ) ;
#2775 = CARTESIAN_POINT ( 'NONE',  ( -325.9654941494569016, 5.039695888598653362, -168.9293852508969280 ) ) ;
#2776 = CARTESIAN_POINT ( 'NONE',  ( -367.3821581955502324, 4.647039145978149044, -169.1736827778622967 ) ) ;
#2777 = CARTESIAN_POINT ( 'NONE',  ( -384.8556549163546379, 6.124999999999944933, 18.65069170389010367 ) ) ;
#2778 = ORIENTED_EDGE ( 'NONE', *, *, #429, .T. ) ;
#2779 = DIRECTION ( 'NONE',  ( 1.000000000000000000, 0.000000000000000000, 0.000000000000000000 ) ) ;
#2780 = DIRECTION ( 'NONE',  ( -1.000000000000000000, -0.000000000000000000, -2.921639538487254261E-16 ) ) ;
#2781 = VERTEX_POINT ( 'NONE', #4905 ) ;
#2782 = PLANE ( 'NONE',  #819 ) ;
#2783 = CIRCLE ( 'NONE', #7970, 5.000000000000004441 ) ;
#2784 = CARTESIAN_POINT ( 'NONE',  ( -364.8645494405129170, 5.847915706120986101, 18.86079526954922869 ) ) ;
#2785 = AXIS2_PLACEMENT_3D ( 'NONE', #5029, #8606, #5116 ) ;
#2786 = CARTESIAN_POINT ( 'NONE',  ( -246.8556549163562295, 3.451986392690698846, -55.25953815693608817 ) ) ;
#2787 = EDGE_CURVE ( 'NONE', #813, #749, #7726, .T. ) ;
#2788 = EDGE_CURVE ( 'NONE', #1588, #2807, #8327, .T. ) ;
#2789 = CARTESIAN_POINT ( 'NONE',  ( -265.5786175973169065, 4.193287934494549063, 19.60417564810643754 ) ) ;
#2790 = CARTESIAN_POINT ( 'NONE',  ( -328.8556549163545810, 6.124999999999951150, -169.1555557941079542 ) ) ;
#2791 = AXIS2_PLACEMENT_3D ( 'NONE', #6098, #2654, #1107 ) ;
#2792 = CARTESIAN_POINT ( 'NONE',  ( -246.8556549163562295, 2.076844121878480998, -53.25243204510890394 ) ) ;
#2793 = CIRCLE ( 'NONE', #4421, 5.000000000000004441 ) ;
#2794 = B_SPLINE_CURVE_WITH_KNOTS ( 'NONE', 3,
 ( #9082, #9033, #8274, #2052, #2705, #2657, #649, #3492, #1908, #7725, #1357, #8324, #6331, #2797, #1312, #5543, #1955, #8985 ),
 .UNSPECIFIED., .F., .F.,
 ( 4, 2, 2, 2, 2, 2, 2, 2, 4 ),
 ( 0.000000000000000000, 0.0008600395178105911141, 0.001720079035621182228, 0.002580118553431773234, 0.003440158071242364456, 0.004300197589052955245, 0.005160237106863546468, 0.006020276624674137690, 0.006880316142484728913 ),
 .UNSPECIFIED. ) ;
#2795 = DIRECTION ( 'NONE',  ( -0.000000000000000000, -1.000000000000000000, 0.000000000000000000 ) ) ;
#2796 = CARTESIAN_POINT ( 'NONE',  ( -442.8556549163562295, 3.750000000000000000, -151.1524320451088954 ) ) ;
#2797 = CARTESIAN_POINT ( 'NONE',  ( -246.8556549163563147, 5.925461614404428978, -94.66308105067696488 ) ) ;
#2798 = VECTOR ( 'NONE', #7702, 1000.000000000000000 ) ;
#2799 = CIRCLE ( 'NONE', #3242, 1.000000000000002665 ) ;
#2800 = EDGE_CURVE ( 'NONE', #4117, #2588, #4151, .T. ) ;
#2801 = DIRECTION ( 'NONE',  ( 0.000000000000000000, 0.000000000000000000, -1.000000000000000000 ) ) ;
#2802 = CARTESIAN_POINT ( 'NONE',  ( -325.7766847069803475, 5.710072106084364663, 18.95463741994086604 ) ) ;
#2803 = CARTESIAN_POINT ( 'NONE',  ( -308.8556549163546379, 6.124999999999978684, 18.65069170389008590 ) ) ;
#2804 = DIRECTION ( 'NONE',  ( 1.000000000000000000, 0.000000000000000000, 2.921639538487254261E-16 ) ) ;
#2805 = EDGE_CURVE ( 'NONE', #1365, #8018, #9061, .T. ) ;
#2806 = CARTESIAN_POINT ( 'NONE',  ( -388.1326922353961777, 4.193287934497922365, -170.1090397383235597 ) ) ;
#2807 = VERTEX_POINT ( 'NONE', #2096 ) ;
#2808 = CARTESIAN_POINT ( 'NONE',  ( -305.0381541654786020, 5.070576912793788971, -169.8058771670545184 ) ) ;
#2809 = ORIENTED_EDGE ( 'NONE', *, *, #7338, .F. ) ;
#2810 = ORIENTED_EDGE ( 'NONE', *, *, #5688, .F. ) ;
#2811 = CARTESIAN_POINT ( 'NONE',  ( -407.6565166143253123, 4.875924695994214630, -169.9249766519568823 ) ) ;
#2812 = PLANE ( 'NONE',  #3363 ) ;
#2813 = CARTESIAN_POINT ( 'NONE',  ( -345.8991525913326086, 5.115861466910059718, 19.30120737942184661 ) ) ;
#2814 = CARTESIAN_POINT ( 'NONE',  ( -328.1453858966529538, 4.184638865657097639, 19.61213454737423234 ) ) ;
#2815 = CARTESIAN_POINT ( 'NONE',  ( -266.8556549163546379, 5.500000000000000888, 0.000000000000000000 ) ) ;
#2816 = CYLINDRICAL_SURFACE ( 'NONE', #2200, 1.000000000000000888 ) ;
#2817 = ORIENTED_EDGE ( 'NONE', *, *, #1059, .F. ) ;
#2818 = ORIENTED_EDGE ( 'NONE', *, *, #8998, .T. ) ;
#2819 = ADVANCED_FACE ( 'NONE', ( #6244 ), #512, .T. ) ;
#2820 = DIRECTION ( 'NONE',  ( 1.000000000000000000, 0.000000000000000000, 0.000000000000000000 ) ) ;
#2821 = FACE_BOUND ( 'NONE', #3381, .T. ) ;
#2822 = CARTESIAN_POINT ( 'NONE',  ( -367.8121572413804756, 5.115861466909996658, -169.8060714696395337 ) ) ;
#2823 = CARTESIAN_POINT ( 'NONE',  ( -428.6354851403668818, 4.972866850357087642, -169.8492481327818382 ) ) ;
#2824 = VERTEX_POINT ( 'NONE', #6885 ) ;
#2825 = CARTESIAN_POINT ( 'NONE',  ( -285.7771466374533134, 5.604658406166490359, -169.5274669064384057 ) ) ;
#2826 = CARTESIAN_POINT ( 'NONE',  ( -345.8556549163545810, 3.000000000000000000, -165.2524320451089181 ) ) ;
#2827 = ORIENTED_EDGE ( 'NONE', *, *, #650, .T. ) ;
#2828 = DIRECTION ( 'NONE',  ( 0.000000000000000000, 0.000000000000000000, 1.000000000000000000 ) ) ;
#2829 = CARTESIAN_POINT ( 'NONE',  ( -366.1655068274291125, 4.773209397924883746, 18.60965155063050602 ) ) ;
#2830 = CARTESIAN_POINT ( 'NONE',  ( -248.7204828423697336, 1.943409958863441478, -55.25830177161480350 ) ) ;
#2831 = CARTESIAN_POINT ( 'NONE',  ( -425.5659239360486481, 4.184638865665688989, -170.1169986375894894 ) ) ;
#2832 = DIRECTION ( 'NONE',  ( -1.000000000000000000, -0.000000000000000000, -0.000000000000000000 ) ) ;
#2833 = ADVANCED_FACE ( 'NONE', ( #7629 ), #4054, .F. ) ;
#2834 = CARTESIAN_POINT ( 'NONE',  ( -347.1715777490385904, 4.538726258075910458, 18.70822841259225555 ) ) ;
#2835 = CARTESIAN_POINT ( 'NONE',  ( 0.000000000000000000, 8.000000000000000000, 0.000000000000000000 ) ) ;
#2836 = EDGE_CURVE ( 'NONE', #4612, #2161, #3413, .T. ) ;
#2837 = CARTESIAN_POINT ( 'NONE',  ( -327.5934564685669557, 4.807602833729585079, -169.9572802257344222 ) ) ;
#2838 = CARTESIAN_POINT ( 'NONE',  ( -285.8285758049790388, 3.971882637441350283, -170.1577872574326591 ) ) ;
#2839 = CARTESIAN_POINT ( 'NONE',  ( -326.1655068274289988, 4.773209397924948583, 18.60965155063050958 ) ) ;
#2840 = CARTESIAN_POINT ( 'NONE',  ( -426.8556549163545810, 4.500000000000000888, 19.59811202517613538 ) ) ;
#2841 = CARTESIAN_POINT ( 'NONE',  ( -444.8556549163562295, 1.199999999999999956, -68.25243204510887551 ) ) ;
#2842 = CARTESIAN_POINT ( 'NONE',  ( -267.6783787610585250, 4.927818611581318287, 18.51276529629164358 ) ) ;
#2843 = VERTEX_POINT ( 'NONE', #6289 ) ;
#2844 = EDGE_CURVE ( 'NONE', #1086, #4070, #1337, .T. ) ;
#2845 = CARTESIAN_POINT ( 'NONE',  ( -365.7767238698797314, 5.710848127066449287, -169.4589822817108882 ) ) ;
#2846 = ORIENTED_EDGE ( 'NONE', *, *, #5506, .T. ) ;
#2847 = ORIENTED_EDGE ( 'NONE', *, *, #418, .T. ) ;
#2848 = EDGE_CURVE ( 'NONE', #771, #190, #134, .T. ) ;
#2849 = LINE ( 'NONE', #7694, #8384 ) ;
#2850 = CARTESIAN_POINT ( 'NONE',  ( -328.8556549163545810, 5.499999999999960920, -168.3749310443081413 ) ) ;
#2851 = CARTESIAN_POINT ( 'NONE',  ( -346.1655068274289988, 4.773209397924917496, 18.60965155063026444 ) ) ;
#2852 = CARTESIAN_POINT ( 'NONE',  ( -326.8556549163546379, 4.500000000000000888, 19.59811202517614959 ) ) ;
#2853 = CARTESIAN_POINT ( 'NONE',  ( -307.5570656760510246, 4.783366251787011691, 18.60397357213509295 ) ) ;
#2854 = CARTESIAN_POINT ( 'NONE',  ( -248.2810613646094566, 3.935844178354401368, -94.33793293057937035 ) ) ;
#2855 = ORIENTED_EDGE ( 'NONE', *, *, #2115, .T. ) ;
#2856 = VERTEX_POINT ( 'NONE', #2233 ) ;
#2857 = CARTESIAN_POINT ( 'NONE',  ( -267.9346251257289282, 5.710072106083486254, -169.4595015101596402 ) ) ;
#2858 = AXIS2_PLACEMENT_3D ( 'NONE', #8792, #312, #8082 ) ;
#2859 = CARTESIAN_POINT ( 'NONE',  ( -324.9036911114030204, 5.561221672468229293, -169.5500246878038411 ) ) ;
#2860 = AXIS2_PLACEMENT_3D ( 'NONE', #8008, #7403, #4522 ) ;
#2861 = CARTESIAN_POINT ( 'NONE',  ( -366.9333269932108124, 4.500000003626995593, -170.1029761136050524 ) ) ;
#2862 = CARTESIAN_POINT ( 'NONE',  ( -384.9921967915283290, 5.205896708463897404, 19.23730042618852920 ) ) ;
#2863 = ORIENTED_EDGE ( 'NONE', *, *, #4957, .T. ) ;
#2864 = CARTESIAN_POINT ( 'NONE',  ( -286.7179920740174452, 4.500000000000000888, -169.2210590106588768 ) ) ;
#2865 = ADVANCED_FACE ( 'NONE', ( #3675 ), #3022, .F. ) ;
#2866 = CARTESIAN_POINT ( 'NONE',  ( -287.3782660746425108, 4.643937170568207762, -169.1747185638574820 ) ) ;
#2867 = CARTESIAN_POINT ( 'NONE',  ( -387.8556549163545242, 5.416284592704887046, -168.5089829804601607 ) ) ;
#2868 = VERTEX_POINT ( 'NONE', #6419 ) ;
#2869 = DIRECTION ( 'NONE',  ( -1.000000000000000000, 0.000000000000000000, 0.000000000000000000 ) ) ;
#2870 = CARTESIAN_POINT ( 'NONE',  ( -366.0338427332812898, 4.926450206952925903, 18.51377697833382996 ) ) ;
#2871 = CARTESIAN_POINT ( 'NONE',  ( -246.8556549163562295, 3.751463436481071501, -53.64583880150192385 ) ) ;
#2872 = CARTESIAN_POINT ( 'NONE',  ( -425.8600848882931587, 5.389381927037358189, -168.5427051402528775 ) ) ;
#2873 = DIRECTION ( 'NONE',  ( 0.000000000000000000, 0.000000000000000000, 1.000000000000000000 ) ) ;
#2874 = AXIS2_PLACEMENT_3D ( 'NONE', #799, #7961, #5093 ) ;
#2875 = CARTESIAN_POINT ( 'NONE',  ( -446.8556549163562863, 0.000000000000000000, 9.747567954891122710 ) ) ;
#2876 = AXIS2_PLACEMENT_3D ( 'NONE', #4093, #6183, #9119 ) ;
#2877 = CARTESIAN_POINT ( 'NONE',  ( -326.3332601840947405, 4.643806473694051640, -169.1747701886794744 ) ) ;
#2878 = DIRECTION ( 'NONE',  ( 0.000000000000000000, 0.000000000000000000, -1.000000000000000000 ) ) ;
#2879 = CARTESIAN_POINT ( 'NONE',  ( -327.8121572413803619, 5.115861466909973565, -169.8060714696393916 ) ) ;
#2880 = AXIS2_PLACEMENT_3D ( 'NONE', #1495, #7855, #7899 ) ;
#2881 = EDGE_CURVE ( 'NONE', #9004, #7796, #2188, .T. ) ;
#2882 = CARTESIAN_POINT ( 'NONE',  ( -285.1540828074996057, 4.802408741466628328, -169.9185304108797254 ) ) ;
#2883 = CARTESIAN_POINT ( 'NONE',  ( -445.8556549163562863, 3.750000000000000000, 0.8475679548910920458 ) ) ;
#2884 = DIRECTION ( 'NONE',  ( 0.000000000000000000, 0.000000000000000000, 1.000000000000000000 ) ) ;
#2885 = VECTOR ( 'NONE', #6845, 1000.000000000000000 ) ;
#2886 = CARTESIAN_POINT ( 'NONE',  ( -307.8162274172789807, 5.215001926882411709, 18.25363391293028670 ) ) ;
#2887 = CARTESIAN_POINT ( 'NONE',  ( -442.8556549163562295, 3.750000000000000000, -156.5024320451088897 ) ) ;
#2888 = CARTESIAN_POINT ( 'NONE',  ( -287.4733861663403900, 3.739288344263300257, 19.69282342312304479 ) ) ;
#2889 = ORIENTED_EDGE ( 'NONE', *, *, #7077, .F. ) ;
#2890 = CARTESIAN_POINT ( 'NONE',  ( -306.8556549163545810, 4.500000000000000888, -169.2210590117058189 ) ) ;
#2891 = ORIENTED_EDGE ( 'NONE', *, *, #6966, .T. ) ;
#2892 = CARTESIAN_POINT ( 'NONE',  ( -344.8556549163545810, 3.000000000000000000, -165.2524320451089181 ) ) ;
#2893 = CIRCLE ( 'NONE', #2004, 4.000000000000000000 ) ;
#2894 = ADVANCED_FACE ( 'NONE', ( #5821 ), #3721, .F. ) ;
#2895 = EDGE_CURVE ( 'NONE', #3552, #2856, #2218, .T. ) ;
#2896 = CARTESIAN_POINT ( 'NONE',  ( -347.6913256801167336, 4.946426151581515107, -169.0038865453106780 ) ) ;
#2897 = CARTESIAN_POINT ( 'NONE',  ( -288.8556549163546379, 7.000000000000000000, 14.74756795489107120 ) ) ;
#2898 = VECTOR ( 'NONE', #4962, 1000.000000000000000 ) ;
#2899 = CARTESIAN_POINT ( 'NONE',  ( -388.8556549163546379, 6.124999999999951150, -169.1555557941079542 ) ) ;
#2900 = FACE_OUTER_BOUND ( 'NONE', #8821, .T. ) ;
#2901 = CARTESIAN_POINT ( 'NONE',  ( -246.8556549163562863, 4.390834338924537228, -94.43506231317812194 ) ) ;
#2902 = ORIENTED_EDGE ( 'NONE', *, *, #2074, .F. ) ;
#2903 = EDGE_LOOP ( 'NONE', ( #5280, #7290, #1094, #1197 ) ) ;
#2904 = FACE_OUTER_BOUND ( 'NONE', #1705, .T. ) ;
#2905 = CARTESIAN_POINT ( 'NONE',  ( -408.8556549163546379, 7.000000000000000000, -165.2524320451089181 ) ) ;
#2906 = CARTESIAN_POINT ( 'NONE',  ( -366.9954955678716715, 3.625000007438516914, -170.2132157524178524 ) ) ;
#2907 = CARTESIAN_POINT ( 'NONE',  ( -326.3330437580667649, 4.643937170568182005, 18.66985447363969541 ) ) ;
#2908 = ORIENTED_EDGE ( 'NONE', *, *, #3283, .T. ) ;
#2909 = CARTESIAN_POINT ( 'NONE',  ( -285.8950824154304087, 5.215001926881828176, -168.7584980031488442 ) ) ;
#2910 = CARTESIAN_POINT ( 'NONE',  ( -284.8556549163546379, 6.124999999999970690, 18.65069170389009656 ) ) ;
#2911 = CARTESIAN_POINT ( 'NONE',  ( -367.1725692415428739, 3.649012588301082882, -170.2103416934246525 ) ) ;
#2912 = ORIENTED_EDGE ( 'NONE', *, *, #8396, .T. ) ;
#2913 = FACE_OUTER_BOUND ( 'NONE', #7279, .T. ) ;
#2914 = AXIS2_PLACEMENT_3D ( 'NONE', #3843, #8730, #6679 ) ;
#2915 = CARTESIAN_POINT ( 'NONE',  ( -364.9038783738810707, 5.560135856430376222, 19.04581960036741251 ) ) ;
#2916 = CARTESIAN_POINT ( 'NONE',  ( -308.8556549163546379, 3.000000000000000000, -165.2524320451089181 ) ) ;
#2917 = EDGE_CURVE ( 'NONE', #1855, #5655, #2515, .T. ) ;
#2918 = AXIS2_PLACEMENT_3D ( 'NONE', #9099, #5615, #6852 ) ;
#2919 = CARTESIAN_POINT ( 'NONE',  ( -425.8027724493948654, 5.400530990986086799, -169.6508442660082494 ) ) ;
#2920 = DIRECTION ( 'NONE',  ( 0.000000000000000000, -1.000000000000000000, 0.000000000000000000 ) ) ;
#2921 = LINE ( 'NONE', #5074, #4802 ) ;
#2922 = DIRECTION ( 'NONE',  ( -0.000000000000000000, -1.000000000000000000, -0.000000000000000000 ) ) ;
#2923 = CARTESIAN_POINT ( 'NONE',  ( -407.1656252369825211, 4.546024630548740397, -169.2085473060919298 ) ) ;
#2924 = AXIS2_PLACEMENT_3D ( 'NONE', #7196, #3014, #5679 ) ;
#2925 = CARTESIAN_POINT ( 'NONE',  ( -428.3194221116168592, 4.413458803463290003, 19.54549775887513618 ) ) ;
#2926 = AXIS2_PLACEMENT_3D ( 'NONE', #2892, #1546, #5135 ) ;
#2927 = EDGE_CURVE ( 'NONE', #7231, #1511, #8656, .T. ) ;
#2928 = CIRCLE ( 'NONE', #1460, 1.000000000000002665 ) ;
#2929 = DIRECTION ( 'NONE',  ( 0.000000000000000000, -0.000000000000000000, 1.000000000000000000 ) ) ;
#2930 = CARTESIAN_POINT ( 'NONE',  ( -406.8556549163546379, 4.500000000000000888, 18.71619492148794350 ) ) ;
#2931 = CARTESIAN_POINT ( 'NONE',  ( -287.6023976767530144, 4.799337897231906069, 19.45768888869954338 ) ) ;
#2932 = CARTESIAN_POINT ( 'NONE',  ( -307.8891550493725617, 6.023662094633622566, 18.73182695911975415 ) ) ;
#2933 = VERTEX_POINT ( 'NONE', #6558 ) ;
#2934 = DIRECTION ( 'NONE',  ( 1.000000000000000000, -0.000000000000000000, 1.278217298088173739E-16 ) ) ;
#2935 = ADVANCED_FACE ( 'NONE', ( #2279 ), #742, .T. ) ;
#2936 = CARTESIAN_POINT ( 'NONE',  ( -267.7659609333620097, 5.030307165849404960, 19.34439754652068189 ) ) ;
#2937 = ORIENTED_EDGE ( 'NONE', *, *, #6402, .T. ) ;
#2938 = AXIS2_PLACEMENT_3D ( 'NONE', #7227, #8535, #2952 ) ;
#2939 = CIRCLE ( 'NONE', #4132, 5.000000000000000888 ) ;
#2940 = CARTESIAN_POINT ( 'NONE',  ( -267.8003840466089969, 5.167696473586352646, -168.8084823262176428 ) ) ;
#2941 = ORIENTED_EDGE ( 'NONE', *, *, #4182, .F. ) ;
#2942 = VECTOR ( 'NONE', #7198, 1000.000000000000000 ) ;
#2943 = CARTESIAN_POINT ( 'NONE',  ( -267.8459675937750148, 5.324007913114983559, 18.13022991715110876 ) ) ;
#2944 = DIRECTION ( 'NONE',  ( 0.000000000000000000, -0.6249999999999859002, 0.7806247497998110019 ) ) ;
#2945 = FACE_OUTER_BOUND ( 'NONE', #2194, .T. ) ;
#2946 = CARTESIAN_POINT ( 'NONE',  ( -327.9345859628257358, 5.710848127064498847, 18.95411819148985799 ) ) ;
#2947 = AXIS2_PLACEMENT_3D ( 'NONE', #7662, #5578, #8456 ) ;
#2948 = CARTESIAN_POINT ( 'NONE',  ( -307.8556549163546379, 5.416358229831103266, 18.00400097647164444 ) ) ;
#2949 = EDGE_CURVE ( 'NONE', #8190, #759, #7010, .T. ) ;
#2950 = CARTESIAN_POINT ( 'NONE',  ( -248.8556549163562295, 1.500000000000029532, -95.25243204510888972 ) ) ;
#2951 = ORIENTED_EDGE ( 'NONE', *, *, #5840, .F. ) ;
#2952 = DIRECTION ( 'NONE',  ( 1.000000000000000000, 0.000000000000000000, 0.000000000000000000 ) ) ;
#2953 = EDGE_LOOP ( 'NONE', ( #5928, #6026, #791, #5276 ) ) ;
#2954 = EDGE_CURVE ( 'NONE', #944, #2149, #2963, .T. ) ;
#2955 = ORIENTED_EDGE ( 'NONE', *, *, #8448, .T. ) ;
#2956 = CARTESIAN_POINT ( 'NONE',  ( -248.3979275677608882, 3.198239654026564072, -55.54408554907963946 ) ) ;
#2957 = CARTESIAN_POINT ( 'NONE',  ( -405.8027724493948654, 5.400530990986086799, -169.6508442660082494 ) ) ;
#2958 = CARTESIAN_POINT ( 'NONE',  ( -367.5458030052795948, 4.773209397924164321, -169.1145156408490777 ) ) ;
#2959 = DIRECTION ( 'NONE',  ( 0.000000000000000000, 0.000000000000000000, 1.000000000000000000 ) ) ;
#2960 = EDGE_LOOP ( 'NONE', ( #4351, #4592, #2336, #6069 ) ) ;
#2961 = LINE ( 'NONE', #6542, #4874 ) ;
#2962 = CYLINDRICAL_SURFACE ( 'NONE', #4431, 5.000000000000004441 ) ;
#2963 = CIRCLE ( 'NONE', #8611, 4.500000000000003553 ) ;
#2964 = LINE ( 'NONE', #5810, #6043 ) ;
#2965 = ORIENTED_EDGE ( 'NONE', *, *, #1072, .F. ) ;
#2966 = CARTESIAN_POINT ( 'NONE',  ( -405.8556549163546379, 5.500000000000000888, 17.87006695409029078 ) ) ;
#2967 = EDGE_CURVE ( 'NONE', #2161, #7564, #8515, .T. ) ;
#2968 = VERTEX_POINT ( 'NONE', #5730 ) ;
#2969 = LINE ( 'NONE', #9165, #5724 ) ;
#2970 = CARTESIAN_POINT ( 'NONE',  ( -368.8556549222436729, 5.988703185082457914, 18.75981649060135936 ) ) ;
#2971 = ADVANCED_FACE ( 'NONE', ( #8564 ), #7854, .F. ) ;
#2972 = CARTESIAN_POINT ( 'NONE',  ( -426.5468425247761957, 4.534290388700399355, -170.0858929734080789 ) ) ;
#2973 = DIRECTION ( 'NONE',  ( -1.000000000000000000, 0.000000000000000000, 0.000000000000000000 ) ) ;
#2974 = PLANE ( 'NONE',  #2055 ) ;
#2975 = DIRECTION ( 'NONE',  ( 0.000000000000000000, -0.000000000000000000, -1.000000000000000000 ) ) ;
#2976 = CARTESIAN_POINT ( 'NONE',  ( -327.3821581955502324, 4.647039145978149044, -169.1736827778622967 ) ) ;
#2977 = DIRECTION ( 'NONE',  ( 0.000000000000000000, 0.000000000000000000, 1.000000000000000000 ) ) ;
#2978 = CARTESIAN_POINT ( 'NONE',  ( -345.2246769367355910, 4.668696823349429259, -169.9676676812983089 ) ) ;
#2979 = DIRECTION ( 'NONE',  ( -1.000000000000000000, -0.000000000000000000, -2.921639538487254261E-16 ) ) ;
#2980 = CARTESIAN_POINT ( 'NONE',  ( -442.8556549163562295, 3.750000000000000000, -78.50243204510888972 ) ) ;
#2981 = ORIENTED_EDGE ( 'NONE', *, *, #2447, .T. ) ;
#2982 = DIRECTION ( 'NONE',  ( 0.000000000000000000, 0.6249999999999882316, 0.7806247497998093365 ) ) ;
#2983 = CARTESIAN_POINT ( 'NONE',  ( -267.8556549163546379, 5.445482461464579593, 17.95736487927646863 ) ) ;
#2985 = ORIENTED_EDGE ( 'NONE', *, *, #3211, .F. ) ;
#2984 = ADVANCED_FACE ( 'NONE', ( #4987 ), #1449, .T. ) ;
#2986 = CARTESIAN_POINT ( 'NONE',  ( -366.8556549163545810, 4.500000000000000888, -169.2210590117058189 ) ) ;
#2987 = ORIENTED_EDGE ( 'NONE', *, *, #8984, .F. ) ;
#2988 = DIRECTION ( 'NONE',  ( -1.000000000000000000, -0.000000000000000000, -2.921639538487254261E-16 ) ) ;
#2989 = FACE_OUTER_BOUND ( 'NONE', #7265, .T. ) ;
#2990 = DIRECTION ( 'NONE',  ( -1.000000000000000000, 0.000000000000000000, -0.000000000000000000 ) ) ;
#2991 = CARTESIAN_POINT ( 'NONE',  ( -266.3000104555045482, 3.698795873745365892, -170.2053751441384293 ) ) ;
#2992 = CARTESIAN_POINT ( 'NONE',  ( -327.7259361524281758, 5.003640207569657328, -168.9595324046023848 ) ) ;
#2993 = CARTESIAN_POINT ( 'NONE',  ( -246.8556549163562011, 2.928145416519122080, -95.40525966915237177 ) ) ;
#2994 = ORIENTED_EDGE ( 'NONE', *, *, #63, .F. ) ;
#2995 = ORIENTED_EDGE ( 'NONE', *, *, #3354, .F. ) ;
#2996 = ORIENTED_EDGE ( 'NONE', *, *, #7493, .F. ) ;
#2997 = EDGE_CURVE ( 'NONE', #6620, #6263, #8307, .T. ) ;
#2998 = B_SPLINE_CURVE_WITH_KNOTS ( 'NONE', 3,
 ( #5124, #3765, #6602, #219, #5911, #8749, #267, #8979, #5955, #4649, #2601, #4559, #7393, #4607, #8893, #8219 ),
 .UNSPECIFIED., .F., .F.,
 ( 4, 2, 2, 2, 2, 2, 2, 4 ),
 ( 0.000000000000000000, 0.0009498534235542482754, 0.001424780135331372467, 0.001899706847108496551, 0.002374633558885620634, 0.002849560270662744935, 0.003324486982439868801, 0.003799413694216993102 ),
 .UNSPECIFIED. ) ;
#2999 = DIRECTION ( 'NONE',  ( -1.000000000000000000, -0.000000000000000000, -0.000000000000000000 ) ) ;
#3000 = CARTESIAN_POINT ( 'NONE',  ( -286.8556549163545810, 4.500000000000000888, -169.2210590117058189 ) ) ;
#3001 = EDGE_CURVE ( 'NONE', #4391, #2619, #2541, .T. ) ;
#3002 = CARTESIAN_POINT ( 'NONE',  ( -444.8556549163562295, 0.000000000000000000, -146.2524320451088897 ) ) ;
#3003 = VERTEX_POINT ( 'NONE', #1887 ) ;
#3004 = PLANE ( 'NONE',  #6785 ) ;
#3005 = CARTESIAN_POINT ( 'NONE',  ( -285.0209758056167857, 5.117512316921691173, 19.28003851050581474 ) ) ;
#3006 = CARTESIAN_POINT ( 'NONE',  ( -367.0150539045997675, 3.624999999999968914, -170.2132157533550298 ) ) ;
#3007 = ORIENTED_EDGE ( 'NONE', *, *, #8785, .F. ) ;
#3008 = CARTESIAN_POINT ( 'NONE',  ( -307.8556549163546379, 5.500000000000000888, 19.74756795489107475 ) ) ;
#3009 = EDGE_LOOP ( 'NONE', ( #7690, #6228, #630, #3844 ) ) ;
#3010 = CARTESIAN_POINT ( 'NONE',  ( -265.0381541654787156, 5.070576912793788971, -169.8058771670545184 ) ) ;
#3011 = CARTESIAN_POINT ( 'NONE',  ( -425.8653422389342040, 5.324007913114984447, -168.6350940073689628 ) ) ;
#3012 = CARTESIAN_POINT ( 'NONE',  ( -426.5778326856142826, 4.529518349318704118, -169.2147865307304357 ) ) ;
#3013 = EDGE_CURVE ( 'NONE', #5326, #5367, #8909, .T. ) ;
#3014 = DIRECTION ( 'NONE',  ( 0.000000000000000000, 0.000000000000000000, -1.000000000000000000 ) ) ;
#3015 = CARTESIAN_POINT ( 'NONE',  ( -384.8556549163546379, 7.000000000000000000, 14.74756795489106054 ) ) ;
#3016 = DIRECTION ( 'NONE',  ( 0.000000000000000000, 0.000000000000000000, 1.000000000000000000 ) ) ;
#3017 = B_SPLINE_CURVE_WITH_KNOTS ( 'NONE', 3,
 ( #8108, #1043, #1746, #4539, #4452, #5240, #6027, #3880, #1000, #4588, #3841, #7416, #8818, #4492, #198, #8776 ),
 .UNSPECIFIED., .F., .F.,
 ( 4, 2, 2, 2, 2, 2, 2, 4 ),
 ( 5.632511157154733508E-17, 0.0004712969428269500388, 0.0009425938856538438075, 0.001413890828480737468, 0.001885187771307631236, 0.002356484714134524788, 0.002827781656961418557, 0.003770375542615203492 ),
 .UNSPECIFIED. ) ;
#3018 = EDGE_CURVE ( 'NONE', #7453, #1605, #3683, .T. ) ;
#3019 = CARTESIAN_POINT ( 'NONE',  ( -327.8891740945094284, 6.023604503293462642, -169.2367371627386206 ) ) ;
#3020 = AXIS2_PLACEMENT_3D ( 'NONE', #8937, #7474, #2414 ) ;
#3021 = CARTESIAN_POINT ( 'NONE',  ( -407.3780496486143647, 4.643806473694052528, 18.66990609846162741 ) ) ;
#3022 = PLANE ( 'NONE',  #2663 ) ;
#3023 = CARTESIAN_POINT ( 'NONE',  ( -345.3918877210923597, 4.413458803463324642, -170.0503618490929796 ) ) ;
#3024 = CARTESIAN_POINT ( 'NONE',  ( -287.8556549163545810, 6.124999999999984013, 18.65069170389008590 ) ) ;
#3025 = CARTESIAN_POINT ( 'NONE',  ( -287.8003840466088832, 5.167696473586352646, -168.8084823262176428 ) ) ;
#3026 = VERTEX_POINT ( 'NONE', #3246 ) ;
#3027 = CARTESIAN_POINT ( 'NONE',  ( -444.8556549163562295, 3.750000000000000000, -0.5024320451088859496 ) ) ;
#3028 = CARTESIAN_POINT ( 'NONE',  ( -266.8556549163546947, 4.500000000000000888, 19.59811202517615669 ) ) ;
#3029 = AXIS2_PLACEMENT_3D ( 'NONE', #3776, #7274, #5833 ) ;
#3030 = CARTESIAN_POINT ( 'NONE',  ( -305.9258535707915030, 5.116383170996374297, -168.8654494467709242 ) ) ;
#3031 = ORIENTED_EDGE ( 'NONE', *, *, #7203, .T. ) ;
#3032 = FACE_OUTER_BOUND ( 'NONE', #818, .T. ) ;
#3033 = EDGE_CURVE ( 'NONE', #8663, #4784, #1237, .T. ) ;
#3034 = DIRECTION ( 'NONE',  ( 1.000000000000000000, 0.000000000000000000, 0.000000000000000000 ) ) ;
#3035 = LINE ( 'NONE', #4440, #2139 ) ;
#3036 = CARTESIAN_POINT ( 'NONE',  ( -284.8556549163546379, 3.000000000000000000, 14.74756795489107120 ) ) ;
#3037 = ORIENTED_EDGE ( 'NONE', *, *, #2391, .F. ) ;
#3038 = ORIENTED_EDGE ( 'NONE', *, *, #7252, .T. ) ;
#3039 = VECTOR ( 'NONE', #6870, 1000.000000000000000 ) ;
#3040 = VERTEX_POINT ( 'NONE', #3935 ) ;
#3041 =( BOUNDED_SURFACE ( )  B_SPLINE_SURFACE ( 3, 2, ( 
 ( #4558, #3946, #5395 ),
 ( #7392, #6782, #3257 ),
 ( #1671, #3858, #6693 ),
 ( #5306, #6095, #8218 ),
 ( #311, #6735, #3155 ),
 ( #4467, #8128, #1765 ),
 ( #3763, #4606, #6600 ),
 ( #218, #3066, #5910 ),
 ( #3897, #358, #8034 ),
 ( #3201, #4508, #7572 ),
 ( #1849, #7671, #6234 ),
 ( #8414, #7617, #1202 ),
 ( #600, #2046, #1250 ),
 ( #7720, #4042, #8267 ) ),
 .UNSPECIFIED., .F., .F., .F. ) 
 B_SPLINE_SURFACE_WITH_KNOTS ( ( 4, 2, 2, 2, 2, 2, 4 ),
 ( 3, 3 ),
 ( 0.001015998582458484817, 0.001428449273945002788, 0.001840899965431520759, 0.002253350656918038514, 0.002665801348404556702, 0.003490702731377592644, 0.004315604114350628587 ),
 ( 0.000000000000000000, 1.000000000000000000 ),
 .UNSPECIFIED. ) 
 GEOMETRIC_REPRESENTATION_ITEM ( )  RATIONAL_B_SPLINE_SURFACE ( (
 ( 1.000000000000000000, 0.7071067811865496822, 1.000000000000000000),
 ( 1.000000000000000000, 0.7191539465610808923, 1.000000000000000000),
 ( 1.000000000000000000, 0.7296663882569656145, 1.000000000000000000),
 ( 1.000000000000000000, 0.7474372416586263501, 1.000000000000000000),
 ( 1.000000000000000000, 0.7547518899045291274, 1.000000000000000000),
 ( 1.000000000000000000, 0.7656299723733375195, 1.000000000000000000),
 ( 1.000000000000000000, 0.7691951883259209310, 1.000000000000000000),
 ( 1.000000000000000000, 0.7731396847002443007, 1.000000000000000000),
 ( 1.000000000000000000, 0.7734820014419292455, 1.000000000000000000),
 ( 1.000000000000000000, 0.7709873420218726903, 1.000000000000000000),
 ( 1.000000000000000000, 0.7646994115819295557, 1.000000000000000000),
 ( 1.000000000000000000, 0.7540697026773163225, 1.000000000000000000),
 ( 1.000000000000000000, 0.7498104614818406066, 1.000000000000000000),
 ( 1.000000000000000000, 0.7500000000000004441, 1.000000000000000000) ) ) 
 REPRESENTATION_ITEM ( '' )  SURFACE ( )  );
#3042 = AXIS2_PLACEMENT_3D ( 'NONE', #5517, #7783, #9146 ) ;
#3043 = CARTESIAN_POINT ( 'NONE',  ( -405.7767238698798451, 5.710848127064479307, -169.4589822817070512 ) ) ;
#3044 = CARTESIAN_POINT ( 'NONE',  ( -250.8556549163562011, 6.099999999999999645, 20.74756795489111028 ) ) ;
#3045 = LINE ( 'NONE', #117, #3106 ) ;
#3046 = ORIENTED_EDGE ( 'NONE', *, *, #339, .F. ) ;
#3047 = CARTESIAN_POINT ( 'NONE',  ( -251.8556549163562579, 3.000000000000000000, -165.2524320451089181 ) ) ;
#3048 = CARTESIAN_POINT ( 'NONE',  ( -286.5493311088921473, 4.544316436061510700, 19.57651407055091397 ) ) ;
#3049 = CARTESIAN_POINT ( 'NONE',  ( -368.3192064024752312, 4.413286528475440562, -170.0503831160281436 ) ) ;
#3050 = VERTEX_POINT ( 'NONE', #8879 ) ;
#3051 = EDGE_CURVE ( 'NONE', #1827, #929, #8352, .T. ) ;
#3052 = CIRCLE ( 'NONE', #216, 1.000000000000002665 ) ;
#3053 = CYLINDRICAL_SURFACE ( 'NONE', #7639, 1.000000000000000888 ) ;
#3054 = ORIENTED_EDGE ( 'NONE', *, *, #5320, .T. ) ;
#3055 = CARTESIAN_POINT ( 'NONE',  ( -246.8556549163562295, 4.621362166351621781, -56.54969916670896168 ) ) ;
#3056 = CARTESIAN_POINT ( 'NONE',  ( -325.7066728493493883, 4.071125995611703630, 19.63282709906238566 ) ) ;
#3057 = CARTESIAN_POINT ( 'NONE',  ( -445.8556549163562863, 7.000000000000000000, -82.25243204510888972 ) ) ;
#3058 = FACE_OUTER_BOUND ( 'NONE', #5086, .T. ) ;
#3059 = CIRCLE ( 'NONE', #8856, 1.000000000000002665 ) ;
#3060 = DIRECTION ( 'NONE',  ( 0.000000000000000000, -0.6249999999999859002, 0.7806247497998110019 ) ) ;
#3061 = VECTOR ( 'NONE', #2884, 1000.000000000000000 ) ;
#3062 = CARTESIAN_POINT ( 'NONE',  ( -265.8556549163545810, 5.500000000000000888, -168.3749310443081413 ) ) ;
#3063 = CARTESIAN_POINT ( 'NONE',  ( -346.8556549163546947, 4.500000000000000888, -170.1029761153939717 ) ) ;
#3064 = CIRCLE ( 'NONE', #3810, 4.999999999999999112 ) ;
#3065 = ADVANCED_FACE ( 'NONE', ( #1143 ), #4187, .F. ) ;
#3066 = CARTESIAN_POINT ( 'NONE',  ( -385.8981480614780821, 5.118084154113605955, -169.8049107095002626 ) ) ;
#3067 = CARTESIAN_POINT ( 'NONE',  ( -445.8556549163562863, 0.000000000000000000, -68.25243204510887551 ) ) ;
#3068 = CARTESIAN_POINT ( 'NONE',  ( -288.6359764537195929, 4.974239720234026052, 19.34375946573917560 ) ) ;
#3069 = CARTESIAN_POINT ( 'NONE',  ( -307.6023976767530144, 4.799337897231787942, 19.45768888870002300 ) ) ;
#3070 = ORIENTED_EDGE ( 'NONE', *, *, #8289, .T. ) ;
#3071 = DIRECTION ( 'NONE',  ( 0.000000000000000000, 0.000000000000000000, -1.000000000000000000 ) ) ;
#3072 = FACE_OUTER_BOUND ( 'NONE', #8398, .T. ) ;
#3073 = CARTESIAN_POINT ( 'NONE',  ( -305.2102072305102070, 4.694546530222388547, -169.9589287182462556 ) ) ;
#3074 = ORIENTED_EDGE ( 'NONE', *, *, #8882, .F. ) ;
#3075 = ADVANCED_FACE ( 'NONE', ( #7137 ), #7710, .F. ) ;
#3076 = CARTESIAN_POINT ( 'NONE',  ( -427.8556549163546379, 5.500000000000000888, 17.87006695409028723 ) ) ;
#3077 = AXIS2_PLACEMENT_3D ( 'NONE', #5388, #5208, #7337 ) ;
#3078 = CARTESIAN_POINT ( 'NONE',  ( -1.885059646467264690E-15, 8.000000000000000000, 14.74756795489110850 ) ) ;
#3079 = EDGE_CURVE ( 'NONE', #3710, #1737, #3797, .T. ) ;
#3080 = FACE_OUTER_BOUND ( 'NONE', #6450, .T. ) ;
#3081 = CARTESIAN_POINT ( 'NONE',  ( -264.8556549163545810, 6.124999999999972466, -169.1555557941079542 ) ) ;
#3082 = VECTOR ( 'NONE', #9087, 1000.000000000000000 ) ;
#3083 = DIRECTION ( 'NONE',  ( -1.000000000000000000, 0.000000000000000000, 0.000000000000000000 ) ) ;
#3084 = CARTESIAN_POINT ( 'NONE',  ( -387.0081178027108990, 4.500000005119374258, 19.59811202265061425 ) ) ;
#3085 = ORIENTED_EDGE ( 'NONE', *, *, #5231, .F. ) ;
#3086 = ORIENTED_EDGE ( 'NONE', *, *, #8696, .T. ) ;
#3087 = VERTEX_POINT ( 'NONE', #9157 ) ;
#3088 = AXIS2_PLACEMENT_3D ( 'NONE', #3236, #4630, #4726 ) ;
#3089 = CIRCLE ( 'NONE', #4893, 5.000000000000004441 ) ;
#3090 = CARTESIAN_POINT ( 'NONE',  ( -405.8981480614780253, 5.118084154113605955, -169.8049107095002626 ) ) ;
#3091 = CARTESIAN_POINT ( 'NONE',  ( -406.6981921440525980, 4.509365819018567478, 18.71396276295644512 ) ) ;
#3092 = CARTESIAN_POINT ( 'NONE',  ( -404.8556549163545810, 7.000000000000000000, -165.2524320451089181 ) ) ;
#3093 = CARTESIAN_POINT ( 'NONE',  ( -327.5570656760510246, 4.783366251787009915, 18.60397357213508940 ) ) ;
#3094 = CARTESIAN_POINT ( 'NONE',  ( -366.4707025613209908, 4.573837122825699986, 18.69542757550806300 ) ) ;
#3095 = ORIENTED_EDGE ( 'NONE', *, *, #4880, .T. ) ;
#3096 = CARTESIAN_POINT ( 'NONE',  ( -436.8556549163562295, 0.000000000000000000, -165.2524320451089181 ) ) ;
#3097 = DIRECTION ( 'NONE',  ( 0.000000000000000000, 0.000000000000000000, 1.000000000000000000 ) ) ;
#3098 = CARTESIAN_POINT ( 'NONE',  ( -366.2680756768924653, 4.687416699501572914, -169.1568460911446152 ) ) ;
#3099 = EDGE_LOOP ( 'NONE', ( #2818, #4994, #4130, #6701 ) ) ;
#3100 = FACE_OUTER_BOUND ( 'NONE', #4107, .T. ) ;
#3101 = EDGE_CURVE ( 'NONE', #7706, #4085, #727, .T. ) ;
#3102 = EDGE_LOOP ( 'NONE', ( #2379, #8238, #6946, #2626 ) ) ;
#3103 = CARTESIAN_POINT ( 'NONE',  ( -248.3226698085670137, 3.638110722908058037, -55.83951290187342664 ) ) ;
#3104 = CARTESIAN_POINT ( 'NONE',  ( -307.8556549163546379, 5.499999999999984013, -168.3749310443081413 ) ) ;
#3105 = CARTESIAN_POINT ( 'NONE',  ( -444.8556549163562295, 3.750000000000000000, -0.5024320451088859496 ) ) ;
#3106 = VECTOR ( 'NONE', #2959, 1000.000000000000000 ) ;
#3107 = ORIENTED_EDGE ( 'NONE', *, *, #7472, .F. ) ;
#3108 = DIRECTION ( 'NONE',  ( -2.921639538487254261E-16, 0.000000000000000000, 1.000000000000000000 ) ) ;
#3109 = DIRECTION ( 'NONE',  ( 0.000000000000000000, 0.000000000000000000, -1.000000000000000000 ) ) ;
#3110 = CARTESIAN_POINT ( 'NONE',  ( -427.8556549163546947, 6.124999999999985789, 18.65069170389006459 ) ) ;
#3111 = CARTESIAN_POINT ( 'NONE',  ( -347.0150539045997675, 3.624999999999968914, -170.2132157533550298 ) ) ;
#3112 = VECTOR ( 'NONE', #7548, 1000.000000000000000 ) ;
#3113 = ADVANCED_FACE ( 'NONE', ( #677 ), #7658, .T. ) ;
#3114 = PLANE ( 'NONE',  #8836 ) ;
#3115 = B_SPLINE_CURVE_WITH_KNOTS ( 'NONE', 3,
 ( #7452, #3232, #1081, #3878, #3791, #4586, #5375, #6075, #334, #6762, #3181, #8914 ),
 .UNSPECIFIED., .F., .F.,
 ( 4, 2, 2, 2, 2, 4 ),
 ( 0.000000000000000000, 0.0004698356480513991547, 0.0009396712961027983094, 0.001174589120128498049, 0.001409506944154197356, 0.001879342592205450252 ),
 .UNSPECIFIED. ) ;
#3116 = CYLINDRICAL_SURFACE ( 'NONE', #4052, 1.150000000000017231 ) ;
#3117 = DIRECTION ( 'NONE',  ( 0.000000000000000000, 0.000000000000000000, 1.000000000000000000 ) ) ;
#3118 = EDGE_CURVE ( 'NONE', #7862, #4587, #635, .T. ) ;
#3119 = FACE_OUTER_BOUND ( 'NONE', #9090, .T. ) ;
#3120 = CARTESIAN_POINT ( 'NONE',  ( -345.1548002534007651, 4.800895434974116860, 19.41426770713571415 ) ) ;
#3121 = CARTESIAN_POINT ( 'NONE',  ( -347.8891550493726186, 6.023662094633818853, 18.73182695911978257 ) ) ;
#3122 = CARTESIAN_POINT ( 'NONE',  ( -284.8845655813710209, 5.613761050926164842, 19.02108699399691716 ) ) ;
#3123 = VERTEX_POINT ( 'NONE', #3476 ) ;
#3124 = CARTESIAN_POINT ( 'NONE',  ( -347.2406072713883418, 4.573837122825717749, -169.2002916657260130 ) ) ;
#3125 = CARTESIAN_POINT ( 'NONE',  ( -406.1743829770999241, 3.768189216954980214, 19.68870928488158611 ) ) ;
#3126 = CARTESIAN_POINT ( 'NONE',  ( -287.4432341558165831, 4.687416699501575579, 18.65198200092680381 ) ) ;
#3127 = CARTESIAN_POINT ( 'NONE',  ( -326.8556549163545810, 4.500000000000000888, 18.71619492148795416 ) ) ;
#3128 = EDGE_CURVE ( 'NONE', #3851, #5337, #2133, .T. ) ;
#3129 = CARTESIAN_POINT ( 'NONE',  ( -445.8556549163562863, 0.000000000000000000, -82.25243204510888972 ) ) ;
#3130 = VERTEX_POINT ( 'NONE', #812 ) ;
#3131 = VERTEX_POINT ( 'NONE', #6540 ) ;
#3132 = EDGE_LOOP ( 'NONE', ( #5483, #1934, #1838, #5046 ) ) ;
#3133 = CARTESIAN_POINT ( 'NONE',  ( -428.0046369833599442, 4.071125995611724058, -170.1376911892802468 ) ) ;
#3134 = CARTESIAN_POINT ( 'NONE',  ( -328.0046369833598305, 4.071125995611724058, -170.1376911892802468 ) ) ;
#3135 = FACE_OUTER_BOUND ( 'NONE', #5565, .T. ) ;
#3136 = CARTESIAN_POINT ( 'NONE',  ( -327.8459675937750148, 5.324007913114983559, 18.13022991715110166 ) ) ;
#3137 = LINE ( 'NONE', #1696, #6906 ) ;
#3138 = EDGE_LOOP ( 'NONE', ( #6297, #7701, #858, #2981 ) ) ;
#3139 = CARTESIAN_POINT ( 'NONE',  ( -347.8556549163546379, 7.000000000000000000, 14.74756795489106409 ) ) ;
#3140 = AXIS2_PLACEMENT_3D ( 'NONE', #6962, #4682, #1341 ) ;
#3141 = CYLINDRICAL_SURFACE ( 'NONE', #257, 1.000000000000000888 ) ;
#3142 = LINE ( 'NONE', #5980, #7224 ) ;
#3143 = ORIENTED_EDGE ( 'NONE', *, *, #2482, .F. ) ;
#3144 = LINE ( 'NONE', #7377, #4386 ) ;
#3145 = VERTEX_POINT ( 'NONE', #8726 ) ;
#3146 = CARTESIAN_POINT ( 'NONE',  ( -246.8556549163562295, 5.517603749822925785, -55.07731758212641893 ) ) ;
#3147 = CARTESIAN_POINT ( 'NONE',  ( -345.9453488993550536, 5.030307165847945683, -169.8492616367356334 ) ) ;
#3148 = CARTESIAN_POINT ( 'NONE',  ( -348.8270090655929607, 5.615024101080702934, 19.02036426553759796 ) ) ;
#3149 = EDGE_CURVE ( 'NONE', #901, #3710, #7245, .T. ) ;
#3150 = CARTESIAN_POINT ( 'NONE',  ( -384.8556549163545810, 5.499999999999960920, -168.3749310443081413 ) ) ;
#3151 = DIRECTION ( 'NONE',  ( 0.000000000000000000, 0.000000000000000000, 1.000000000000000000 ) ) ;
#3152 = VERTEX_POINT ( 'NONE', #4398 ) ;
#3153 = CARTESIAN_POINT ( 'NONE',  ( -427.8891550493723912, 6.023662094633862374, 18.73182695911973283 ) ) ;
#3154 = CARTESIAN_POINT ( 'NONE',  ( -347.4582074330630803, 4.692344901070914176, -170.0114884923029877 ) ) ;
#3155 = CARTESIAN_POINT ( 'NONE',  ( -385.8950824154304655, 5.215001926881828176, -168.7584980031488442 ) ) ;
#3156 = CARTESIAN_POINT ( 'NONE',  ( -288.8556549163546379, 3.000000000000000000, -165.2524320451089181 ) ) ;
#3157 = CARTESIAN_POINT ( 'NONE',  ( -286.8556549163546947, 4.500000000000000888, 18.71619492148795771 ) ) ;
#3158 = DIRECTION ( 'NONE',  ( 0.000000000000000000, 0.000000000000000000, 1.000000000000000000 ) ) ;
#3159 = CARTESIAN_POINT ( 'NONE',  ( -407.6023976767455110, 4.799337897229436933, 19.45768888869601554 ) ) ;
#3160 = B_SPLINE_CURVE_WITH_KNOTS ( 'NONE', 3,
 ( #8758, #230, #2943, #796, #98, #144, #8623, #1641, #8710, #3638, #3594, #6477 ),
 .UNSPECIFIED., .F., .F.,
 ( 4, 2, 2, 2, 2, 4 ),
 ( 0.000000000000000000, 0.0004698356480513968237, 0.0009396712961027936474, 0.001174589120128494580, 0.001409506944154195621, 0.001879342592205450902 ),
 .UNSPECIFIED. ) ;
#3161 = CARTESIAN_POINT ( 'NONE',  ( -347.6783787610585250, 4.927818611581318287, 18.51276529629163292 ) ) ;
#3162 = CARTESIAN_POINT ( 'NONE',  ( -284.8556549163545810, 5.877829809576791575, 18.84858623523066967 ) ) ;
#3163 = ORIENTED_EDGE ( 'NONE', *, *, #2286, .T. ) ;
#3164 = EDGE_CURVE ( 'NONE', #7231, #6534, #5103, .T. ) ;
#3165 = DIRECTION ( 'NONE',  ( -1.000000000000000000, -0.000000000000000000, -0.000000000000000000 ) ) ;
#3166 = CARTESIAN_POINT ( 'NONE',  ( -405.0758246923423940, 4.972866850357450907, 19.34438404256384203 ) ) ;
#3167 = DIRECTION ( 'NONE',  ( -1.000000000000000000, -0.000000000000000000, -0.000000000000000000 ) ) ;
#3168 = DIRECTION ( 'NONE',  ( 0.000000000000000000, 0.000000000000000000, 1.000000000000000000 ) ) ;
#3169 = AXIS2_PLACEMENT_3D ( 'NONE', #4162, #6257, #1969 ) ;
#3170 = CARTESIAN_POINT ( 'NONE',  ( -387.7731559061448365, 5.097364476297920888, 18.37321371862613262 ) ) ;
#3171 = EDGE_LOOP ( 'NONE', ( #531, #2035, #8906, #2965 ) ) ;
#3172 = ORIENTED_EDGE ( 'NONE', *, *, #4063, .F. ) ;
#3173 = ORIENTED_EDGE ( 'NONE', *, *, #7874, .F. ) ;
#3174 = ADVANCED_FACE ( 'NONE', ( #5196 ), #3838, .T. ) ;
#3175 = EDGE_CURVE ( 'NONE', #560, #6548, #341, .T. ) ;
#3176 = VECTOR ( 'NONE', #9214, 1000.000000000000000 ) ;
#3177 = FACE_OUTER_BOUND ( 'NONE', #6473, .T. ) ;
#3178 = CARTESIAN_POINT ( 'NONE',  ( -288.8556549163546379, 8.000000000000000000, 0.000000000000000000 ) ) ;
#3179 = DIRECTION ( 'NONE',  ( 0.000000000000000000, 0.000000000000000000, -1.000000000000000000 ) ) ;
#3180 = CARTESIAN_POINT ( 'NONE',  ( -306.9954955678716715, 3.625000007438516914, -170.2132157524178524 ) ) ;
#3181 = CARTESIAN_POINT ( 'NONE',  ( -387.0145012863557099, 4.500000000000000000, 18.71619492148794706 ) ) ;
#3182 = ORIENTED_EDGE ( 'NONE', *, *, #275, .F. ) ;
#3183 = DIRECTION ( 'NONE',  ( 0.000000000000000000, 0.000000000000000000, 1.000000000000000000 ) ) ;
#3184 = CARTESIAN_POINT ( 'NONE',  ( -325.3918877210923597, 4.413458803463324642, -170.0503618490929796 ) ) ;
#3185 = VECTOR ( 'NONE', #2094, 1000.000000000000000 ) ;
#3186 = FACE_BOUND ( 'NONE', #1380, .T. ) ;
#3187 = VERTEX_POINT ( 'NONE', #3743 ) ;
#3188 = AXIS2_PLACEMENT_3D ( 'NONE', #5442, #6133, #8265 ) ;
#3189 = CIRCLE ( 'NONE', #3493, 1.349999999999990097 ) ;
#3190 = ORIENTED_EDGE ( 'NONE', *, *, #7544, .T. ) ;
#3191 = CARTESIAN_POINT ( 'NONE',  ( -264.8556549163544673, 5.877655079465398558, -169.3535902214992745 ) ) ;
#3192 = VECTOR ( 'NONE', #1394, 1000.000000000000000 ) ;
#3193 = FACE_OUTER_BOUND ( 'NONE', #1522, .T. ) ;
#3194 = DIRECTION ( 'NONE',  ( 0.000000000000000000, 0.000000000000000000, -1.000000000000000000 ) ) ;
#3195 = DIRECTION ( 'NONE',  ( 0.000000000000000000, -0.000000000000000000, -1.000000000000000000 ) ) ;
#3196 = CARTESIAN_POINT ( 'NONE',  ( -327.8556549163545810, 7.000000000000000000, 14.74756795489106764 ) ) ;
#3197 = CARTESIAN_POINT ( 'NONE',  ( -427.8556549163546379, 5.500000000000000888, -168.3749310443081413 ) ) ;
#3198 = VERTEX_POINT ( 'NONE', #7323 ) ;
#3199 = CARTESIAN_POINT ( 'NONE',  ( -436.8556549163562295, 3.000000000000000000, -165.2524320451089181 ) ) ;
#3200 = CARTESIAN_POINT ( 'NONE',  ( -347.1292604473474626, 4.535687915297963002, -169.2115169503409788 ) ) ;
#3201 = CARTESIAN_POINT ( 'NONE',  ( -385.5659239360486481, 4.184638865665688989, -170.1169986375894894 ) ) ;
#3202 = AXIS2_PLACEMENT_3D ( 'NONE', #1077, #8149, #6758 ) ;
#3203 = DIRECTION ( 'NONE',  ( 0.000000000000000000, 0.000000000000000000, 1.000000000000000000 ) ) ;
#3204 = VECTOR ( 'NONE', #2031, 1000.000000000000000 ) ;
#3205 = DIRECTION ( 'NONE',  ( -1.000000000000000000, -0.000000000000000000, -2.921639538487254261E-16 ) ) ;
#3206 = CARTESIAN_POINT ( 'NONE',  ( -408.6906568940713669, 5.118411189682735341, 19.27962515578900593 ) ) ;
#3207 = B_SPLINE_CURVE_WITH_KNOTS ( 'NONE', 3,
 ( #3925, #249, #5200, #5336, #5941, #6633, #7375, #3098, #5894, #7329, #6813, #3795 ),
 .UNSPECIFIED., .F., .F.,
 ( 4, 2, 2, 2, 2, 4 ),
 ( 0.000000000000000000, 0.0004698356480513694476, 0.0009396712961027388952, 0.001174589120128379655, 0.001409506944154020197, 0.001879342592205448083 ),
 .UNSPECIFIED. ) ;
#3208 = CARTESIAN_POINT ( 'NONE',  ( -347.5005204068764328, 4.723855547281281098, 18.63922123801329889 ) ) ;
#3209 = CARTESIAN_POINT ( 'NONE',  ( -306.3255170659738269, 4.640946051870844080, -169.1768963064188824 ) ) ;
#3210 = VERTEX_POINT ( 'NONE', #3790 ) ;
#3211 = EDGE_CURVE ( 'NONE', #2619, #2423, #3045, .T. ) ;
#3212 = VECTOR ( 'NONE', #8918, 1000.000000000000000 ) ;
#3213 = VECTOR ( 'NONE', #7934, 1000.000000000000000 ) ;
#3214 = CARTESIAN_POINT ( 'NONE',  ( -346.8556549163545810, 4.500000000000000888, -169.2210590117058189 ) ) ;
#3215 = ADVANCED_FACE ( 'NONE', ( #5889 ), #4295, .F. ) ;
#3216 = DIRECTION ( 'NONE',  ( -1.000000000000000000, 0.000000000000000000, 0.000000000000000000 ) ) ;
#3217 = PLANE ( 'NONE',  #1121 ) ;
#3218 = CARTESIAN_POINT ( 'NONE',  ( -441.8556549163562295, 0.000000000000000000, -170.2524320451089181 ) ) ;
#3219 = FACE_OUTER_BOUND ( 'NONE', #1088, .T. ) ;
#3220 = ORIENTED_EDGE ( 'NONE', *, *, #456, .F. ) ;
#3221 = VERTEX_POINT ( 'NONE', #2395 ) ;
#3222 = CIRCLE ( 'NONE', #1595, 4.000000000000003553 ) ;
#3223 = AXIS2_PLACEMENT_3D ( 'NONE', #6040, #1758, #8881 ) ;
#3224 = VERTEX_POINT ( 'NONE', #1040 ) ;
#3225 = CLOSED_SHELL ( 'NONE', ( #6947, #1371, #1755, #1881, #1092, #2772, #8344, #5996, #701, #4807, #7590, #8338, #1858, #5073, #1004, #8850, #4945, #5288, #5220, #636, #6942, #3960, #5907, #2150, #8848, #2984, #8181, #1248, #5007, #8747, #9105, #7682, #4199, #4613, #6130, #379, #6031, #3915, #6895, #6265, #7153, #5686, #1731, #1967, #7057, #8751, #5305, #3443, #4304, #1751, #4217, #7605, #4787, #1840, #4033, #3471, #3174, #993, #7705, #6018, #3539, #1523, #1247, #3390, #1682, #5266, #5454, #2468, #778, #2382, #7312, #7679, #5024, #7826, #2, #4267, #7436, #2602, #2088, #4716, #2039, #8685, #1358, #5109, #4633, #5437, #5370, #6593, #6659, #898, #8561, #7821, #1213, #2636, #5121, #1184, #7435, #5741, #1656, #1406, #6144, #2255, #7857, #4101, #5521, #1232, #2865, #4485, #6613, #224, #3286, #2971, #8014, #2833, #1323, #3456, #1029, #5918, #4944, #2581, #6235, #532, #3408, #4732, #7230, #1699, #1019, #1933, #7992, #133, #100, #7016, #2559, #3896, #2819, #1996, #4683, #7641, #4249, #2001, #3520, #4515, #7382, #1346, #4318, #3249, #2267, #3966, #8799, #5704, #6167, #6755, #1441, #6318, #5188, #2319, #4481, #5853, #8290, #1581, #5647, #2131, #6707, #6994, #6580, #762, #35, #3584, #3215, #5938, #8118, #4767, #7326, #2016, #6426, #97, #8868, #1602, #1455, #2054, #734, #1306, #2935, #3364, #2651, #5594, #782, #5389, #7869, #5550, #4122, #1123, #6828, #4704, #6197, #4661, #4287, #946, #2754, #46, #8220, #3075, #1800, #7109, #5981, #792, #1569, #8217, #7806, #2236, #6696, #664, #4086, #4438, #240, #5962, #6380, #3065, #3113, #5175, #8309, #1027, #1915, #3945, #2670, #4325 ) ) ;
#3226 = AXIS2_PLACEMENT_3D ( 'NONE', #3767, #177, #6697 ) ;
#3227 = CARTESIAN_POINT ( 'NONE',  ( -386.8556549163546379, 3.625000000000000000, -170.2132157533550298 ) ) ;
#3228 = EDGE_CURVE ( 'NONE', #5327, #7133, #6973, .T. ) ;
#3229 = DIRECTION ( 'NONE',  ( -1.000000000000000000, 0.000000000000000000, 0.000000000000000000 ) ) ;
#3230 = CARTESIAN_POINT ( 'NONE',  ( -386.6981921440525412, 4.509365819018567478, 18.71396276295644512 ) ) ;
#3231 = CARTESIAN_POINT ( 'NONE',  ( -308.1326922353961777, 4.193287934497922365, -170.1090397383235597 ) ) ;
#3232 = CARTESIAN_POINT ( 'NONE',  ( -387.8556549163545242, 5.416358229831101490, 18.00400097647163733 ) ) ;
#3233 = ORIENTED_EDGE ( 'NONE', *, *, #5542, .T. ) ;
#3234 = DIRECTION ( 'NONE',  ( -1.000000000000000000, 0.000000000000000000, -2.921639538487254261E-16 ) ) ;
#3235 = EDGE_CURVE ( 'NONE', #3940, #4538, #8464, .T. ) ;
#3236 = CARTESIAN_POINT ( 'NONE',  ( -284.8556549163545810, 5.499999999999960920, -168.3749310443081413 ) ) ;
#3237 = LINE ( 'NONE', #6079, #3212 ) ;
#3238 =( BOUNDED_SURFACE ( )  B_SPLINE_SURFACE ( 3, 2, ( 
 ( #8093, #5456, #8184 ),
 ( #6662, #2609, #1775 ),
 ( #280, #7441, #1729 ),
 ( #4706, #7402, #1114 ),
 ( #3125, #5964, #1069 ),
 ( #3957, #1816, #422 ),
 ( #2474, #1167, #4571 ),
 ( #6839, #5270, #3309 ),
 ( #1030, #3867, #4615 ),
 ( #3907, #5406, #6704 ),
 ( #8989, #1860, #322 ),
 ( #3166, #6009, #8230 ),
 ( #6746, #369, #8901 ),
 ( #5363, #5318, #4008 ),
 ( #4657, #6795, #6104 ),
 ( #8945, #2562, #6147 ),
 ( #465, #7024, #8516 ),
 ( #3, #2057, #4906 ) ),
 .UNSPECIFIED., .F., .F., .F. ) 
 B_SPLINE_SURFACE_WITH_KNOTS ( ( 4, 2, 2, 2, 2, 2, 2, 2, 4 ),
 ( 3, 3 ),
 ( 0.001323912745242680506, 0.001737514085360032960, 0.002151115425477385414, 0.002564716765594737651, 0.002978318105712089887, 0.003391919445829442124, 0.003805520785946794361, 0.004219122126064146598, 0.004632723466181498835 ),
 ( 0.000000000000000000, 1.000000000000000000 ),
 .UNSPECIFIED. ) 
 GEOMETRIC_REPRESENTATION_ITEM ( )  RATIONAL_B_SPLINE_SURFACE ( (
 ( 1.000000000000000000, 0.7499999999999998890, 1.000000000000000000),
 ( 1.000000000000000000, 0.7499939426360094918, 1.000000000000000000),
 ( 1.000000000000000000, 0.7509329894123278892, 1.000000000000000000),
 ( 1.000000000000000000, 0.7542720948101461209, 1.000000000000000000),
 ( 1.000000000000000000, 0.7567167381700098394, 1.000000000000000000),
 ( 1.000000000000000000, 0.7620345134622253935, 1.000000000000000000),
 ( 1.000000000000000000, 0.7649009816754456237, 1.000000000000000000),
 ( 1.000000000000000000, 0.7698131873218801990, 1.000000000000000000),
 ( 1.000000000000000000, 0.7718027581247290936, 1.000000000000000000),
 ( 1.000000000000000000, 0.7734778044115846463, 1.000000000000000000),
 ( 1.000000000000000000, 0.7731701811047342332, 1.000000000000000000),
 ( 1.000000000000000000, 0.7692320002418528979, 1.000000000000000000),
 ( 1.000000000000000000, 0.7656548337055261166, 1.000000000000000000),
 ( 1.000000000000000000, 0.7548043090983475034, 1.000000000000000000),
 ( 1.000000000000000000, 0.7474974637453947190, 1.000000000000000000),
 ( 1.000000000000000000, 0.7297066597626514772, 1.000000000000000000),
 ( 1.000000000000000000, 0.7191618347188788452, 1.000000000000000000),
 ( 1.000000000000000000, 0.7071067811865501263, 1.000000000000000000) ) ) 
 REPRESENTATION_ITEM ( '' )  SURFACE ( )  );
#3239 = ORIENTED_EDGE ( 'NONE', *, *, #6804, .F. ) ;
#3240 = CIRCLE ( 'NONE', #4717, 1.150000000000017231 ) ;
#3241 = ORIENTED_EDGE ( 'NONE', *, *, #6743, .F. ) ;
#3242 = AXIS2_PLACEMENT_3D ( 'NONE', #6598, #8607, #3060 ) ;
#3243 = DIRECTION ( 'NONE',  ( 0.000000000000000000, 0.000000000000000000, 1.000000000000000000 ) ) ;
#3244 = CARTESIAN_POINT ( 'NONE',  ( -346.1089121559407431, 4.799337897234735806, -169.9625529789230711 ) ) ;
#3245 = DIRECTION ( 'NONE',  ( 0.000000000000000000, 0.000000000000000000, 1.000000000000000000 ) ) ;
#3246 = CARTESIAN_POINT ( 'NONE',  ( -436.8556549163562295, 3.000000000000000000, -170.2524320451089181 ) ) ;
#3247 = VERTEX_POINT ( 'NONE', #433 ) ;
#3248 = FACE_OUTER_BOUND ( 'NONE', #5083, .T. ) ;
#3249 = ADVANCED_FACE ( 'NONE', ( #6115 ), #975, .F. ) ;
#3250 = CYLINDRICAL_SURFACE ( 'NONE', #5324, 1.349999999999976108 ) ;
#3251 = ORIENTED_EDGE ( 'NONE', *, *, #3283, .F. ) ;
#3252 = PLANE ( 'NONE',  #3498 ) ;
#3253 = CARTESIAN_POINT ( 'NONE',  ( -347.3868111759327917, 4.645770204742692755, -170.0332380380694417 ) ) ;
#3254 = DIRECTION ( 'NONE',  ( 1.000000000000000000, 0.000000000000000000, -0.000000000000000000 ) ) ;
#3255 = EDGE_CURVE ( 'NONE', #2408, #8757, #1290, .T. ) ;
#3256 = DIRECTION ( 'NONE',  ( 0.000000000000000000, 0.000000000000000000, -1.000000000000000000 ) ) ;
#3257 = CARTESIAN_POINT ( 'NONE',  ( -385.8556549163545810, 5.445482461463257984, -168.4622289694927986 ) ) ;
#3258 = CARTESIAN_POINT ( 'NONE',  ( -444.8556549163562295, 3.750000000000000000, -150.0024320451088897 ) ) ;
#3259 = CARTESIAN_POINT ( 'NONE',  ( -408.4196393853988525, 4.557655364780807794, 19.50052010153125792 ) ) ;
#3260 = CARTESIAN_POINT ( 'NONE',  ( -348.8467949769759002, 5.848454817159439934, 18.86040932463388131 ) ) ;
#3261 = VECTOR ( 'NONE', #400, 1000.000000000000000 ) ;
#3262 = CARTESIAN_POINT ( 'NONE',  ( -305.8556549163545810, 5.445482461463257984, -168.4622289694927986 ) ) ;
#3263 = EDGE_LOOP ( 'NONE', ( #1336, #3272, #6576, #6596 ) ) ;
#3264 = CARTESIAN_POINT ( 'NONE',  ( -385.8026483570805567, 3.992597862135470077, 19.64913136511977854 ) ) ;
#3265 = LINE ( 'NONE', #7582, #4362 ) ;
#3266 = DIRECTION ( 'NONE',  ( 0.000000000000000000, -1.000000000000000000, 0.000000000000000000 ) ) ;
#3267 = EDGE_CURVE ( 'NONE', #6534, #5063, #255, .T. ) ;
#3268 = DIRECTION ( 'NONE',  ( 1.000000000000000000, 0.000000000000000000, 0.000000000000000000 ) ) ;
#3269 = LINE ( 'NONE', #3129, #5429 ) ;
#3270 = ORIENTED_EDGE ( 'NONE', *, *, #3516, .F. ) ;
#3271 = EDGE_LOOP ( 'NONE', ( #2532, #8250, #8775, #2809, #2354, #7318, #5380, #4963, #2951, #8049, #6718, #3792, #1046, #1780, #6545, #7008, #8538, #729, #3220, #4810, #7998, #8951, #6820, #7172, #7142, #5463, #2810, #8585, #7512, #3290, #5486, #2028, #6523, #8433, #3251, #7954, #6305, #20, #795, #6225, #7408, #4269, #5786, #618, #8949, #974, #3893, #8525, #5800 ) ) ;
#3272 = ORIENTED_EDGE ( 'NONE', *, *, #3798, .F. ) ;
#3273 = DIRECTION ( 'NONE',  ( 0.000000000000000000, 0.000000000000000000, 1.000000000000000000 ) ) ;
#3274 = CARTESIAN_POINT ( 'NONE',  ( -405.8556549163546379, 5.416284592704882606, 18.00411889024233147 ) ) ;
#3275 = DIRECTION ( 'NONE',  ( -1.000000000000000000, 0.000000000000000000, 0.000000000000000000 ) ) ;
#3276 = CARTESIAN_POINT ( 'NONE',  ( -307.4941735763173938, 4.727315172675698562, -169.1377181951108355 ) ) ;
#3277 = LINE ( 'NONE', #3920, #8543 ) ;
#3278 = ORIENTED_EDGE ( 'NONE', *, *, #8636, .T. ) ;
#3279 = CARTESIAN_POINT ( 'NONE',  ( -407.4733861663404468, 3.739288344263299813, 19.69282342312303058 ) ) ;
#3280 = CARTESIAN_POINT ( 'NONE',  ( -326.6960120101807661, 3.625000000000000444, -170.2132157533550867 ) ) ;
#3281 = CARTESIAN_POINT ( 'NONE',  ( -364.8556549163545810, 6.124999999999951150, -169.1555557941079542 ) ) ;
#3282 = ORIENTED_EDGE ( 'NONE', *, *, #619, .F. ) ;
#3283 = EDGE_CURVE ( 'NONE', #5509, #9055, #5352, .T. ) ;
#3284 = EDGE_LOOP ( 'NONE', ( #5044, #4487, #1649, #3382 ) ) ;
#3285 = CARTESIAN_POINT ( 'NONE',  ( -388.8270090655930744, 5.615024101080702934, 19.02036426553759796 ) ) ;
#3286 = ADVANCED_FACE ( 'NONE', ( #4359 ), #3848, .F. ) ;
#3287 = DIRECTION ( 'NONE',  ( -1.000000000000000000, 0.000000000000000000, 0.000000000000000000 ) ) ;
#3288 = DIRECTION ( 'NONE',  ( -0.000000000000000000, -0.7806247497998088924, 0.6249999999999886757 ) ) ;
#3289 = CARTESIAN_POINT ( 'NONE',  ( -426.9954955678715010, 3.625000007438516914, -170.2132157524178524 ) ) ;
#3290 = ORIENTED_EDGE ( 'NONE', *, *, #8201, .F. ) ;
#3291 = FACE_OUTER_BOUND ( 'NONE', #2638, .T. ) ;
#3292 = LINE ( 'NONE', #7386, #6658 ) ;
#3293 = ORIENTED_EDGE ( 'NONE', *, *, #4992, .F. ) ;
#3294 = CYLINDRICAL_SURFACE ( 'NONE', #7061, 1.000000000000000888 ) ;
#3295 = CYLINDRICAL_SURFACE ( 'NONE', #6007, 1.349999999999977884 ) ;
#3296 = FACE_OUTER_BOUND ( 'NONE', #1650, .T. ) ;
#3297 = DIRECTION ( 'NONE',  ( -0.000000000000000000, 1.000000000000000000, -0.000000000000000000 ) ) ;
#3298 = EDGE_CURVE ( 'NONE', #3851, #3050, #5751, .T. ) ;
#3299 = CARTESIAN_POINT ( 'NONE',  ( -266.1655068274290556, 4.773209397924917496, 18.60965155063027510 ) ) ;
#3300 = CARTESIAN_POINT ( 'NONE',  ( -305.9657398064161953, 5.039146740865036556, 18.42502082235899863 ) ) ;
#3301 = PLANE ( 'NONE',  #5263 ) ;
#3302 = DIRECTION ( 'NONE',  ( 0.000000000000000000, -2.710505431213761085E-15, -1.000000000000000000 ) ) ;
#3303 = CARTESIAN_POINT ( 'NONE',  ( -407.6783787610585250, 4.927818611581317398, 18.51276529629162582 ) ) ;
#3304 = CARTESIAN_POINT ( 'NONE',  ( -308.4866328959737416, 4.668696823349394620, 19.46280359108044067 ) ) ;
#3305 = CARTESIAN_POINT ( 'NONE',  ( -436.8556549163562295, 0.000000000000000000, 19.74756795489105343 ) ) ;
#3306 = ORIENTED_EDGE ( 'NONE', *, *, #1195, .T. ) ;
#3307 = VECTOR ( 'NONE', #3266, 1000.000000000000000 ) ;
#3308 = CARTESIAN_POINT ( 'NONE',  ( -384.8556549163546379, 6.124999999999970690, 18.65069170389008590 ) ) ;
#3309 = CARTESIAN_POINT ( 'NONE',  ( -406.2171362563950083, 4.727315172673418608, 18.63285410489465832 ) ) ;
#3310 = CARTESIAN_POINT ( 'NONE',  ( -436.8556549163562295, 0.000000000000000000, -170.2524320451089181 ) ) ;
#3311 = CARTESIAN_POINT ( 'NONE',  ( -287.8160824133250912, 5.214525108020818145, -168.7590172505114765 ) ) ;
#3312 = CARTESIAN_POINT ( 'NONE',  ( -387.9346251257288714, 5.710072106083486254, -169.4595015101596402 ) ) ;
#3313 = ORIENTED_EDGE ( 'NONE', *, *, #6982, .T. ) ;
#3314 = EDGE_LOOP ( 'NONE', ( #6316, #3703, #5018, #8051 ) ) ;
#3315 = VERTEX_POINT ( 'NONE', #1572 ) ;
#3316 = EDGE_CURVE ( 'NONE', #1888, #141, #5589, .T. ) ;
#3317 = CARTESIAN_POINT ( 'NONE',  ( -427.0150539045998244, 3.624999999999968914, -170.2132157533550298 ) ) ;
#3318 = CARTESIAN_POINT ( 'NONE',  ( -304.8845655813710778, 5.613761050926163065, 19.02108699399692071 ) ) ;
#3319 = CARTESIAN_POINT ( 'NONE',  ( -307.8556549163546379, 5.500000000000000888, -168.3749310443081413 ) ) ;
#3320 = CARTESIAN_POINT ( 'NONE',  ( -307.3225549634628351, 4.613001498401150258, -169.1864013774678028 ) ) ;
#3321 = DIRECTION ( 'NONE',  ( -0.000000000000000000, 1.000000000000000000, 0.000000000000000000 ) ) ;
#3322 = ORIENTED_EDGE ( 'NONE', *, *, #9019, .F. ) ;
#3323 = CARTESIAN_POINT ( 'NONE',  ( -408.5572270252095564, 4.802408741466614117, 19.41366632066187492 ) ) ;
#3324 = CARTESIAN_POINT ( 'NONE',  ( -285.8556549163546379, 5.499999999999988454, 17.87006695409029078 ) ) ;
#3325 = CARTESIAN_POINT ( 'NONE',  ( -388.7191130411810605, 5.205896708463899181, -169.7421645164064046 ) ) ;
#3326 = EDGE_LOOP ( 'NONE', ( #2440, #3660, #3038, #5695 ) ) ;
#3327 = B_SPLINE_CURVE_WITH_KNOTS ( 'NONE', 3,
 ( #29, #2867, #5017, #7842, #4403, #1479, #4313, #7141, #770, #3659, #5763, #6498, #2264, #7241, #5848, #4354 ),
 .UNSPECIFIED., .F., .F.,
 ( 4, 2, 2, 2, 2, 2, 2, 4 ),
 ( 0.000000000000000000, 0.0004705481978799543334, 0.0007058222968199306599, 0.0009410963957599070406, 0.001176370494699883421, 0.001411644593639859585, 0.001646918692579835966, 0.001882192791519812346 ),
 .UNSPECIFIED. ) ;
#3328 = TOROIDAL_SURFACE ( 'NONE', #8824, 4.000000000000000000, 1.000000000000000000 ) ;
#3329 = VERTEX_POINT ( 'NONE', #5946 ) ;
#3330 = CARTESIAN_POINT ( 'NONE',  ( -307.8556549163546379, 3.000000000000000000, -165.2524320451089181 ) ) ;
#3331 = DIRECTION ( 'NONE',  ( 0.000000000000000000, 0.000000000000000000, 1.000000000000000000 ) ) ;
#3332 = CARTESIAN_POINT ( 'NONE',  ( -365.2259941808362100, 4.666530572644968622, 19.46353966186141093 ) ) ;
#3333 = AXIS2_PLACEMENT_3D ( 'NONE', #6192, #7022, #4188 ) ;
#3334 = CARTESIAN_POINT ( 'NONE',  ( -427.4582074330553496, 4.692344901069301244, -170.0114884922991223 ) ) ;
#3335 = ORIENTED_EDGE ( 'NONE', *, *, #8483, .T. ) ;
#3336 = DIRECTION ( 'NONE',  ( 0.000000000000000000, 0.000000000000000000, 1.000000000000000000 ) ) ;
#3337 = EDGE_CURVE ( 'NONE', #5752, #6620, #1727, .T. ) ;
#3338 = CARTESIAN_POINT ( 'NONE',  ( -365.8556549163546379, 3.000000000000000000, 14.74756795489106231 ) ) ;
#3339 = ORIENTED_EDGE ( 'NONE', *, *, #2550, .T. ) ;
#3340 = CARTESIAN_POINT ( 'NONE',  ( 0.000000000000000000, 8.000000000000000000, 0.000000000000000000 ) ) ;
#3341 = AXIS2_PLACEMENT_3D ( 'NONE', #6923, #3345, #9075 ) ;
#3342 = CARTESIAN_POINT ( 'NONE',  ( -347.7729944729223348, 5.097004927023129461, -168.8784084923340174 ) ) ;
#3343 = CARTESIAN_POINT ( 'NONE',  ( -425.8280541903450285, 3.972307589721721488, 19.65283708147274311 ) ) ;
#3344 = AXIS2_PLACEMENT_3D ( 'NONE', #1693, #1529, #736 ) ;
#3345 = DIRECTION ( 'NONE',  ( 1.000000000000000000, 0.000000000000000000, 0.000000000000000000 ) ) ;
#3346 =( BOUNDED_SURFACE ( )  B_SPLINE_SURFACE ( 3, 2, ( 
 ( #547, #1805, #9074 ),
 ( #2696, #5534, #4841 ),
 ( #598, #6046, #2509 ),
 ( #5351, #8504, #1390 ),
 ( #77, #642, #3574 ),
 ( #6322, #2043, #4224 ),
 ( #773, #4895, #7846 ),
 ( #2223, #5718, #7799 ),
 ( #9208, #687, #2829 ),
 ( #2128, #6279, #6452 ),
 ( #7058, #1350, #2870 ),
 ( #3528, #7887, #1482 ),
 ( #4316, #1437, #3616 ),
 ( #8601, #7145, #4271 ),
 ( #2915, #9164, #6371 ),
 ( #2784, #32, #4357 ),
 ( #5637, #3483, #5767 ),
 ( #8459, #7105, #7716 ) ),
 .UNSPECIFIED., .F., .F., .F. ) 
 B_SPLINE_SURFACE_WITH_KNOTS ( ( 4, 2, 2, 2, 2, 2, 2, 2, 4 ),
 ( 3, 3 ),
 ( 0.001323912745242680506, 0.001737514085360032960, 0.002151115425477385414, 0.002564716765594737651, 0.002978318105712089887, 0.003391919445829442124, 0.003805520785946794361, 0.004219122126064146598, 0.004632723466181498835 ),
 ( 0.000000000000000000, 1.000000000000000000 ),
 .UNSPECIFIED. ) 
 GEOMETRIC_REPRESENTATION_ITEM ( )  RATIONAL_B_SPLINE_SURFACE ( (
 ( 1.000000000000000000, 0.7499999999999998890, 1.000000000000000000),
 ( 1.000000000000000000, 0.7499939426360114902, 1.000000000000000000),
 ( 1.000000000000000000, 0.7509329894123276672, 1.000000000000000000),
 ( 1.000000000000000000, 0.7542720948101458989, 1.000000000000000000),
 ( 1.000000000000000000, 0.7567167381695645290, 1.000000000000000000),
 ( 1.000000000000000000, 0.7620345134626709260, 1.000000000000000000),
 ( 1.000000000000000000, 0.7649009816760473646, 1.000000000000000000),
 ( 1.000000000000000000, 0.7698131873212784582, 1.000000000000000000),
 ( 1.000000000000000000, 0.7718027581240051171, 1.000000000000000000),
 ( 1.000000000000000000, 0.7734778044123294949, 1.000000000000000000),
 ( 1.000000000000000000, 0.7731701811038501626, 1.000000000000000000),
 ( 1.000000000000000000, 0.7692320002427118775, 1.000000000000000000),
 ( 1.000000000000000000, 0.7656548337065268717, 1.000000000000000000),
 ( 1.000000000000000000, 0.7548043090973467484, 1.000000000000000000),
 ( 1.000000000000000000, 0.7474974637465706673, 1.000000000000000000),
 ( 1.000000000000000000, 0.7297066597615095018, 1.000000000000000000),
 ( 1.000000000000000000, 0.7191618347197410444, 1.000000000000000000),
 ( 1.000000000000000000, 0.7071067811865501263, 1.000000000000000000) ) ) 
 REPRESENTATION_ITEM ( '' )  SURFACE ( )  );
#3347 = VECTOR ( 'NONE', #3717, 1000.000000000000000 ) ;
#3348 = LINE ( 'NONE', #2698, #7331 ) ;
#3349 = CARTESIAN_POINT ( 'NONE',  ( -306.4724515316910924, 4.571621889987041776, 19.56339676126353311 ) ) ;
#3350 = CARTESIAN_POINT ( 'NONE',  ( -408.8556549163546379, 3.000000000000000000, -165.2524320451089181 ) ) ;
#3351 = DIRECTION ( 'NONE',  ( 0.000000000000000000, 0.000000000000000000, -1.000000000000000000 ) ) ;
#3352 = FACE_OUTER_BOUND ( 'NONE', #5990, .T. ) ;
#3353 = CARTESIAN_POINT ( 'NONE',  ( -308.5572270252096700, 4.802408741466613229, 19.41366632066188558 ) ) ;
#3354 = EDGE_CURVE ( 'NONE', #5181, #7884, #7191, .T. ) ;
#3355 = CARTESIAN_POINT ( 'NONE',  ( -348.8556549163546379, 6.124999999999951150, -169.1555557941079542 ) ) ;
#3356 = ORIENTED_EDGE ( 'NONE', *, *, #2612, .T. ) ;
#3357 = DIRECTION ( 'NONE',  ( 0.000000000000000000, 0.000000000000000000, -1.000000000000000000 ) ) ;
#3358 = CARTESIAN_POINT ( 'NONE',  ( -325.8991525913326086, 5.115861466910037514, 19.30120737942181464 ) ) ;
#3359 = DIRECTION ( 'NONE',  ( 0.000000000000000000, -0.000000000000000000, 1.000000000000000000 ) ) ;
#3360 = DIRECTION ( 'NONE',  ( -1.000000000000000000, -0.000000000000000000, -0.000000000000000000 ) ) ;
#3361 = CARTESIAN_POINT ( 'NONE',  ( -386.9954955678717852, 3.625000007438516914, -170.2132157524178524 ) ) ;
#3362 = VERTEX_POINT ( 'NONE', #7334 ) ;
#3363 = AXIS2_PLACEMENT_3D ( 'NONE', #4064, #4112, #5658 ) ;
#3364 = ADVANCED_FACE ( 'NONE', ( #1527 ), #7628, .F. ) ;
#3365 = CARTESIAN_POINT ( 'NONE',  ( -365.9381539265641550, 5.097364476298504421, -168.8780778088432726 ) ) ;
#3366 = EDGE_LOOP ( 'NONE', ( #5216, #8144, #5621, #8498 ) ) ;
#3367 = ORIENTED_EDGE ( 'NONE', *, *, #3316, .F. ) ;
#3368 = VECTOR ( 'NONE', #4480, 1000.000000000000000 ) ;
#3369 = B_SPLINE_CURVE_WITH_KNOTS ( 'NONE', 3,
 ( #4474, #7309, #2148, #2940, #1592, #7907, #891, #4995, #933, #8001, #5872, #794, #4292, #2335, #750, #5180 ),
 .UNSPECIFIED., .F., .F.,
 ( 4, 2, 2, 2, 2, 2, 2, 4 ),
 ( 0.000000000000000000, 0.0004705481978799543334, 0.0007058222968199306599, 0.0009410963957599070406, 0.001176370494699883421, 0.001411644593639859585, 0.001646918692579835966, 0.001882192791519812346 ),
 .UNSPECIFIED. ) ;
#3370 = EDGE_CURVE ( 'NONE', #7796, #2868, #4866, .T. ) ;
#3371 = DIRECTION ( 'NONE',  ( 0.000000000000000000, 0.000000000000000000, 1.000000000000000000 ) ) ;
#3372 = DIRECTION ( 'NONE',  ( 0.000000000000000000, 0.000000000000000000, 1.000000000000000000 ) ) ;
#3373 = CARTESIAN_POINT ( 'NONE',  ( -386.1042084070910505, 4.836586271791881941, 18.57341617306330761 ) ) ;
#3374 = CARTESIAN_POINT ( 'NONE',  ( -306.9942690904481992, 4.507254365895950521, -169.2193079470704049 ) ) ;
#3375 = CARTESIAN_POINT ( 'NONE',  ( -256.8556549163562295, 3.000000000000000000, -165.2524320451089181 ) ) ;
#3376 = ORIENTED_EDGE ( 'NONE', *, *, #5341, .F. ) ;
#3377 = CARTESIAN_POINT ( 'NONE',  ( -408.4866328959736279, 4.668696823349397285, 19.46280359108043356 ) ) ;
#3378 = CIRCLE ( 'NONE', #3536, 1.349999999999977884 ) ;
#3379 = CARTESIAN_POINT ( 'NONE',  ( -404.8556549163546379, 7.000000000000000000, 19.74756795489107475 ) ) ;
#3380 = CARTESIAN_POINT ( 'NONE',  ( -248.3272063369388150, 3.609169780443964193, -94.69163359160411630 ) ) ;
#3381 = EDGE_LOOP ( 'NONE', ( #5703, #2449 ) ) ;
#3382 = ORIENTED_EDGE ( 'NONE', *, *, #2561, .F. ) ;
#3383 = CARTESIAN_POINT ( 'NONE',  ( -267.9086614756249105, 3.992597862132107434, -170.1539954553384177 ) ) ;
#3384 = TOROIDAL_SURFACE ( 'NONE', #9186, 4.000000000000000000, 1.000000000000000000 ) ;
#3385 = CARTESIAN_POINT ( 'NONE',  ( -406.8556549163546379, 3.500000000000000444, 18.71619492148794350 ) ) ;
#3386 = CARTESIAN_POINT ( 'NONE',  ( -366.0919478697439899, 3.807091139239946465, 19.68271244580378720 ) ) ;
#3387 = CARTESIAN_POINT ( 'NONE',  ( -386.1048201077168756, 4.835820077882202028, -169.0787849794648139 ) ) ;
#3388 = ORIENTED_EDGE ( 'NONE', *, *, #601, .T. ) ;
#3389 = CARTESIAN_POINT ( 'NONE',  ( -441.8556549163562295, 10.00000000000000000, -175.2524320451088897 ) ) ;
#3390 = ADVANCED_FACE ( 'NONE', ( #1927 ), #6351, .T. ) ;
#3391 = CIRCLE ( 'NONE', #2343, 1.150000000000012124 ) ;
#3392 = CARTESIAN_POINT ( 'NONE',  ( -1.885059646467264690E-15, 3.000000000000000000, 14.74756795489110850 ) ) ;
#3393 = EDGE_LOOP ( 'NONE', ( #8707, #8957, #4715, #8915 ) ) ;
#3394 = CARTESIAN_POINT ( 'NONE',  ( -428.1453858966529538, 4.184638865656965301, 19.61213454737425721 ) ) ;
#3395 = AXIS2_PLACEMENT_3D ( 'NONE', #4836, #7713, #1387 ) ;
#3396 = CARTESIAN_POINT ( 'NONE',  ( -348.6903340270924332, 5.117512316920580062, -169.7849026007241946 ) ) ;
#3397 = CARTESIAN_POINT ( 'NONE',  ( -424.8556549163545810, 5.877829809576791575, 18.84858623523064480 ) ) ;
#3398 = DIRECTION ( 'NONE',  ( -2.921639538487254261E-16, 0.000000000000000000, 1.000000000000000000 ) ) ;
#3399 = CIRCLE ( 'NONE', #8588, 5.000000000000004441 ) ;
#3400 = FACE_OUTER_BOUND ( 'NONE', #9060, .T. ) ;
#3401 = CARTESIAN_POINT ( 'NONE',  ( -304.8556549052799483, 5.988627236848494739, 18.75987729785381575 ) ) ;
#3402 = DIRECTION ( 'NONE',  ( 0.000000000000000000, -1.000000000000000000, 0.000000000000000000 ) ) ;
#3403 = CARTESIAN_POINT ( 'NONE',  ( -346.1042084070909937, 4.836586271791881053, 18.57341617306331472 ) ) ;
#3404 = CARTESIAN_POINT ( 'NONE',  ( -286.8556549163546379, 3.500000000000000444, 18.71619492148795771 ) ) ;
#3405 = CARTESIAN_POINT ( 'NONE',  ( -426.1534622811192321, 4.784051302019450169, 18.60362175716053912 ) ) ;
#3406 = CARTESIAN_POINT ( 'NONE',  ( -306.8556549163545810, 4.500000000000000888, -170.1029761153939717 ) ) ;
#3407 = EDGE_LOOP ( 'NONE', ( #3086, #3647, #5528, #6667 ) ) ;
#3408 = ADVANCED_FACE ( 'NONE', ( #8488 ), #1972, .T. ) ;
#3409 = EDGE_CURVE ( 'NONE', #3130, #4059, #5608, .T. ) ;
#3410 = CARTESIAN_POINT ( 'NONE',  ( -446.8556549163562863, 0.000000000000000000, -4.252432045108889724 ) ) ;
#3411 = CARTESIAN_POINT ( 'NONE',  ( -326.7170407422610197, 4.507254365895947856, 18.71444385685181544 ) ) ;
#3412 = CARTESIAN_POINT ( 'NONE',  ( -426.1655068274291125, 4.773209397924883746, 18.60965155063049892 ) ) ;
#3413 = CIRCLE ( 'NONE', #879, 4.000000000000003553 ) ;
#3414 = CARTESIAN_POINT ( 'NONE',  ( -287.8121572413804188, 5.115861466909973565, -169.8060714696393916 ) ) ;
#3415 = CARTESIAN_POINT ( 'NONE',  ( -388.8467603921963587, 5.847915706122385870, -169.3656593597661981 ) ) ;
#3416 = ORIENTED_EDGE ( 'NONE', *, *, #3690, .F. ) ;
#3417 = CARTESIAN_POINT ( 'NONE',  ( -404.9921967915282153, 5.205896708463900069, 19.23730042618851854 ) ) ;
#3418 = EDGE_LOOP ( 'NONE', ( #3820, #2524, #6683, #4260 ) ) ;
#3419 = VERTEX_POINT ( 'NONE', #5661 ) ;
#3420 = CARTESIAN_POINT ( 'NONE',  ( -407.4432341558166399, 4.687416699501564921, 18.65198200092678960 ) ) ;
#3421 = EDGE_CURVE ( 'NONE', #3600, #227, #2620, .T. ) ;
#3422 = CARTESIAN_POINT ( 'NONE',  ( -368.0061957420330145, 4.072590210801799948, 19.63248989901885722 ) ) ;
#3423 = CARTESIAN_POINT ( 'NONE',  ( -265.8556549163546379, 7.000000000000000000, 14.74756795489107297 ) ) ;
#3424 = CARTESIAN_POINT ( 'NONE',  ( -325.8556549163545242, 5.500000000000000888, -168.3749310443081413 ) ) ;
#3425 = CARTESIAN_POINT ( 'NONE',  ( -368.1453858966529538, 4.184638865657339224, 19.61213454737415418 ) ) ;
#3426 = ORIENTED_EDGE ( 'NONE', *, *, #3572, .T. ) ;
#3427 = CARTESIAN_POINT ( 'NONE',  ( -344.8556549163546379, 8.000000000000000000, 14.74756795489106587 ) ) ;
#3428 = CARTESIAN_POINT ( 'NONE',  ( -387.8832556423643609, 3.972307589721717935, -170.1577011716906611 ) ) ;
#3429 = EDGE_LOOP ( 'NONE', ( #6127, #5944, #2347, #7663 ) ) ;
#3430 = ORIENTED_EDGE ( 'NONE', *, *, #4646, .T. ) ;
#3431 = CARTESIAN_POINT ( 'NONE',  ( -267.6774670994280427, 4.926450206952964983, -169.0186410685512044 ) ) ;
#3432 = DIRECTION ( 'NONE',  ( -1.000000000000000000, -0.000000000000000000, -0.000000000000000000 ) ) ;
#3433 = FACE_OUTER_BOUND ( 'NONE', #8481, .T. ) ;
#3434 = CARTESIAN_POINT ( 'NONE',  ( -384.8556549163546379, 7.000000000000000000, 19.74756795489107475 ) ) ;
#3435 = ORIENTED_EDGE ( 'NONE', *, *, #4364, .F. ) ;
#3436 = DIRECTION ( 'NONE',  ( 1.000000000000000000, 0.000000000000000000, 2.921639538487254261E-16 ) ) ;
#3437 = CARTESIAN_POINT ( 'NONE',  ( -446.8556549163562863, 10.00000000000000000, -175.2524320451088897 ) ) ;
#3438 = ORIENTED_EDGE ( 'NONE', *, *, #4581, .F. ) ;
#3439 = DIRECTION ( 'NONE',  ( 0.000000000000000000, 0.000000000000000000, 1.000000000000000000 ) ) ;
#3440 = CARTESIAN_POINT ( 'NONE',  ( -348.8074314588282050, 5.560135856428987999, -169.5506836905861405 ) ) ;
#3441 = CARTESIAN_POINT ( 'NONE',  ( -407.1292604473474626, 4.535687915297963002, -169.2115169503409788 ) ) ;
#3442 = CARTESIAN_POINT ( 'NONE',  ( -444.8556549163562295, 3.750000000000000000, -77.15243204510890962 ) ) ;
#3443 = ADVANCED_FACE ( 'NONE', ( #6259 ), #4021, .F. ) ;
#3444 = LINE ( 'NONE', #454, #4966 ) ;
#3445 = CARTESIAN_POINT ( 'NONE',  ( -306.1743829770999241, 3.768189216954911380, 19.68870928488161098 ) ) ;
#3446 = CARTESIAN_POINT ( 'NONE',  ( -347.8556549163546379, 3.000000000000000000, -165.2524320451089181 ) ) ;
#3447 = DIRECTION ( 'NONE',  ( 0.000000000000000000, 1.000000000000000000, 0.000000000000000000 ) ) ;
#3448 = CARTESIAN_POINT ( 'NONE',  ( -347.4432341558166968, 4.687416699501575579, 18.65198200092680025 ) ) ;
#3449 = AXIS2_PLACEMENT_3D ( 'NONE', #7234, #8864, #3179 ) ;
#3450 = CARTESIAN_POINT ( 'NONE',  ( -368.8556549163546379, 8.000000000000000000, 14.74756795489106231 ) ) ;
#3451 = CARTESIAN_POINT ( 'NONE',  ( -427.6181761947164546, 3.806447783934348905, 19.68281947754103101 ) ) ;
#3452 = CARTESIAN_POINT ( 'NONE',  ( -385.8275480452114721, 5.301471067487190325, 19.20178546511902340 ) ) ;
#3453 = CARTESIAN_POINT ( 'NONE',  ( -324.9347999200161325, 5.411312770688230245, 19.13079946506088191 ) ) ;
#3454 = CARTESIAN_POINT ( 'NONE',  ( -425.7989050678961007, 5.918887576267301220, 18.80982022867075187 ) ) ;
#3455 = CARTESIAN_POINT ( 'NONE',  ( -445.8556549163562863, 7.000000000000000000, -4.252432045108889724 ) ) ;
#3456 = ADVANCED_FACE ( 'NONE', ( #4871 ), #2625, .F. ) ;
#3457 = CARTESIAN_POINT ( 'NONE',  ( -386.8556549163546379, 3.625000000000000444, -170.2132157533550298 ) ) ;
#3458 = ORIENTED_EDGE ( 'NONE', *, *, #7619, .T. ) ;
#3459 = CARTESIAN_POINT ( 'NONE',  ( -305.4872149242659134, 4.293400979081465785, -170.0835836746730365 ) ) ;
#3460 = VERTEX_POINT ( 'NONE', #1332 ) ;
#3461 = EDGE_LOOP ( 'NONE', ( #4672, #3561, #7317, #7361 ) ) ;
#3462 = CARTESIAN_POINT ( 'NONE',  ( -407.9124047648170404, 5.918887576270607020, -169.3146843188903858 ) ) ;
#3463 = CARTESIAN_POINT ( 'NONE',  ( -267.8556549163546379, 5.500000000000000888, 19.74756795489107475 ) ) ;
#3464 = CARTESIAN_POINT ( 'NONE',  ( -346.0338427332812330, 4.926450206952970312, 18.51377697833359548 ) ) ;
#3465 = DIRECTION ( 'NONE',  ( 1.000000000000000000, 0.000000000000000000, 0.000000000000000000 ) ) ;
#3466 = CARTESIAN_POINT ( 'NONE',  ( -367.9341631952597140, 5.604658406166700857, 19.02260281621913052 ) ) ;
#3467 = EDGE_LOOP ( 'NONE', ( #3912, #890, #319, #9017 ) ) ;
#3468 = DIRECTION ( 'NONE',  ( 0.000000000000000000, 1.734723475976807094E-15, 1.000000000000000000 ) ) ;
#3469 = DIRECTION ( 'NONE',  ( 0.000000000000000000, 1.170938346284343684E-14, -1.000000000000000000 ) ) ;
#3470 = ORIENTED_EDGE ( 'NONE', *, *, #1423, .T. ) ;
#3471 = ADVANCED_FACE ( 'NONE', ( #1224 ), #3559, .F. ) ;
#3472 = VERTEX_POINT ( 'NONE', #1551 ) ;
#3473 = CARTESIAN_POINT ( 'NONE',  ( -248.4951903469996068, 2.748080848580231716, -55.37398043376254009 ) ) ;
#3474 = LINE ( 'NONE', #2728, #3204 ) ;
#3475 = CARTESIAN_POINT ( 'NONE',  ( -368.4992792783649520, 4.691125519188566351, -169.9601933210739162 ) ) ;
#3476 = CARTESIAN_POINT ( 'NONE',  ( -246.8556549163562295, 0.000000000000000000, 19.74756795489110317 ) ) ;
#3477 = VERTEX_POINT ( 'NONE', #5797 ) ;
#3478 = CARTESIAN_POINT ( 'NONE',  ( -446.8556549163562863, 0.000000000000000000, 24.74756795489111028 ) ) ;
#3479 = CARTESIAN_POINT ( 'NONE',  ( -441.8556549163562295, 0.000000000000000000, 14.74756795489104455 ) ) ;
#3480 = AXIS2_PLACEMENT_3D ( 'NONE', #895, #2990, #8007 ) ;
#3481 = EDGE_LOOP ( 'NONE', ( #3356, #8675, #8443, #6251 ) ) ;
#3482 = DIRECTION ( 'NONE',  ( 0.000000000000000000, -0.000000000000000000, -1.000000000000000000 ) ) ;
#3483 = CARTESIAN_POINT ( 'NONE',  ( -365.8221357381986536, 6.023604503296944301, 18.73187307252310774 ) ) ;
#3484 = CARTESIAN_POINT ( 'NONE',  ( -442.8556549163562295, 3.750000000000000000, -79.65243204510889541 ) ) ;
#3485 = B_SPLINE_CURVE_WITH_KNOTS ( 'NONE', 3,
 ( #2656, #2746, #7676, #4799, #5541, #7623, #1999, #6240, #7577, #3304, #3353, #1255, #5593, #6141, #1356, #8419 ),
 .UNSPECIFIED., .F., .F.,
 ( 4, 2, 2, 2, 2, 2, 2, 4 ),
 ( 0.000000000000000000, 0.0004712969428269016834, 0.0009425938856538033667, 0.001413890828480704291, 0.001885187771307605432, 0.002356484714134506574, 0.002827781656961407281, 0.003770375542615209130 ),
 .UNSPECIFIED. ) ;
#3486 = CARTESIAN_POINT ( 'NONE',  ( -266.3887548692464406, 4.613001498401151146, 18.68153728725018681 ) ) ;
#3487 = CARTESIAN_POINT ( 'NONE',  ( -305.8556549163546379, 5.499999999999987566, 17.87006695409029078 ) ) ;
#3488 = CARTESIAN_POINT ( 'NONE',  ( -328.0061957420330145, 4.072590210801799060, 19.63248989901886077 ) ) ;
#3489 = CARTESIAN_POINT ( 'NONE',  ( -444.8556549163562295, 3.750000000000000000, -156.5024320451088897 ) ) ;
#3490 = DIRECTION ( 'NONE',  ( -0.000000000000000000, -0.7806247497998088924, 0.6249999999999886757 ) ) ;
#3491 = AXIS2_PLACEMENT_3D ( 'NONE', #7244, #8024, #5983 ) ;
#3492 = CARTESIAN_POINT ( 'NONE',  ( -246.8556549163563147, 4.264386062612816275, -96.59772588864377951 ) ) ;
#3493 = AXIS2_PLACEMENT_3D ( 'NONE', #2769, #6354, #6399 ) ;
#3494 = CARTESIAN_POINT ( 'NONE',  ( -384.9038783738810707, 5.560135856430251877, 19.04581960036749066 ) ) ;
#3495 = CARTESIAN_POINT ( 'NONE',  ( -326.7158142648374906, 3.625000007438456517, 19.70835166220001966 ) ) ;
#3496 = CARTESIAN_POINT ( 'NONE',  ( -426.0547932183839634, 4.875924695993828273, 19.42011256173976363 ) ) ;
#3497 = CARTESIAN_POINT ( 'NONE',  ( -287.5458030052795948, 4.773209397924164321, -169.1145156408490777 ) ) ;
#3498 = AXIS2_PLACEMENT_3D ( 'NONE', #3340, #8972, #4690 ) ;
#3499 = CARTESIAN_POINT ( 'NONE',  ( -386.9333269932105281, 4.500000003626995593, -170.1029761136050524 ) ) ;
#3501 = VERTEX_POINT ( 'NONE', #149 ) ;
#3500 = EDGE_CURVE ( 'NONE', #3940, #1456, #1508, .T. ) ;
#3502 = CARTESIAN_POINT ( 'NONE',  ( -406.2377123859574795, 3.739460732190678094, 19.69279628593738352 ) ) ;
#3503 = ORIENTED_EDGE ( 'NONE', *, *, #7539, .T. ) ;
#3504 = EDGE_LOOP ( 'NONE', ( #8251, #8310, #8200, #839 ) ) ;
#3505 = CARTESIAN_POINT ( 'NONE',  ( -407.8512076520505616, 5.389166282607971148, -168.5430138961477553 ) ) ;
#3506 = CARTESIAN_POINT ( 'NONE',  ( -368.5572270252097269, 4.802408741466615005, 19.41366632066187847 ) ) ;
#3507 = CARTESIAN_POINT ( 'NONE',  ( -345.7771935235785463, 5.603816879091200853, 19.02313073663923859 ) ) ;
#3508 = CARTESIAN_POINT ( 'NONE',  ( -327.7458156832534542, 5.039695888600702389, 18.42452116067930135 ) ) ;
#3509 = AXIS2_PLACEMENT_3D ( 'NONE', #2850, #7083, #8485 ) ;
#3510 = CARTESIAN_POINT ( 'NONE',  ( -367.1334771471020417, 4.529518349321822512, 18.70992244051450726 ) ) ;
#3511 = CIRCLE ( 'NONE', #4697, 1.000000000000002665 ) ;
#3512 = FACE_OUTER_BOUND ( 'NONE', #3979, .T. ) ;
#3513 = EDGE_LOOP ( 'NONE', ( #30, #1292, #8753, #5845 ) ) ;
#3514 = ORIENTED_EDGE ( 'NONE', *, *, #5555, .T. ) ;
#3515 = CARTESIAN_POINT ( 'NONE',  ( -267.8160824133250912, 5.214525108020818145, -168.7590172505114765 ) ) ;
#3516 = EDGE_CURVE ( 'NONE', #2241, #2669, #7130, .T. ) ;
#3517 = CIRCLE ( 'NONE', #2914, 5.000000000000000888 ) ;
#3518 = CARTESIAN_POINT ( 'NONE',  ( -325.7989918981636492, 5.919283266445281022, -169.3143903733093794 ) ) ;
#3519 = CARTESIAN_POINT ( 'NONE',  ( -367.8556549163546379, 5.499999999999984013, -168.3749310443081413 ) ) ;
#3520 = ADVANCED_FACE ( 'NONE', ( #6482 ), #837, .F. ) ;
#3521 = CARTESIAN_POINT ( 'NONE',  ( -426.8556549163546379, 5.500000000000000888, 0.000000000000000000 ) ) ;
#3522 = ORIENTED_EDGE ( 'NONE', *, *, #9218, .T. ) ;
#3523 = CARTESIAN_POINT ( 'NONE',  ( -286.5468425247761388, 4.534290388700399355, -170.0858929734080789 ) ) ;
#3524 = CYLINDRICAL_SURFACE ( 'NONE', #569, 4.999999999999999112 ) ;
#3525 = ORIENTED_EDGE ( 'NONE', *, *, #9104, .T. ) ;
#3526 = CARTESIAN_POINT ( 'NONE',  ( -386.8556549163546379, 3.625000000000000000, 19.70835166313716513 ) ) ;
#3527 = CIRCLE ( 'NONE', #9174, 1.000000000000000888 ) ;
#3528 = CARTESIAN_POINT ( 'NONE',  ( -365.0758246923423940, 4.972866850357532620, 19.34438404256381006 ) ) ;
#3529 = CIRCLE ( 'NONE', #1884, 4.000000000000001776 ) ;
#3530 = LINE ( 'NONE', #6453, #1706 ) ;
#3531 = CARTESIAN_POINT ( 'NONE',  ( -265.8797666428928892, 5.274054342412983765, 18.18616927195841626 ) ) ;
#3532 = CARTESIAN_POINT ( 'NONE',  ( -268.8556549163546379, 3.000000000000000000, 14.74756795489107297 ) ) ;
#3533 = CIRCLE ( 'NONE', #2791, 1.000000000000000888 ) ;
#3534 = EDGE_CURVE ( 'NONE', #5143, #560, #7776, .T. ) ;
#3535 = CARTESIAN_POINT ( 'NONE',  ( -246.8556549163562579, 5.515495738023729722, -55.07428413803645384 ) ) ;
#3536 = AXIS2_PLACEMENT_3D ( 'NONE', #5105, #7926, #8916 ) ;
#3537 = DIRECTION ( 'NONE',  ( -1.000000000000000000, -0.000000000000000000, -0.000000000000000000 ) ) ;
#3538 = DIRECTION ( 'NONE',  ( -1.000000000000000000, -0.000000000000000000, -0.000000000000000000 ) ) ;
#3539 = ADVANCED_FACE ( 'NONE', ( #4341, #2900 ), #2296, .F. ) ;
#3540 = CARTESIAN_POINT ( 'NONE',  ( -327.3868111759327348, 4.645770204743610243, -170.0332380380713460 ) ) ;
#3541 = AXIS2_PLACEMENT_3D ( 'NONE', #7501, #5979, #1132 ) ;
#3542 = AXIS2_PLACEMENT_3D ( 'NONE', #4504, #5950, #5438 ) ;
#3543 = DIRECTION ( 'NONE',  ( 1.000000000000000000, 0.000000000000000000, 0.000000000000000000 ) ) ;
#3544 = DIRECTION ( 'NONE',  ( 0.000000000000000000, 1.000000000000000000, 0.000000000000000000 ) ) ;
#3545 = CARTESIAN_POINT ( 'NONE',  ( -425.8991525913326655, 5.115861466908516064, 19.30120737941958353 ) ) ;
#3546 = DIRECTION ( 'NONE',  ( 0.000000000000000000, 0.000000000000000000, -1.000000000000000000 ) ) ;
#3547 = CARTESIAN_POINT ( 'NONE',  ( -407.8827340277301801, 3.971882637441339625, 19.65292316721478016 ) ) ;
#3548 = CARTESIAN_POINT ( 'NONE',  ( -267.7731559061448934, 5.097364476297975955, 18.37321371862590880 ) ) ;
#3549 = ORIENTED_EDGE ( 'NONE', *, *, #8479, .F. ) ;
#3550 = CARTESIAN_POINT ( 'NONE',  ( -364.8556549104655460, 5.988703185082854041, -169.2646805808189185 ) ) ;
#3551 = ORIENTED_EDGE ( 'NONE', *, *, #3101, .T. ) ;
#3552 = VERTEX_POINT ( 'NONE', #1601 ) ;
#3553 = EDGE_CURVE ( 'NONE', #4310, #8482, #801, .T. ) ;
#3554 = VECTOR ( 'NONE', #1983, 1000.000000000000000 ) ;
#3555 = DIRECTION ( 'NONE',  ( -1.000000000000000000, -0.000000000000000000, -2.921639538487254261E-16 ) ) ;
#3556 = CARTESIAN_POINT ( 'NONE',  ( -367.8827340277301801, 3.971882637441339625, 19.65292316721478372 ) ) ;
#3557 = CARTESIAN_POINT ( 'NONE',  ( -345.8601021806587141, 5.389166282607503078, 18.03814980593158523 ) ) ;
#3558 = CARTESIAN_POINT ( 'NONE',  ( -327.6376471506903840, 4.873062145403102008, 18.54992966763513706 ) ) ;
#3559 = PLANE ( 'NONE',  #3665 ) ;
#3560 = CYLINDRICAL_SURFACE ( 'NONE', #3042, 1.000000000000000888 ) ;
#3561 = ORIENTED_EDGE ( 'NONE', *, *, #6055, .F. ) ;
#3562 = CIRCLE ( 'NONE', #8759, 1.000000000000000888 ) ;
#3563 = ORIENTED_EDGE ( 'NONE', *, *, #5759, .F. ) ;
#3564 = B_SPLINE_CURVE_WITH_KNOTS ( 'NONE', 3,
 ( #8039, #7903, #4331, #6653, #3680, #5734, #5826, #8661, #5869, #5915, #223, #7952, #1540, #4374, #2285, #5129 ),
 .UNSPECIFIED., .F., .F.,
 ( 4, 2, 2, 2, 2, 2, 2, 4 ),
 ( 0.000000000000000000, 0.0009498534235542482754, 0.001424780135331372467, 0.001899706847108496551, 0.002374633558885620634, 0.002849560270662744935, 0.003324486982439868801, 0.003799413694216993102 ),
 .UNSPECIFIED. ) ;
#3565 = CARTESIAN_POINT ( 'NONE',  ( -325.8981480614779684, 5.118084154113605955, -169.8049107095002626 ) ) ;
#3566 = CARTESIAN_POINT ( 'NONE',  ( -367.4941735763148927, 4.727315172673871579, -169.1377181951108355 ) ) ;
#3567 = CARTESIAN_POINT ( 'NONE',  ( -326.1534622811190616, 4.784051302019449281, 18.60362175716054267 ) ) ;
#3568 = ORIENTED_EDGE ( 'NONE', *, *, #8513, .F. ) ;
#3569 = CARTESIAN_POINT ( 'NONE',  ( -441.8556549163562295, 10.00000000000000000, 19.74756795489110672 ) ) ;
#3570 = CARTESIAN_POINT ( 'NONE',  ( -1.885059646467264690E-15, 8.000000000000000000, 14.74756795489110850 ) ) ;
#3571 = ORIENTED_EDGE ( 'NONE', *, *, #5903, .F. ) ;
#3572 = EDGE_CURVE ( 'NONE', #4070, #751, #8823, .T. ) ;
#3573 = LINE ( 'NONE', #123, #4241 ) ;
#3574 = CARTESIAN_POINT ( 'NONE',  ( -366.5150189463654442, 4.557275686227510114, 18.70048102200166085 ) ) ;
#3575 = EDGE_CURVE ( 'NONE', #3221, #1048, #4111, .T. ) ;
#3576 = CARTESIAN_POINT ( 'NONE',  ( -246.8556549163562295, 2.927044221770242149, -55.09947411738636447 ) ) ;
#3577 = CARTESIAN_POINT ( 'NONE',  ( -266.0338427332812898, 4.926450206952970312, 18.51377697833360259 ) ) ;
#3578 = CARTESIAN_POINT ( 'NONE',  ( -445.8556549163562863, 7.000000000000000000, -146.2524320451088897 ) ) ;
#3579 = CARTESIAN_POINT ( 'NONE',  ( -267.4735974467517394, 3.739460732190676318, -170.1976603761552838 ) ) ;
#3580 = DIRECTION ( 'NONE',  ( -0.000000000000000000, -0.7806247497998088924, 0.6249999999999886757 ) ) ;
#3581 = LINE ( 'NONE', #6416, #3786 ) ;
#3582 = CARTESIAN_POINT ( 'NONE',  ( -327.4941735763148927, 4.727315172673871579, -169.1377181951108355 ) ) ;
#3583 = EDGE_CURVE ( 'NONE', #5403, #4922, #5893, .T. ) ;
#3584 = ADVANCED_FACE ( 'NONE', ( #897 ), #4259, .F. ) ;
#3585 = DIRECTION ( 'NONE',  ( -0.000000000000000000, 0.7806247497998098916, 0.6249999999999875655 ) ) ;
#3586 = DIRECTION ( 'NONE',  ( -1.000000000000000000, -0.000000000000000000, -0.000000000000000000 ) ) ;
#3587 = CARTESIAN_POINT ( 'NONE',  ( -426.1743829770999241, 3.768189216954980658, 19.68870928488158256 ) ) ;
#3588 = CARTESIAN_POINT ( 'NONE',  ( -307.8556549163546379, 5.499999999999992006, 17.87006695409028367 ) ) ;
#3589 = CARTESIAN_POINT ( 'NONE',  ( -427.8556549163546379, 7.000000000000000000, -165.2524320451089181 ) ) ;
#3590 = CARTESIAN_POINT ( 'NONE',  ( -268.5011026021951466, 4.694546530220660152, 19.45406462802907299 ) ) ;
#3591 = ORIENTED_EDGE ( 'NONE', *, *, #6306, .T. ) ;
#3592 = CARTESIAN_POINT ( 'NONE',  ( -288.8556549163546379, 8.000000000000000000, -165.2524320451089181 ) ) ;
#3593 = EDGE_LOOP ( 'NONE', ( #7589, #3663, #8154, #472 ) ) ;
#3594 = CARTESIAN_POINT ( 'NONE',  ( -267.0145012863558236, 4.500000000000002665, 18.71619492148796482 ) ) ;
#3595 = CARTESIAN_POINT ( 'NONE',  ( -347.7259361524282326, 5.003640207569657328, -168.9595324046023848 ) ) ;
#3596 = CARTESIAN_POINT ( 'NONE',  ( -346.5150189463654442, 4.557275686227511002, 18.70048102200166440 ) ) ;
#3597 = CARTESIAN_POINT ( 'NONE',  ( -327.1644673079408108, 4.534290388702123309, 19.58102888319216106 ) ) ;
#3598 = CARTESIAN_POINT ( 'NONE',  ( -307.7341608780492379, 5.002226165318917950, 18.46125788759333730 ) ) ;
#3599 = CARTESIAN_POINT ( 'NONE',  ( -246.8556549163562579, 4.729444688208468861, -93.25243204510890394 ) ) ;
#3600 = VERTEX_POINT ( 'NONE', #4660 ) ;
#3601 = EDGE_CURVE ( 'NONE', #3477, #7828, #6706, .T. ) ;
#3602 = ORIENTED_EDGE ( 'NONE', *, *, #3601, .F. ) ;
#3603 = CARTESIAN_POINT ( 'NONE',  ( -267.8556549163546379, 5.499999999999984013, -168.3749310443081413 ) ) ;
#3604 = AXIS2_PLACEMENT_3D ( 'NONE', #1444, #7937, #3622 ) ;
#3605 = CARTESIAN_POINT ( 'NONE',  ( -405.8556549163545810, 6.125000000000014211, -169.1555557941080110 ) ) ;
#3606 = AXIS2_PLACEMENT_3D ( 'NONE', #7485, #6796, #4707 ) ;
#3607 = CARTESIAN_POINT ( 'NONE',  ( 0.000000000000000000, 8.000000000000000000, -165.2524320451089181 ) ) ;
#3608 = CARTESIAN_POINT ( 'NONE',  ( -427.8121572413804756, 5.115861466909973565, -169.8060714696393916 ) ) ;
#3609 = ORIENTED_EDGE ( 'NONE', *, *, #3615, .F. ) ;
#3610 = CARTESIAN_POINT ( 'NONE',  ( -285.8273383005340520, 5.302404540044383552, -169.7061190454029429 ) ) ;
#3611 = CARTESIAN_POINT ( 'NONE',  ( -285.8991525913326655, 5.115861466909976230, 19.30120737942205622 ) ) ;
#3612 = CARTESIAN_POINT ( 'NONE',  ( -250.8556549163562011, 6.099999999999999645, 22.84756795489110104 ) ) ;
#3613 = ORIENTED_EDGE ( 'NONE', *, *, #4535, .F. ) ;
#3614 = DIRECTION ( 'NONE',  ( 0.000000000000000000, 0.000000000000000000, -1.000000000000000000 ) ) ;
#3615 = EDGE_CURVE ( 'NONE', #2106, #6273, #2472, .T. ) ;
#3616 = CARTESIAN_POINT ( 'NONE',  ( -365.9383153597867704, 5.097004927023557563, 18.37354440211568019 ) ) ;
#3617 = DIRECTION ( 'NONE',  ( -1.000000000000000000, -0.000000000000000000, -0.000000000000000000 ) ) ;
#3618 = EDGE_CURVE ( 'NONE', #3962, #5752, #7073, .T. ) ;
#3619 = CARTESIAN_POINT ( 'NONE',  ( -424.8556549163545810, 6.124999999999972466, -169.1555557941079542 ) ) ;
#3620 = DIRECTION ( 'NONE',  ( 0.000000000000000000, 0.000000000000000000, 1.000000000000000000 ) ) ;
#3621 = AXIS2_PLACEMENT_3D ( 'NONE', #9097, #2718, #8387 ) ;
#3622 = DIRECTION ( 'NONE',  ( 1.000000000000000000, 0.000000000000000000, 0.000000000000000000 ) ) ;
#3623 = CARTESIAN_POINT ( 'NONE',  ( -250.8556549163562011, 1.000000000000000000, -171.2524320451088897 ) ) ;
#3624 = CARTESIAN_POINT ( 'NONE',  ( -348.8556549163546379, 6.124999999999945821, 18.65069170389010722 ) ) ;
#3625 = CARTESIAN_POINT ( 'NONE',  ( -327.1962908863437747, 4.557275686227510114, -169.2053451122197600 ) ) ;
#3626 = VECTOR ( 'NONE', #6650, 1000.000000000000000 ) ;
#3627 = CARTESIAN_POINT ( 'NONE',  ( -250.8556549163562011, 6.099999999999999645, -171.2524320451088897 ) ) ;
#3628 = DIRECTION ( 'NONE',  ( 0.000000000000000000, 1.000000000000000000, 0.000000000000000000 ) ) ;
#3629 = COLOUR_RGB ( '',0.7921568627450980005, 0.8196078431372548767, 0.9333333333333333481 ) ;
#3630 = LINE ( 'NONE', #3678, #1147 ) ;
#3631 = ORIENTED_EDGE ( 'NONE', *, *, #7044, .F. ) ;
#3632 = LINE ( 'NONE', #2376, #6503 ) ;
#3633 = AXIS2_PLACEMENT_3D ( 'NONE', #711, #3555, #6298 ) ;
#3634 = CARTESIAN_POINT ( 'NONE',  ( -288.8270090655930744, 5.615024101080700270, 19.02036426553761572 ) ) ;
#3635 = ORIENTED_EDGE ( 'NONE', *, *, #2659, .F. ) ;
#3636 = CARTESIAN_POINT ( 'NONE',  ( -366.2511621445750052, 4.682572633565147413, -170.0158558051222428 ) ) ;
#3637 = ORIENTED_EDGE ( 'NONE', *, *, #5572, .F. ) ;
#3638 = CARTESIAN_POINT ( 'NONE',  ( -267.1715777490388177, 4.538726258075911346, 18.70822841259226976 ) ) ;
#3639 = TOROIDAL_SURFACE ( 'NONE', #8841, 4.000000000000000000, 1.000000000000000000 ) ;
#3640 = FACE_OUTER_BOUND ( 'NONE', #1518, .T. ) ;
#3641 = DIRECTION ( 'NONE',  ( 0.000000000000000000, 0.000000000000000000, 1.000000000000000000 ) ) ;
#3642 = AXIS2_PLACEMENT_3D ( 'NONE', #8598, #7930, #2828 ) ;
#3643 = CARTESIAN_POINT ( 'NONE',  ( -328.6906568940713669, 5.118411189682735341, 19.27962515578901659 ) ) ;
#3644 = CARTESIAN_POINT ( 'NONE',  ( -327.8556549163545810, 5.500000000000000888, -168.3749310443081413 ) ) ;
#3645 = EDGE_CURVE ( 'NONE', #8296, #426, #3064, .T. ) ;
#3646 = CARTESIAN_POINT ( 'NONE',  ( -248.2710478603690945, 4.016053611705425297, -94.21646235885403087 ) ) ;
#3647 = ORIENTED_EDGE ( 'NONE', *, *, #320, .F. ) ;
#3648 = ORIENTED_EDGE ( 'NONE', *, *, #880, .F. ) ;
#3649 = EDGE_CURVE ( 'NONE', #4085, #7706, #231, .T. ) ;
#3650 = VERTEX_POINT ( 'NONE', #5365 ) ;
#3651 = CARTESIAN_POINT ( 'NONE',  ( -267.8556549163546947, 6.124999999999970690, -169.1555557941079542 ) ) ;
#3652 = CARTESIAN_POINT ( 'NONE',  ( 0.000000000000000000, 8.000000000000000000, 0.000000000000000000 ) ) ;
#3653 = AXIS2_PLACEMENT_3D ( 'NONE', #3677, #786, #4510 ) ;
#3654 = CARTESIAN_POINT ( 'NONE',  ( -367.1962908863438315, 4.557275686227510114, -169.2053451122197600 ) ) ;
#3655 = CARTESIAN_POINT ( 'NONE',  ( -385.7066728493495020, 4.071125995611703630, 19.63282709906237145 ) ) ;
#3656 = ORIENTED_EDGE ( 'NONE', *, *, #8066, .T. ) ;
#3657 = CARTESIAN_POINT ( 'NONE',  ( -286.3000104555044913, 3.698795873745365892, -170.2053751441384293 ) ) ;
#3658 = CARTESIAN_POINT ( 'NONE',  ( -286.0547932183839066, 4.875924695993828273, 19.42011256173978495 ) ) ;
#3659 = CARTESIAN_POINT ( 'NONE',  ( -387.4428557303485832, 4.687071811803892984, -169.1570276738594316 ) ) ;
#3660 = ORIENTED_EDGE ( 'NONE', *, *, #1111, .T. ) ;
#3661 = CYLINDRICAL_SURFACE ( 'NONE', #3642, 1.150000000000017231 ) ;
#3662 = AXIS2_PLACEMENT_3D ( 'NONE', #8501, #728, #200 ) ;
#3663 = ORIENTED_EDGE ( 'NONE', *, *, #6478, .T. ) ;
#3664 = CARTESIAN_POINT ( 'NONE',  ( -246.8556549163562295, 4.262429457800418042, -53.90600269760052754 ) ) ;
#3665 = AXIS2_PLACEMENT_3D ( 'NONE', #4961, #1419, #7782 ) ;
#3666 = CARTESIAN_POINT ( 'NONE',  ( -325.1548002534006514, 4.800895434974115972, 19.41426770713571059 ) ) ;
#3667 = CARTESIAN_POINT ( 'NONE',  ( -426.0736626820214497, 4.873062145400256284, -169.0547937578537301 ) ) ;
#3668 = EDGE_CURVE ( 'NONE', #3983, #7438, #539, .T. ) ;
#3669 = FACE_OUTER_BOUND ( 'NONE', #4728, .T. ) ;
#3670 = CARTESIAN_POINT ( 'NONE',  ( -305.8556549163546379, 3.000000000000000000, 14.74756795489107120 ) ) ;
#3671 = FACE_OUTER_BOUND ( 'NONE', #6575, .T. ) ;
#3672 = AXIS2_PLACEMENT_3D ( 'NONE', #6641, #4552, #4600 ) ;
#3673 = CARTESIAN_POINT ( 'NONE',  ( -327.1619787238170147, 4.544316436059742337, -170.0813781607695034 ) ) ;
#3674 = VECTOR ( 'NONE', #2795, 1000.000000000000000 ) ;
#3675 = FACE_OUTER_BOUND ( 'NONE', #3593, .T. ) ;
#3676 = CARTESIAN_POINT ( 'NONE',  ( -346.0931336379929348, 3.806447783934358231, -170.1876835677589099 ) ) ;
#3677 = CARTESIAN_POINT ( 'NONE',  ( -442.8556549163562295, 3.750000000000000000, -0.5024320451088859496 ) ) ;
#3678 = CARTESIAN_POINT ( 'NONE',  ( -444.8556549163562295, 1.199999999999999956, -4.252432045108889724 ) ) ;
#3679 = EDGE_LOOP ( 'NONE', ( #6882, #4159, #1542, #5239 ) ) ;
#3680 = CARTESIAN_POINT ( 'NONE',  ( -288.6730116749449735, 5.070098603588712116, -169.8061121740519752 ) ) ;
#3681 = CARTESIAN_POINT ( 'NONE',  ( -267.9345859628257926, 5.710848127064618751, 18.95411819148986865 ) ) ;
#3682 = ORIENTED_EDGE ( 'NONE', *, *, #963, .F. ) ;
#3683 = B_SPLINE_CURVE_WITH_KNOTS ( 'NONE', 3,
 ( #7511, #7462, #2688, #8926, #9066, #3387, #5527, #4736, #4684, #6773, #7606, #6819 ),
 .UNSPECIFIED., .F., .F.,
 ( 4, 2, 2, 2, 2, 4 ),
 ( 0.000000000000000000, 0.0004698356480513694476, 0.0009396712961027388952, 0.001174589120128379655, 0.001409506944154020197, 0.001879342592205448083 ),
 .UNSPECIFIED. ) ;
#3684 = VECTOR ( 'NONE', #6120, 1000.000000000000000 ) ;
#3685 = AXIS2_PLACEMENT_3D ( 'NONE', #28, #8547, #2170 ) ;
#3686 = CARTESIAN_POINT ( 'NONE',  ( -305.8556549163546379, 5.416358229831101490, -168.5088650666895091 ) ) ;
#3687 = ORIENTED_EDGE ( 'NONE', *, *, #3649, .F. ) ;
#3688 = EDGE_CURVE ( 'NONE', #5265, #7407, #7374, .T. ) ;
#3689 = CARTESIAN_POINT ( 'NONE',  ( -427.1715777490387609, 4.538726258075906905, 18.70822841259225200 ) ) ;
#3690 = EDGE_CURVE ( 'NONE', #4542, #2679, #1818, .T. ) ;
#3691 = PLANE ( 'NONE',  #5596 ) ;
#3692 = CARTESIAN_POINT ( 'NONE',  ( -444.8556549163562295, 1.199999999999999956, -146.2524320451088897 ) ) ;
#3693 = CARTESIAN_POINT ( 'NONE',  ( -265.7953792149624519, 3.977365129228491725, -170.1580123797437238 ) ) ;
#3694 = DIRECTION ( 'NONE',  ( 1.000000000000000000, 0.000000000000000000, 0.000000000000000000 ) ) ;
#3695 = CARTESIAN_POINT ( 'NONE',  ( -246.8556549163562579, 3.615808371327323023, -95.16333744283080875 ) ) ;
#3696 = ORIENTED_EDGE ( 'NONE', *, *, #6111, .F. ) ;
#3697 = VERTEX_POINT ( 'NONE', #4523 ) ;
#3698 = ORIENTED_EDGE ( 'NONE', *, *, #5953, .T. ) ;
#3699 = EDGE_CURVE ( 'NONE', #6110, #2759, #8142, .T. ) ;
#3700 = PLANE ( 'NONE',  #686 ) ;
#3701 = DIRECTION ( 'NONE',  ( 0.000000000000000000, -1.000000000000000000, 0.000000000000000000 ) ) ;
#3702 = CARTESIAN_POINT ( 'NONE',  ( -386.5387405911664018, 3.649012588301084214, 19.70547760320676289 ) ) ;
#3703 = ORIENTED_EDGE ( 'NONE', *, *, #1624, .F. ) ;
#3704 = CARTESIAN_POINT ( 'NONE',  ( -286.7031920300043453, 4.500000005122825719, -170.1029761128765472 ) ) ;
#3705 = CARTESIAN_POINT ( 'NONE',  ( -286.7158142648374906, 3.625000007438456517, 19.70835166220002321 ) ) ;
#3706 = AXIS2_PLACEMENT_3D ( 'NONE', #9176, #1360, #2801 ) ;
#3707 = CARTESIAN_POINT ( 'NONE',  ( -250.8556549163562011, 6.099999999999999645, -171.2524320451088897 ) ) ;
#3708 = ORIENTED_EDGE ( 'NONE', *, *, #3832, .T. ) ;
#3709 = DIRECTION ( 'NONE',  ( 0.000000000000000000, 1.000000000000000000, 0.000000000000000000 ) ) ;
#3710 = VERTEX_POINT ( 'NONE', #3127 ) ;
#3711 = B_SPLINE_CURVE_WITH_KNOTS ( 'NONE', 3,
 ( #1153, #9118, #599, #453, #3995, #6135, #6873, #8975, #8361, #6232, #2596, #1102, #8266, #8412, #1246, #7571 ),
 .UNSPECIFIED., .F., .F.,
 ( 4, 2, 2, 2, 2, 2, 2, 4 ),
 ( 0.000000000000000000, 0.0009498534235542427460, 0.001424780135331366613, 0.001899706847108490479, 0.002374633558885614563, 0.002849560270662738429, 0.003324486982439863163, 0.003799413694216987897 ),
 .UNSPECIFIED. ) ;
#3712 = CARTESIAN_POINT ( 'NONE',  ( -248.2402703009715879, 4.281686611218327165, -57.25243204510889683 ) ) ;
#3713 = CARTESIAN_POINT ( 'NONE',  ( -425.9771489546598673, 5.002226165318922391, -168.9661219778111558 ) ) ;
#3714 = CARTESIAN_POINT ( 'NONE',  ( -426.3000104555045482, 3.698795873745365892, -170.2053751441384293 ) ) ;
#3715 = CARTESIAN_POINT ( 'NONE',  ( -268.4853156518731225, 4.666530572644965069, -169.9684037520792401 ) ) ;
#3716 = DIRECTION ( 'NONE',  ( 0.000000000000000000, 0.000000000000000000, 1.000000000000000000 ) ) ;
#3717 = DIRECTION ( 'NONE',  ( -1.000000000000000000, 0.000000000000000000, -1.278217298088173739E-16 ) ) ;
#3718 = CARTESIAN_POINT ( 'NONE',  ( -428.8270090655929607, 5.615024101080703822, 19.02036426553759085 ) ) ;
#3719 = EDGE_CURVE ( 'NONE', #4837, #7453, #2344, .T. ) ;
#3720 = CARTESIAN_POINT ( 'NONE',  ( -407.7455700262930804, 5.039146740864987706, -168.9298849125770801 ) ) ;
#3721 = CYLINDRICAL_SURFACE ( 'NONE', #8147, 2.099999999999990763 ) ;
#3722 = CARTESIAN_POINT ( 'NONE',  ( -388.8556549163546379, 3.000000000000000000, 14.74756795489105876 ) ) ;
#3723 = CARTESIAN_POINT ( 'NONE',  ( -444.8556549163562295, 3.750000000000000000, -148.6524320451088954 ) ) ;
#3724 = CARTESIAN_POINT ( 'NONE',  ( -444.8556549163562295, 3.750000000000000000, -157.6524320451088954 ) ) ;
#3725 = ORIENTED_EDGE ( 'NONE', *, *, #4234, .F. ) ;
#3726 = DIRECTION ( 'NONE',  ( -1.000000000000000000, -0.000000000000000000, -0.000000000000000000 ) ) ;
#3727 = CARTESIAN_POINT ( 'NONE',  ( -287.8827340277301801, 3.971882637441339625, 19.65292316721480503 ) ) ;
#3728 = ORIENTED_EDGE ( 'NONE', *, *, #4530, .F. ) ;
#3729 = CARTESIAN_POINT ( 'NONE',  ( -366.7031920299984336, 4.500000005122825719, -170.1029761128765472 ) ) ;
#3730 = ORIENTED_EDGE ( 'NONE', *, *, #9049, .T. ) ;
#3731 = CARTESIAN_POINT ( 'NONE',  ( -441.8556549163562295, 10.00000000000000000, -170.2524320451088897 ) ) ;
#3732 = PLANE ( 'NONE',  #375 ) ;
#3733 = EDGE_CURVE ( 'NONE', #1026, #4258, #7246, .T. ) ;
#3734 = CARTESIAN_POINT ( 'NONE',  ( -268.0061957420330714, 4.072590210801799060, 19.63248989901886432 ) ) ;
#3735 = DIRECTION ( 'NONE',  ( 0.000000000000000000, 0.000000000000000000, -1.000000000000000000 ) ) ;
#3736 = CARTESIAN_POINT ( 'NONE',  ( -307.3780496486143079, 4.643806473694054304, 18.66990609846163807 ) ) ;
#3737 = LINE ( 'NONE', #7170, #4235 ) ;
#3738 = EDGE_LOOP ( 'NONE', ( #718, #2038, #9158, #3339, #761, #1978, #6621, #5219, #6214, #7406 ) ) ;
#3739 = ORIENTED_EDGE ( 'NONE', *, *, #8413, .T. ) ;
#3740 = ORIENTED_EDGE ( 'NONE', *, *, #7786, .T. ) ;
#3741 = CARTESIAN_POINT ( 'NONE',  ( -444.8556549163562295, 3.750000000000000000, -79.85243204510885562 ) ) ;
#3742 = FACE_OUTER_BOUND ( 'NONE', #2506, .T. ) ;
#3743 = CARTESIAN_POINT ( 'NONE',  ( -287.8556549163546379, 5.500000000000000888, -168.3749310443081413 ) ) ;
#3744 = ORIENTED_EDGE ( 'NONE', *, *, #8355, .F. ) ;
#3745 = FACE_OUTER_BOUND ( 'NONE', #1676, .T. ) ;
#3746 = CARTESIAN_POINT ( 'NONE',  ( -286.3084438545031958, 3.714219789345781564, 19.69642408864810790 ) ) ;
#3747 = EDGE_CURVE ( 'NONE', #957, #5133, #235, .T. ) ;
#3748 = DIRECTION ( 'NONE',  ( -1.000000000000000000, 0.000000000000000000, -0.000000000000000000 ) ) ;
#3749 = ORIENTED_EDGE ( 'NONE', *, *, #4888, .T. ) ;
#3750 = CYLINDRICAL_SURFACE ( 'NONE', #6454, 1.150000000000012124 ) ;
#3751 = ORIENTED_EDGE ( 'NONE', *, *, #5520, .T. ) ;
#3752 = CARTESIAN_POINT ( 'NONE',  ( -246.8556549163562579, 4.729444687660428137, -57.07571846115439484 ) ) ;
#3753 = CARTESIAN_POINT ( 'NONE',  ( -368.8556549163546379, 6.124999999999978684, 18.65069170389007880 ) ) ;
#3754 = CARTESIAN_POINT ( 'NONE',  ( -426.8556549163546379, 4.500000000000000888, -170.1029761153939717 ) ) ;
#3755 = ORIENTED_EDGE ( 'NONE', *, *, #5269, .T. ) ;
#3756 = CARTESIAN_POINT ( 'NONE',  ( -266.8556549163546379, 3.625000000000000000, -170.2132157533550298 ) ) ;
#3757 = EDGE_CURVE ( 'NONE', #5801, #7580, #9035, .T. ) ;
#3758 = DIRECTION ( 'NONE',  ( 1.000000000000000000, 0.000000000000000000, 0.000000000000000000 ) ) ;
#3759 = CARTESIAN_POINT ( 'NONE',  ( -428.8556549222436729, 5.988703185082469460, 18.75981649060134160 ) ) ;
#3760 = DIRECTION ( 'NONE',  ( 0.000000000000000000, 0.000000000000000000, 1.000000000000000000 ) ) ;
#3761 = EDGE_CURVE ( 'NONE', #299, #6989, #3240, .T. ) ;
#3762 = CIRCLE ( 'NONE', #3020, 5.000000000000000888 ) ;
#3763 = CARTESIAN_POINT ( 'NONE',  ( -385.0753333789934914, 4.974239720232511708, -169.8486235559576585 ) ) ;
#3764 = CARTESIAN_POINT ( 'NONE',  ( -427.0095446511515433, 4.508727177065517289, -170.0986492161661943 ) ) ;
#3765 = CARTESIAN_POINT ( 'NONE',  ( -308.8556549163545810, 5.877829809576795128, -169.3534503254485060 ) ) ;
#3766 = CARTESIAN_POINT ( 'NONE',  ( -250.8556549163562011, 6.099999999999999645, -171.2524320451088897 ) ) ;
#3767 = CARTESIAN_POINT ( 'NONE',  ( -407.8556549163546379, 3.000000000000000000, 14.74756795489105698 ) ) ;
#3768 = EDGE_LOOP ( 'NONE', ( #1424, #660 ) ) ;
#3769 = DIRECTION ( 'NONE',  ( -0.000000000000000000, 1.000000000000000000, -0.000000000000000000 ) ) ;
#3770 = DIRECTION ( 'NONE',  ( 0.000000000000000000, 0.000000000000000000, 1.000000000000000000 ) ) ;
#3771 = VECTOR ( 'NONE', #4919, 1000.000000000000000 ) ;
#3772 = CARTESIAN_POINT ( 'NONE',  ( -366.8556549163545242, 4.500000000000000888, -170.1029761153939717 ) ) ;
#3773 = EDGE_LOOP ( 'NONE', ( #1238, #2126, #2261, #4177 ) ) ;
#3774 = CARTESIAN_POINT ( 'NONE',  ( -427.0145012863557668, 4.500000000000001776, 18.71619492148793995 ) ) ;
#3775 = CARTESIAN_POINT ( 'NONE',  ( -442.8556549163562295, 0.000000000000000000, 156.0000000000000000 ) ) ;
#3776 = CARTESIAN_POINT ( 'NONE',  ( -308.8556549163546379, 7.000000000000000000, 14.74756795489106942 ) ) ;
#3777 = CARTESIAN_POINT ( 'NONE',  ( -287.8459675937750717, 5.324007913114983559, 18.13022991715111232 ) ) ;
#3778 = EDGE_CURVE ( 'NONE', #3040, #4914, #3391, .T. ) ;
#3779 = CARTESIAN_POINT ( 'NONE',  ( -442.8556549163562295, 3.750000000000000000, -156.5024320451088897 ) ) ;
#3780 = CARTESIAN_POINT ( 'NONE',  ( -246.8556549163562579, 3.749418402956620877, -96.85994510764460586 ) ) ;
#3781 = ORIENTED_EDGE ( 'NONE', *, *, #6417, .F. ) ;
#3782 = VECTOR ( 'NONE', #4180, 1000.000000000000000 ) ;
#3783 = VERTEX_POINT ( 'NONE', #3909 ) ;
#3784 = AXIS2_PLACEMENT_3D ( 'NONE', #4791, #4894, #8409 ) ;
#3785 = ORIENTED_EDGE ( 'NONE', *, *, #6635, .F. ) ;
#3786 = VECTOR ( 'NONE', #3538, 1000.000000000000000 ) ;
#3787 = CARTESIAN_POINT ( 'NONE',  ( -405.2102072305102070, 4.694546530222388547, -169.9589287182462556 ) ) ;
#3788 = CARTESIAN_POINT ( 'NONE',  ( -404.8556549163545810, 6.124999999999951150, -169.1555557941079542 ) ) ;
#3789 = B_SPLINE_CURVE_WITH_KNOTS ( 'NONE', 3,
 ( #2790, #6236, #5640, #5678, #7195, #8056, #6671, #4533, #288, #3134, #5973, #5722, #2227, #8556, #6624, #8813 ),
 .UNSPECIFIED., .F., .F.,
 ( 4, 2, 2, 2, 2, 2, 2, 4 ),
 ( 0.000000000000000000, 0.0009498534235542482754, 0.001424780135331372467, 0.001899706847108496551, 0.002374633558885620634, 0.002849560270662744935, 0.003324486982439868801, 0.003799413694216993102 ),
 .UNSPECIFIED. ) ;
#3790 = CARTESIAN_POINT ( 'NONE',  ( -446.8556549163562863, 0.000000000000000000, 9.747567954891122710 ) ) ;
#3791 = CARTESIAN_POINT ( 'NONE',  ( -387.7341608780493516, 5.002226165318917950, 18.46125788759333020 ) ) ;
#3792 = ORIENTED_EDGE ( 'NONE', *, *, #4201, .F. ) ;
#3793 = DIRECTION ( 'NONE',  ( 0.000000000000000000, 0.000000000000000000, 1.000000000000000000 ) ) ;
#3794 = CARTESIAN_POINT ( 'NONE',  ( -285.7989050678922354, 5.918887576269623807, 18.80982022867353010 ) ) ;
#3795 = CARTESIAN_POINT ( 'NONE',  ( -366.8556549163545810, 4.500000000000000888, -169.2210590117058189 ) ) ;
#3796 = VERTEX_POINT ( 'NONE', #6749 ) ;
#3797 = B_SPLINE_CURVE_WITH_KNOTS ( 'NONE', 3,
 ( #4216, #2167, #69, #9201, #4930, #2907, #9110, #3567, #5669, #5758, #7098, #6405, #8497, #8591, #1428, #7050 ),
 .UNSPECIFIED., .F., .F.,
 ( 4, 2, 2, 2, 2, 2, 2, 4 ),
 ( 0.000000000000000000, 0.0002351675953986712229, 0.0004703351907973424458, 0.0007055027861960136686, 0.0009406703815946848915, 0.001175837976993356114, 0.001411005572392027337, 0.001881340763189369783 ),
 .UNSPECIFIED. ) ;
#3798 = EDGE_CURVE ( 'NONE', #2588, #4117, #8586, .T. ) ;
#3799 = ORIENTED_EDGE ( 'NONE', *, *, #5609, .F. ) ;
#3800 = CARTESIAN_POINT ( 'NONE',  ( -265.3918877210924165, 4.413458803463324642, -170.0503618490929796 ) ) ;
#3801 = EDGE_CURVE ( 'NONE', #2807, #7796, #5464, .T. ) ;
#3802 = CARTESIAN_POINT ( 'NONE',  ( -368.8076187213023900, 5.561221672467642207, 19.04516059758636715 ) ) ;
#3803 = DIRECTION ( 'NONE',  ( -1.000000000000000000, 0.000000000000000000, -2.921639538487254261E-16 ) ) ;
#3804 = CARTESIAN_POINT ( 'NONE',  ( -366.9352240827999481, 4.500000000000002665, -169.2210590117058473 ) ) ;
#3805 = VECTOR ( 'NONE', #3165, 1000.000000000000000 ) ;
#3806 = CARTESIAN_POINT ( 'NONE',  ( -442.8556549163562295, 3.750000000000000000, -78.50243204510888972 ) ) ;
#3807 = CIRCLE ( 'NONE', #378, 2.099999999999990763 ) ;
#3808 = DIRECTION ( 'NONE',  ( 0.000000000000000000, 0.000000000000000000, -1.000000000000000000 ) ) ;
#3809 = DIRECTION ( 'NONE',  ( 0.000000000000000000, -0.000000000000000000, -1.000000000000000000 ) ) ;
#3810 = AXIS2_PLACEMENT_3D ( 'NONE', #1116, #8186, #6798 ) ;
#3811 = EDGE_CURVE ( 'NONE', #6006, #5929, #1457, .T. ) ;
#3812 = DIRECTION ( 'NONE',  ( 0.000000000000000000, 0.000000000000000000, 1.000000000000000000 ) ) ;
#3813 = CARTESIAN_POINT ( 'NONE',  ( -248.8556549163562295, 10.00000000000000000, -53.25243204510888972 ) ) ;
#3814 = DIRECTION ( 'NONE',  ( 1.000000000000000000, 0.000000000000000000, -0.000000000000000000 ) ) ;
#3815 = CARTESIAN_POINT ( 'NONE',  ( -256.8556549163562295, 3.000000000000000000, -165.2524320451089181 ) ) ;
#3816 = LINE ( 'NONE', #7210, #7982 ) ;
#3817 = PRODUCT_RELATED_PRODUCT_CATEGORY ( 'part', '', ( #7533 ) ) ;
#3818 = CARTESIAN_POINT ( 'NONE',  ( -405.8556549163545810, 7.000000000000000000, -165.2524320451089181 ) ) ;
#3819 = CARTESIAN_POINT ( 'NONE',  ( -285.0382981577642454, 5.070098603588711228, 19.30124808383413537 ) ) ;
#3820 = ORIENTED_EDGE ( 'NONE', *, *, #6646, .T. ) ;
#3821 = AXIS2_PLACEMENT_3D ( 'NONE', #5436, #8354, #447 ) ;
#3822 = CARTESIAN_POINT ( 'NONE',  ( -386.1655068274290556, 4.773209397924948583, 18.60965155063050247 ) ) ;
#3823 = CARTESIAN_POINT ( 'NONE',  ( -268.8556549163546379, 6.124999999999946709, 18.65069170389011788 ) ) ;
#3824 = CARTESIAN_POINT ( 'NONE',  ( -265.8950824154304655, 5.215001926881828176, -168.7584980031488442 ) ) ;
#3825 = AXIS2_PLACEMENT_3D ( 'NONE', #5733, #4288, #1452 ) ;
#3826 = DIRECTION ( 'NONE',  ( 0.000000000000000000, 0.000000000000000000, 1.000000000000000000 ) ) ;
#3827 = AXIS2_PLACEMENT_3D ( 'NONE', #3404, #505, #1254 ) ;
#3828 = DIRECTION ( 'NONE',  ( 0.000000000000000000, 1.593777193553690256E-14, 1.000000000000000000 ) ) ;
#3829 = ORIENTED_EDGE ( 'NONE', *, *, #8636, .F. ) ;
#3830 = VERTEX_POINT ( 'NONE', #5226 ) ;
#3831 = ORIENTED_EDGE ( 'NONE', *, *, #473, .T. ) ;
#3832 = EDGE_CURVE ( 'NONE', #2619, #749, #7026, .T. ) ;
#3833 = AXIS2_PLACEMENT_3D ( 'NONE', #8345, #8392, #3468 ) ;
#3834 = CIRCLE ( 'NONE', #1610, 1.000000000000000888 ) ;
#3835 = CARTESIAN_POINT ( 'NONE',  ( -428.2240811334461341, 4.293272472136263396, -170.0836341850529436 ) ) ;
#3836 = CARTESIAN_POINT ( 'NONE',  ( -406.0199841525925990, 4.946426151581507114, 18.49902245509281329 ) ) ;
#3837 = LINE ( 'NONE', #6715, #7439 ) ;
#3838 = CYLINDRICAL_SURFACE ( 'NONE', #1478, 5.000000000000004441 ) ;
#3839 = CARTESIAN_POINT ( 'NONE',  ( -388.8556549163546379, 3.000000000000000000, 14.74756795489105876 ) ) ;
#3840 = ORIENTED_EDGE ( 'NONE', *, *, #4332, .T. ) ;
#3841 = CARTESIAN_POINT ( 'NONE',  ( -385.1540828074996057, 4.802408741466628328, -169.9185304108797254 ) ) ;
#3842 = CARTESIAN_POINT ( 'NONE',  ( -445.8556549163562863, 7.000000000000000000, -160.2524320451088897 ) ) ;
#3843 = CARTESIAN_POINT ( 'NONE',  ( -256.8556549163562295, 0.000000000000000000, 14.74756795489107475 ) ) ;
#3844 = ORIENTED_EDGE ( 'NONE', *, *, #7481, .F. ) ;
#3845 = DIRECTION ( 'NONE',  ( -1.000000000000000000, -0.000000000000000000, -0.000000000000000000 ) ) ;
#3846 = ORIENTED_EDGE ( 'NONE', *, *, #6254, .F. ) ;
#3847 = CARTESIAN_POINT ( 'NONE',  ( -264.8843007671160876, 5.615024101080729579, -169.5252283557554449 ) ) ;
#3848 = PLANE ( 'NONE',  #8257 ) ;
#3849 = FACE_OUTER_BOUND ( 'NONE', #1792, .T. ) ;
#3850 = AXIS2_PLACEMENT_3D ( 'NONE', #698, #1, #2140 ) ;
#3851 = VERTEX_POINT ( 'NONE', #6247 ) ;
#3852 = CARTESIAN_POINT ( 'NONE',  ( -367.8459639745224194, 5.323809698952789660, -168.6353855492173466 ) ) ;
#3853 = EDGE_CURVE ( 'NONE', #9008, #2679, #8376, .T. ) ;
#3854 = DIRECTION ( 'NONE',  ( -1.000000000000000000, -0.000000000000000000, -0.000000000000000000 ) ) ;
#3855 = CARTESIAN_POINT ( 'NONE',  ( -266.3332601840948541, 4.643806473694051640, -169.1747701886794744 ) ) ;
#3856 = FACE_OUTER_BOUND ( 'NONE', #7363, .T. ) ;
#3857 = AXIS2_PLACEMENT_3D ( 'NONE', #5283, #3876, #863 ) ;
#3858 = CARTESIAN_POINT ( 'NONE',  ( -385.7989918981637629, 5.919283266442930014, -169.3143903733056277 ) ) ;
#3859 = DIRECTION ( 'NONE',  ( -2.921639538487254261E-16, 0.000000000000000000, 1.000000000000000000 ) ) ;
#3860 = CARTESIAN_POINT ( 'NONE',  ( -286.8556549163546947, 3.625000000000000444, 19.70835166313717934 ) ) ;
#3861 = CARTESIAN_POINT ( 'NONE',  ( -345.8280541903450853, 3.972307589721721488, 19.65283708147275732 ) ) ;
#3862 = CARTESIAN_POINT ( 'NONE',  ( -348.8076187213023900, 5.561221672467643984, 19.04516059758637070 ) ) ;
#3863 = EDGE_CURVE ( 'NONE', #7734, #2669, #2053, .T. ) ;
#3864 = CARTESIAN_POINT ( 'NONE',  ( -286.5387405911663450, 3.649012588301083770, 19.70547760320677000 ) ) ;
#3865 = ORIENTED_EDGE ( 'NONE', *, *, #8650, .T. ) ;
#3866 = CARTESIAN_POINT ( 'NONE',  ( -386.8556549163546379, 3.625000000000000444, 19.70835166313716513 ) ) ;
#3867 = CARTESIAN_POINT ( 'NONE',  ( -406.0547932183838498, 4.875924695994008573, 19.42011256173976363 ) ) ;
#3868 = CARTESIAN_POINT ( 'NONE',  ( -265.8221547833344403, 6.023662094631590413, -169.2366910493347234 ) ) ;
#3869 = DIRECTION ( 'NONE',  ( -1.000000000000000000, 0.000000000000000000, 0.000000000000000000 ) ) ;
#3870 = FACE_OUTER_BOUND ( 'NONE', #3418, .T. ) ;
#3871 = ORIENTED_EDGE ( 'NONE', *, *, #6791, .F. ) ;
#3872 = ORIENTED_EDGE ( 'NONE', *, *, #5091, .F. ) ;
#3873 = VERTEX_POINT ( 'NONE', #8330 ) ;
#3874 = CARTESIAN_POINT ( 'NONE',  ( -406.8556549163545810, 4.500000000000000888, -169.2210590117058189 ) ) ;
#3875 = CARTESIAN_POINT ( 'NONE',  ( -346.7857345905476905, 4.500000000000000888, 18.71619492074466962 ) ) ;
#3876 = DIRECTION ( 'NONE',  ( -1.000000000000000000, -0.000000000000000000, -2.921639538487254261E-16 ) ) ;
#3877 = CARTESIAN_POINT ( 'NONE',  ( -286.3330437580667649, 4.643937170568182005, 18.66985447363970252 ) ) ;
#3878 = CARTESIAN_POINT ( 'NONE',  ( -387.7854562619177159, 5.116383170996371632, 18.36058535655305590 ) ) ;
#3879 = EDGE_LOOP ( 'NONE', ( #5693, #5099, #9009, #5501 ) ) ;
#3880 = CARTESIAN_POINT ( 'NONE',  ( -385.4872149242659702, 4.293400979081465785, -170.0835836746730365 ) ) ;
#3881 = AXIS2_PLACEMENT_3D ( 'NONE', #5481, #4735, #5571 ) ;
#3882 = EDGE_CURVE ( 'NONE', #3851, #4837, #5623, .T. ) ;
#3883 = LINE ( 'NONE', #1700, #8740 ) ;
#3884 = DIRECTION ( 'NONE',  ( -1.000000000000000000, 0.000000000000000000, 0.000000000000000000 ) ) ;
#3885 = VERTEX_POINT ( 'NONE', #4194 ) ;
#3886 = ORIENTED_EDGE ( 'NONE', *, *, #4090, .T. ) ;
#3887 = CARTESIAN_POINT ( 'NONE',  ( -265.4872149242660271, 4.293400979081465785, -170.0835836746730365 ) ) ;
#3888 = DIRECTION ( 'NONE',  ( 0.000000000000000000, 1.000000000000000000, -0.000000000000000000 ) ) ;
#3889 = FACE_OUTER_BOUND ( 'NONE', #3009, .T. ) ;
#3890 = CARTESIAN_POINT ( 'NONE',  ( -367.6071014256183958, 4.836586271791889047, -169.0782802632811581 ) ) ;
#3891 = EDGE_CURVE ( 'NONE', #3460, #8446, #2195, .T. ) ;
#3892 = DIRECTION ( 'NONE',  ( 0.000000000000000000, 0.000000000000000000, -1.000000000000000000 ) ) ;
#3893 = ORIENTED_EDGE ( 'NONE', *, *, #8173, .F. ) ;
#3894 = CARTESIAN_POINT ( 'NONE',  ( -428.6359764537195929, 4.974239720234264972, 19.34375946573906191 ) ) ;
#3895 = CARTESIAN_POINT ( 'NONE',  ( -328.8556549163545810, 6.124999999999960032, -169.1555557941079542 ) ) ;
#3896 = ADVANCED_FACE ( 'NONE', ( #7685 ), #5090, .F. ) ;
#3897 = CARTESIAN_POINT ( 'NONE',  ( -385.2916704473142886, 4.557655364776424634, -170.0053841917504371 ) ) ;
#3898 = CARTESIAN_POINT ( 'NONE',  ( -425.8556549163546379, 3.000000000000000000, 14.74756795489105521 ) ) ;
#3899 = CARTESIAN_POINT ( 'NONE',  ( -444.8556549163562295, 0.000000000000000000, 156.0000000000000000 ) ) ;
#3900 = CARTESIAN_POINT ( 'NONE',  ( -345.2259941808363237, 4.666530572644966846, 19.46353966186141449 ) ) ;
#3901 = CARTESIAN_POINT ( 'NONE',  ( -347.8131617712273851, 5.118084154113398121, 19.30004661927881671 ) ) ;
#3902 = CARTESIAN_POINT ( 'NONE',  ( -285.1548002534007082, 4.800895434974118636, 19.41426770713573191 ) ) ;
#3903 = ORIENTED_EDGE ( 'NONE', *, *, #8600, .T. ) ;
#3904 = EDGE_CURVE ( 'NONE', #9094, #141, #4426, .T. ) ;
#3905 = EDGE_CURVE ( 'NONE', #3927, #3885, #5168, .T. ) ;
#3906 = CARTESIAN_POINT ( 'NONE',  ( -407.1725692415429307, 3.649012588301082882, -170.2103416934246525 ) ) ;
#3907 = CARTESIAN_POINT ( 'NONE',  ( -405.2930420790493713, 4.555586803579795507, 19.50118134527030023 ) ) ;
#3908 = DIRECTION ( 'NONE',  ( -1.000000000000000000, 0.000000000000000000, 0.000000000000000000 ) ) ;
#3909 = CARTESIAN_POINT ( 'NONE',  ( -328.8556549163545810, 6.124999999999951150, -169.1555557941079542 ) ) ;
#3910 = AXIS2_PLACEMENT_3D ( 'NONE', #3813, #8839, #6049 ) ;
#3911 = CARTESIAN_POINT ( 'NONE',  ( -387.9085373833142967, 5.400530990987480351, 19.14598017579384504 ) ) ;
#3912 = ORIENTED_EDGE ( 'NONE', *, *, #6743, .T. ) ;
#3913 = ORIENTED_EDGE ( 'NONE', *, *, #8303, .T. ) ;
#3914 = VERTEX_POINT ( 'NONE', #2841 ) ;
#3915 = ADVANCED_FACE ( 'NONE', ( #5824 ), #7208, .T. ) ;
#3916 = CARTESIAN_POINT ( 'NONE',  ( -446.8556549163562863, 7.000000000000000000, 156.0000000000000000 ) ) ;
#3917 = CARTESIAN_POINT ( 'NONE',  ( -304.8556549163546379, 7.000000000000000000, 19.74756795489107475 ) ) ;
#3918 = CARTESIAN_POINT ( 'NONE',  ( -306.9352240827998344, 4.500000000000002665, -169.2210590117058473 ) ) ;
#3919 = CARTESIAN_POINT ( 'NONE',  ( -307.1619787238171284, 4.544316436059742337, -170.0813781607695034 ) ) ;
#3920 = CARTESIAN_POINT ( 'NONE',  ( -328.8556549163545810, 8.000000000000000000, 0.000000000000000000 ) ) ;
#3921 = ORIENTED_EDGE ( 'NONE', *, *, #5850, .F. ) ;
#3922 = PLANE ( 'NONE',  #2644 ) ;
#3923 = CARTESIAN_POINT ( 'NONE',  ( -328.8556549163545810, 5.499999999999955591, 17.87006695409030144 ) ) ;
#3924 = CIRCLE ( 'NONE', #2443, 1.349999999999976108 ) ;
#3925 = CARTESIAN_POINT ( 'NONE',  ( -365.8556549163545810, 5.500000000000000888, -168.3749310443081413 ) ) ;
#3926 = EDGE_CURVE ( 'NONE', #5890, #4391, #3630, .T. ) ;
#3927 = VERTEX_POINT ( 'NONE', #2282 ) ;
#3928 = CIRCLE ( 'NONE', #5271, 1.000000000000000888 ) ;
#3929 = CIRCLE ( 'NONE', #1103, 1.000000000000000888 ) ;
#3930 = EDGE_LOOP ( 'NONE', ( #3182, #7292, #5157, #4037 ) ) ;
#3931 = CARTESIAN_POINT ( 'NONE',  ( -267.6565166143253691, 4.875924695994235059, -169.9249766519569391 ) ) ;
#3932 = AXIS2_PLACEMENT_3D ( 'NONE', #4980, #7802, #1443 ) ;
#3933 = CARTESIAN_POINT ( 'NONE',  ( -345.8027724493873052, 5.400530990989586222, -169.6508442660141611 ) ) ;
#3934 = CARTESIAN_POINT ( 'NONE',  ( -388.8556549163546379, 3.000000000000000000, -165.2524320451089181 ) ) ;
#3935 = CARTESIAN_POINT ( 'NONE',  ( -442.8556549163562295, 3.750000000000000000, -157.6524320451088954 ) ) ;
#3936 = EDGE_LOOP ( 'NONE', ( #125, #427 ) ) ;
#3937 = CARTESIAN_POINT ( 'NONE',  ( -287.8556549163546379, 7.000000000000000000, -165.2524320451089181 ) ) ;
#3938 = VECTOR ( 'NONE', #8822, 1000.000000000000000 ) ;
#3939 = CARTESIAN_POINT ( 'NONE',  ( -427.7259361524283463, 5.003640207569657328, -168.9595324046023848 ) ) ;
#3940 = VERTEX_POINT ( 'NONE', #4949 ) ;
#3941 = CARTESIAN_POINT ( 'NONE',  ( -427.6376471506904409, 4.873062145403102008, 18.54992966763512285 ) ) ;
#3942 = CARTESIAN_POINT ( 'NONE',  ( -347.2388583010182401, 4.571621889987924625, -170.0682608514823642 ) ) ;
#3943 = CARTESIAN_POINT ( 'NONE',  ( -426.6962559281097356, 3.624999999999968914, 19.70835166313717934 ) ) ;
#3944 = CARTESIAN_POINT ( 'NONE',  ( -442.8556549163562295, 3.750000000000000000, 0.6475679548911313921 ) ) ;
#3945 = ADVANCED_FACE ( 'NONE', ( #745 ), #4276, .F. ) ;
#3946 = CARTESIAN_POINT ( 'NONE',  ( -385.8556549163545810, 6.124999999999977796, -169.1555557941079542 ) ) ;
#3947 = CIRCLE ( 'NONE', #228, 2.000000000000001776 ) ;
#3948 = CARTESIAN_POINT ( 'NONE',  ( -408.8556549163546379, 3.000000000000000000, -165.2524320451089181 ) ) ;
#3949 = VECTOR ( 'NONE', #474, 1000.000000000000000 ) ;
#3950 = CARTESIAN_POINT ( 'NONE',  ( -442.8556549163562295, 3.750000000000000000, 0.6475679548911313921 ) ) ;
#3951 = CARTESIAN_POINT ( 'NONE',  ( -346.0919478697439899, 3.807091139239946909, 19.68271244580378720 ) ) ;
#3952 = CARTESIAN_POINT ( 'NONE',  ( -256.8556549163562295, 8.000000000000000000, -165.2524320451089181 ) ) ;
#3953 = FACE_OUTER_BOUND ( 'NONE', #8210, .T. ) ;
#3954 = EDGE_LOOP ( 'NONE', ( #6800, #7349, #3872, #5716 ) ) ;
#3955 = CIRCLE ( 'NONE', #8563, 1.000000000000000888 ) ;
#3956 = CARTESIAN_POINT ( 'NONE',  ( -386.7779828394985202, 4.500000003626994705, 19.59811202338747194 ) ) ;
#3957 = CARTESIAN_POINT ( 'NONE',  ( -405.9218548214145699, 3.907503744616650287, 19.66502962423767187 ) ) ;
#3958 = PLANE ( 'NONE',  #7164 ) ;
#3959 = DIRECTION ( 'NONE',  ( -0.000000000000000000, -1.000000000000000000, -0.000000000000000000 ) ) ;
#3960 = ADVANCED_FACE ( 'NONE', ( #1497 ), #5127, .T. ) ;
#3961 = CARTESIAN_POINT ( 'NONE',  ( -387.9159306177391500, 3.977365129224733398, 19.65314828952654125 ) ) ;
#3962 = VERTEX_POINT ( 'NONE', #7074 ) ;
#3963 = VERTEX_POINT ( 'NONE', #1587 ) ;
#3964 = VECTOR ( 'NONE', #5204, 1000.000000000000000 ) ;
#3965 = AXIS2_PLACEMENT_3D ( 'NONE', #3150, #211, #6729 ) ;
#3966 = ADVANCED_FACE ( 'NONE', ( #702 ), #6036, .F. ) ;
#3967 = EDGE_LOOP ( 'NONE', ( #50, #1376, #7742, #1662, #4222, #7209 ) ) ;
#3968 = AXIS2_PLACEMENT_3D ( 'NONE', #1777, #1071, #7359 ) ;
#3969 = CARTESIAN_POINT ( 'NONE',  ( -328.8556549163545810, 3.000000000000000000, -165.2524320451089181 ) ) ;
#3970 = CARTESIAN_POINT ( 'NONE',  ( -305.4872286992631416, 4.293272472136242079, 19.57877009483503272 ) ) ;
#3971 = FACE_OUTER_BOUND ( 'NONE', #673, .T. ) ;
#3972 = VECTOR ( 'NONE', #7860, 1000.000000000000000 ) ;
#3973 = DIRECTION ( 'NONE',  ( -1.000000000000000000, 0.000000000000000000, -0.000000000000000000 ) ) ;
#3974 = DIRECTION ( 'NONE',  ( -1.000000000000000000, 0.000000000000000000, -0.000000000000000000 ) ) ;
#3975 = ORIENTED_EDGE ( 'NONE', *, *, #3615, .T. ) ;
#3976 = CARTESIAN_POINT ( 'NONE',  ( -445.8556549163562863, 7.000000000000000000, 9.747567954891122710 ) ) ;
#3977 = DIRECTION ( 'NONE',  ( -2.921639538487254261E-16, 0.000000000000000000, 1.000000000000000000 ) ) ;
#3978 = CARTESIAN_POINT ( 'NONE',  ( -444.8556549163562295, 0.000000000000000000, -4.252432045108889724 ) ) ;
#3979 = EDGE_LOOP ( 'NONE', ( #2011, #2827, #1075, #1226 ) ) ;
#3980 = EDGE_CURVE ( 'NONE', #7490, #3198, #7390, .T. ) ;
#3981 = CIRCLE ( 'NONE', #9042, 1.000000000000000888 ) ;
#3982 = EDGE_CURVE ( 'NONE', #533, #2105, #562, .T. ) ;
#3983 = VERTEX_POINT ( 'NONE', #8085 ) ;
#3984 = CIRCLE ( 'NONE', #7699, 1.000000000000000888 ) ;
#3985 = CARTESIAN_POINT ( 'NONE',  ( -267.4582074330631372, 4.692344901070914176, -170.0114884923029877 ) ) ;
#3986 = CARTESIAN_POINT ( 'NONE',  ( -346.5778326856142826, 4.529518349318704118, -169.2147865307304357 ) ) ;
#3987 = CARTESIAN_POINT ( 'NONE',  ( -444.8556549163562295, 3.750000000000000000, -156.5024320451088897 ) ) ;
#3988 = ORIENTED_EDGE ( 'NONE', *, *, #5411, .F. ) ;
#3989 = CARTESIAN_POINT ( 'NONE',  ( -444.8556549163562295, 0.000000000000000000, -160.2524320451088897 ) ) ;
#3990 = CARTESIAN_POINT ( 'NONE',  ( -444.8556549163562295, 1.199999999999999956, -82.25243204510888972 ) ) ;
#3991 = VERTEX_POINT ( 'NONE', #5310 ) ;
#3992 = CARTESIAN_POINT ( 'NONE',  ( -427.9159306177391500, 3.977365129224792462, 19.65314828952652348 ) ) ;
#3993 = CARTESIAN_POINT ( 'NONE',  ( -347.9084018391927771, 5.399915996858983824, -169.6511968241145496 ) ) ;
#3994 = DIRECTION ( 'NONE',  ( 0.000000000000000000, 0.000000000000000000, -1.000000000000000000 ) ) ;
#3995 = CARTESIAN_POINT ( 'NONE',  ( -265.0382981577641885, 5.070098603588711228, 19.30124808383413537 ) ) ;
#3996 =( BOUNDED_SURFACE ( )  B_SPLINE_SURFACE ( 3, 2, ( 
 ( #3619, #7760, #79 ),
 ( #2272, #5114, #36 ),
 ( #7891, #6552, #2872 ),
 ( #7107, #6411, #4360 ),
 ( #8506, #2179, #9212 ),
 ( #8555, #2919, #735 ),
 ( #874, #5771, #2226 ),
 ( #1528, #168, #7194 ),
 ( #824, #7936, #3667 ),
 ( #2831, #7251, #6507 ),
 ( #4411, #1574, #128 ),
 ( #3714, #2972, #3012 ),
 ( #8462, #4226, #7985 ),
 ( #346, #3754, #5295 ) ),
 .UNSPECIFIED., .F., .F., .F. ) 
 B_SPLINE_SURFACE_WITH_KNOTS ( ( 4, 2, 2, 2, 2, 2, 4 ),
 ( 3, 3 ),
 ( 0.001015998582458484817, 0.001428449273945002788, 0.001840899965431520759, 0.002253350656918038514, 0.002665801348404556702, 0.003490702731377592644, 0.004315604114350628587 ),
 ( 0.000000000000000000, 1.000000000000000000 ),
 .UNSPECIFIED. ) 
 GEOMETRIC_REPRESENTATION_ITEM ( )  RATIONAL_B_SPLINE_SURFACE ( (
 ( 1.000000000000000000, 0.7071067811865300312, 1.000000000000000000),
 ( 1.000000000000000000, 0.7191539465619480875, 1.000000000000000000),
 ( 1.000000000000000000, 0.7296663882558011016, 1.000000000000000000),
 ( 1.000000000000000000, 0.7474372416597908630, 1.000000000000000000),
 ( 1.000000000000000000, 0.7547518899025179584, 1.000000000000000000),
 ( 1.000000000000000000, 0.7656299723753486886, 1.000000000000000000),
 ( 1.000000000000000000, 0.7691951883259209310, 1.000000000000000000),
 ( 1.000000000000000000, 0.7731396847002443007, 1.000000000000000000),
 ( 1.000000000000000000, 0.7734820014411815103, 1.000000000000000000),
 ( 1.000000000000000000, 0.7709873420233366303, 1.000000000000000000),
 ( 1.000000000000000000, 0.7646994115827951966, 1.000000000000000000),
 ( 1.000000000000000000, 0.7540697026764631161, 1.000000000000000000),
 ( 1.000000000000000000, 0.7498104614824783187, 1.000000000000000000),
 ( 1.000000000000000000, 0.7500000000000004441, 1.000000000000000000) ) ) 
 REPRESENTATION_ITEM ( '' )  SURFACE ( )  );
#3997 = CARTESIAN_POINT ( 'NONE',  ( -266.0547932183839634, 4.875924695993948177, 19.42011256173954337 ) ) ;
#3998 = CARTESIAN_POINT ( 'NONE',  ( -306.5493311088920905, 4.544316436061511588, 19.57651407055091397 ) ) ;
#3999 = CARTESIAN_POINT ( 'NONE',  ( -246.8556549163562579, 5.924053637642646031, -55.83819997281304381 ) ) ;
#4000 = FACE_OUTER_BOUND ( 'NONE', #326, .T. ) ;
#4001 = CARTESIAN_POINT ( 'NONE',  ( -408.6359764537195929, 4.974239720234264972, 19.34375946573906546 ) ) ;
#4002 = CARTESIAN_POINT ( 'NONE',  ( -344.8556549163545810, 3.000000000000000000, -165.2524320451089181 ) ) ;
#4003 = EDGE_CURVE ( 'NONE', #2807, #2868, #5773, .T. ) ;
#4004 = AXIS2_PLACEMENT_3D ( 'NONE', #5974, #996, #8057 ) ;
#4005 = CARTESIAN_POINT ( 'NONE',  ( -305.7771466374532565, 5.604658406166490359, -169.5274669064384057 ) ) ;
#4006 = ORIENTED_EDGE ( 'NONE', *, *, #8708, .T. ) ;
#4007 = CARTESIAN_POINT ( 'NONE',  ( -444.8556549163562295, 3.750000000000000000, 4.647567954891141717 ) ) ;
#4008 = CARTESIAN_POINT ( 'NONE',  ( -405.8952274193842982, 5.214525108020450439, 18.25415316029434365 ) ) ;
#4009 = FACE_OUTER_BOUND ( 'NONE', #5333, .T. ) ;
#4010 = CARTESIAN_POINT ( 'NONE',  ( -287.4941735763173938, 4.727315172675698562, -169.1377181951108355 ) ) ;
#4011 = CARTESIAN_POINT ( 'NONE',  ( -387.7894550112947059, 3.907503744616715124, -170.1698937144555259 ) ) ;
#4012 = ORIENTED_EDGE ( 'NONE', *, *, #320, .T. ) ;
#4013 = DIRECTION ( 'NONE',  ( -1.000000000000000000, 0.000000000000000000, 0.000000000000000000 ) ) ;
#4014 = ORIENTED_EDGE ( 'NONE', *, *, #4031, .F. ) ;
#4015 = ORIENTED_EDGE ( 'NONE', *, *, #112, .F. ) ;
#4016 = EDGE_CURVE ( 'NONE', #6846, #3650, #1600, .T. ) ;
#4017 = LINE ( 'NONE', #1872, #2021 ) ;
#4018 = DIRECTION ( 'NONE',  ( 1.000000000000000000, 0.000000000000000000, 0.000000000000000000 ) ) ;
#4019 = LINE ( 'NONE', #1222, #3112 ) ;
#4020 = CARTESIAN_POINT ( 'NONE',  ( -307.7455700262930804, 5.039146740864987706, -168.9298849125770801 ) ) ;
#4021 = PLANE ( 'NONE',  #2918 ) ;
#4022 = ORIENTED_EDGE ( 'NONE', *, *, #8936, .T. ) ;
#4023 = DIRECTION ( 'NONE',  ( -1.000000000000000000, -0.000000000000000000, -2.921639538487254261E-16 ) ) ;
#4024 = DIRECTION ( 'NONE',  ( 0.000000000000000000, 1.000000000000000000, 0.000000000000000000 ) ) ;
#4025 = CARTESIAN_POINT ( 'NONE',  ( -424.8556549163545810, 5.499999999999960920, -168.3749310443081413 ) ) ;
#4026 = ORIENTED_EDGE ( 'NONE', *, *, #5255, .T. ) ;
#4027 = ORIENTED_EDGE ( 'NONE', *, *, #590, .F. ) ;
#4028 = CARTESIAN_POINT ( 'NONE',  ( -266.8556549163546379, 4.500000000000000888, -170.1029761153939717 ) ) ;
#4029 = CARTESIAN_POINT ( 'NONE',  ( -346.3255170659738269, 4.640946051870844080, -169.1768963064188824 ) ) ;
#4030 = CARTESIAN_POINT ( 'NONE',  ( -364.8556549163546379, 5.877829809576790687, 18.84858623523065546 ) ) ;
#4031 = EDGE_CURVE ( 'NONE', #6857, #7596, #270, .T. ) ;
#4032 = CARTESIAN_POINT ( 'NONE',  ( -427.1962908863438315, 4.557275686227510114, -169.2053451122197600 ) ) ;
#4033 = ADVANCED_FACE ( 'NONE', ( #3119 ), #4608, .F. ) ;
#4034 = EDGE_LOOP ( 'NONE', ( #6242, #2064, #6090, #7752 ) ) ;
#4035 = LINE ( 'NONE', #1345, #8115 ) ;
#4036 = CARTESIAN_POINT ( 'NONE',  ( -444.8556549163562295, 1.199999999999999956, 156.0000000000000000 ) ) ;
#4037 = ORIENTED_EDGE ( 'NONE', *, *, #5759, .T. ) ;
#4038 = CARTESIAN_POINT ( 'NONE',  ( -406.8556549163545810, 4.500000000000000888, -169.2210590117058189 ) ) ;
#4039 = CARTESIAN_POINT ( 'NONE',  ( -347.5458030052795948, 4.773209397924164321, -169.1145156408490777 ) ) ;
#4040 = DIRECTION ( 'NONE',  ( -1.000000000000000000, 0.000000000000000000, 0.000000000000000000 ) ) ;
#4041 = CARTESIAN_POINT ( 'NONE',  ( -307.8556549163546379, 5.500000000000000888, -168.3749310443081413 ) ) ;
#4042 = CARTESIAN_POINT ( 'NONE',  ( -386.8556549163545810, 4.500000000000000888, -170.1029761153939717 ) ) ;
#4043 = CARTESIAN_POINT ( 'NONE',  ( -306.1178533641422632, 4.807602833727296243, 19.45241613551850435 ) ) ;
#4044 = EDGE_CURVE ( 'NONE', #683, #8660, #2939, .T. ) ;
#4045 = CARTESIAN_POINT ( 'NONE',  ( -345.8556549163546379, 5.500000000000000888, 19.74756795489107475 ) ) ;
#4046 = LINE ( 'NONE', #6878, #1890 ) ;
#4047 = CARTESIAN_POINT ( 'NONE',  ( -344.8556549163546379, 6.124999999999944933, 18.65069170389011077 ) ) ;
#4048 = CARTESIAN_POINT ( 'NONE',  ( -407.6071014256184526, 4.836586271791889047, -169.0782802632811581 ) ) ;
#4049 = EDGE_CURVE ( 'NONE', #284, #6541, #4470, .T. ) ;
#4050 = CARTESIAN_POINT ( 'NONE',  ( -407.8556549163546379, 7.000000000000000000, 19.74756795489107475 ) ) ;
#4051 = ORIENTED_EDGE ( 'NONE', *, *, #6243, .T. ) ;
#4052 = AXIS2_PLACEMENT_3D ( 'NONE', #6097, #4509, #5258 ) ;
#4053 = CIRCLE ( 'NONE', #1228, 1.000000000000000888 ) ;
#4054 = PLANE ( 'NONE',  #5048 ) ;
#4055 = CARTESIAN_POINT ( 'NONE',  ( -326.3244986567764272, 4.645770204743611131, 19.52837394785272096 ) ) ;
#4056 = CARTESIAN_POINT ( 'NONE',  ( -441.8556549163562295, 8.000000000000000000, -170.2524320451089181 ) ) ;
#4057 = CARTESIAN_POINT ( 'NONE',  ( -287.9346251257288714, 5.710072106083486254, -169.4595015101596402 ) ) ;
#4058 = DIRECTION ( 'NONE',  ( 0.000000000000000000, 0.000000000000000000, 1.000000000000000000 ) ) ;
#4059 = VERTEX_POINT ( 'NONE', #5867 ) ;
#4060 = CARTESIAN_POINT ( 'NONE',  ( -405.7066728493494452, 4.071125995611704518, 19.63282709906237145 ) ) ;
#4061 = ORIENTED_EDGE ( 'NONE', *, *, #6661, .T. ) ;
#4062 = ORIENTED_EDGE ( 'NONE', *, *, #3175, .T. ) ;
#4063 = EDGE_CURVE ( 'NONE', #7564, #1048, #8431, .T. ) ;
#4064 = CARTESIAN_POINT ( 'NONE',  ( -444.8556549163562295, 0.000000000000000000, -4.252432045108889724 ) ) ;
#4065 = CIRCLE ( 'NONE', #1691, 5.000000000000004441 ) ;
#4066 = CARTESIAN_POINT ( 'NONE',  ( -445.8556549163562863, 3.750000000000000000, -78.50243204510888972 ) ) ;
#4067 = CARTESIAN_POINT ( 'NONE',  ( -386.7760857499093277, 4.500000000000000888, 18.71619492148795061 ) ) ;
#4068 = CARTESIAN_POINT ( 'NONE',  ( -307.2388583010182401, 4.571621889987042664, -170.0682608514804599 ) ) ;
#4069 = CARTESIAN_POINT ( 'NONE',  ( -367.9345859628257358, 5.710848127064498847, 18.95411819148985444 ) ) ;
#4070 = VERTEX_POINT ( 'NONE', #5215 ) ;
#4071 = CARTESIAN_POINT ( 'NONE',  ( -407.0152978225284528, 3.625000000000001332, 19.70835166313716513 ) ) ;
#4072 = DIRECTION ( 'NONE',  ( 0.000000000000000000, 0.000000000000000000, -1.000000000000000000 ) ) ;
#4073 = CARTESIAN_POINT ( 'NONE',  ( -248.2802709308414251, 3.942719195812130373, -94.33051921273408880 ) ) ;
#4074 = ORIENTED_EDGE ( 'NONE', *, *, #4593, .F. ) ;
#4075 = CIRCLE ( 'NONE', #8806, 1.000000000000000888 ) ;
#4076 = VERTEX_POINT ( 'NONE', #361 ) ;
#4077 = CARTESIAN_POINT ( 'NONE',  ( -267.5458030052796516, 4.773209397924164321, -169.1145156408490777 ) ) ;
#4078 = CARTESIAN_POINT ( 'NONE',  ( -366.2377123859574795, 3.739460732190677650, 19.69279628593738707 ) ) ;
#4079 = AXIS2_PLACEMENT_3D ( 'NONE', #2738, #5582, #9023 ) ;
#4080 = CARTESIAN_POINT ( 'NONE',  ( -256.8556549163562295, 0.000000000000000000, 19.74756795489107475 ) ) ;
#4081 = ORIENTED_EDGE ( 'NONE', *, *, #2967, .T. ) ;
#4082 = PLANE ( 'NONE',  #1448 ) ;
#4083 = AXIS2_PLACEMENT_3D ( 'NONE', #4202, #7260, #9139 ) ;
#4084 = DIRECTION ( 'NONE',  ( -1.000000000000000000, 0.000000000000000000, -1.278217298088173739E-16 ) ) ;
#4085 = VERTEX_POINT ( 'NONE', #3724 ) ;
#4086 = ADVANCED_FACE ( 'NONE', ( #8037 ), #5322, .F. ) ;
#4087 = CARTESIAN_POINT ( 'NONE',  ( -404.8843007671161445, 5.615024101080729579, -169.5252283557554449 ) ) ;
#4088 = CIRCLE ( 'NONE', #8724, 1.150000000000017231 ) ;
#4089 = CARTESIAN_POINT ( 'NONE',  ( -347.9341163091267504, 5.603816879092914149, -169.5279948268551209 ) ) ;
#4090 = EDGE_CURVE ( 'NONE', #3187, #1456, #8493, .T. ) ;
#4091 = VECTOR ( 'NONE', #6025, 1000.000000000000000 ) ;
#4092 = LINE ( 'NONE', #4693, #8428 ) ;
#4093 = CARTESIAN_POINT ( 'NONE',  ( 0.000000000000000000, 10.00000000000000000, 0.000000000000000000 ) ) ;
#4094 = CARTESIAN_POINT ( 'NONE',  ( -306.3084438545032526, 3.714219789345782008, 19.69642408864810434 ) ) ;
#4095 = DIRECTION ( 'NONE',  ( -1.000000000000000000, -0.000000000000000000, -0.000000000000000000 ) ) ;
#4096 = CARTESIAN_POINT ( 'NONE',  ( -346.2684541023606926, 4.687071811803894761, 18.65216358364155980 ) ) ;
#4097 = DIRECTION ( 'NONE',  ( 1.000000000000000000, 0.000000000000000000, 0.000000000000000000 ) ) ;
#4098 = CARTESIAN_POINT ( 'NONE',  ( -407.8459639745224194, 5.323809698952789660, -168.6353855492173466 ) ) ;
#4099 = DIRECTION ( 'NONE',  ( 0.000000000000000000, 0.000000000000000000, 1.000000000000000000 ) ) ;
#4100 = ORIENTED_EDGE ( 'NONE', *, *, #8600, .F. ) ;
#4101 = ADVANCED_FACE ( 'NONE', ( #4000 ), #2554, .F. ) ;
#4102 = CARTESIAN_POINT ( 'NONE',  ( -384.8556549052799483, 5.988627236848496516, 18.75987729785380509 ) ) ;
#4103 = CARTESIAN_POINT ( 'NONE',  ( -326.4724515316910356, 4.571621889987041776, 19.56339676126328797 ) ) ;
#4104 = DIRECTION ( 'NONE',  ( 0.000000000000000000, 0.000000000000000000, 1.000000000000000000 ) ) ;
#4105 = CARTESIAN_POINT ( 'NONE',  ( -287.4582074330592150, 4.692344901071509256, -170.0114884923029877 ) ) ;
#4106 = CARTESIAN_POINT ( 'NONE',  ( -387.9084018391928339, 5.399915996858983824, -169.6511968241145496 ) ) ;
#4107 = EDGE_LOOP ( 'NONE', ( #4006, #6296, #2566, #2288 ) ) ;
#4108 = CARTESIAN_POINT ( 'NONE',  ( -405.0382981577642454, 5.070098603588712116, 19.30124808383412116 ) ) ;
#4109 = ORIENTED_EDGE ( 'NONE', *, *, #8413, .F. ) ;
#4110 = EDGE_LOOP ( 'NONE', ( #4632, #6495, #1917, #8921 ) ) ;
#4111 = CIRCLE ( 'NONE', #7812, 1.000000000000000888 ) ;
#4112 = DIRECTION ( 'NONE',  ( 0.000000000000000000, 0.000000000000000000, 1.000000000000000000 ) ) ;
#4113 = CARTESIAN_POINT ( 'NONE',  ( -346.5820493853617563, 4.535687915297963002, 18.70665286012383888 ) ) ;
#4114 = CYLINDRICAL_SURFACE ( 'NONE', #7858, 1.000000000000000888 ) ;
#4115 = CARTESIAN_POINT ( 'NONE',  ( -307.8315431898163865, 5.274054342412577867, -168.6910333621777056 ) ) ;
#4116 = CARTESIAN_POINT ( 'NONE',  ( -366.9933177586865440, 4.500000000000003553, 18.71619492043910427 ) ) ;
#4117 = VERTEX_POINT ( 'NONE', #458 ) ;
#4118 = CIRCLE ( 'NONE', #5166, 5.000000000000004441 ) ;
#4119 = DIRECTION ( 'NONE',  ( 0.000000000000000000, 0.000000000000000000, -1.000000000000000000 ) ) ;
#4120 = CARTESIAN_POINT ( 'NONE',  ( -364.8556549163543536, 5.877655079465398558, -169.3535902214992745 ) ) ;
#4121 = VERTEX_POINT ( 'NONE', #4144 ) ;
#4122 = ADVANCED_FACE ( 'NONE', ( #1851 ), #4698, .F. ) ;
#4123 = CLOSED_SHELL ( 'NONE', ( #4614, #4774, #1378, #6252 ) ) ;
#4124 = ORIENTED_EDGE ( 'NONE', *, *, #6085, .T. ) ;
#4125 = DIRECTION ( 'NONE',  ( 0.000000000000000000, 1.691355389077385339E-14, -1.000000000000000000 ) ) ;
#4126 = VECTOR ( 'NONE', #8958, 1000.000000000000000 ) ;
#4127 = CARTESIAN_POINT ( 'NONE',  ( -326.2511621445827927, 4.682572633563386155, -170.0158558051184343 ) ) ;
#4128 = FACE_OUTER_BOUND ( 'NONE', #5936, .T. ) ;
#4129 = DIRECTION ( 'NONE',  ( -1.000000000000000000, 0.000000000000000000, 0.000000000000000000 ) ) ;
#4130 = ORIENTED_EDGE ( 'NONE', *, *, #3891, .F. ) ;
#4131 = CARTESIAN_POINT ( 'NONE',  ( -368.8556549163546379, 7.000000000000000000, -165.2524320451089181 ) ) ;
#4132 = AXIS2_PLACEMENT_3D ( 'NONE', #5957, #7432, #4651 ) ;
#4133 = DIRECTION ( 'NONE',  ( 0.000000000000000000, 0.000000000000000000, -1.000000000000000000 ) ) ;
#4134 = ORIENTED_EDGE ( 'NONE', *, *, #7942, .T. ) ;
#4135 = CARTESIAN_POINT ( 'NONE',  ( -427.1644673079408108, 4.534290388702119756, 19.58102888319215040 ) ) ;
#4136 = CIRCLE ( 'NONE', #4731, 4.000000000000003553 ) ;
#4137 = DIRECTION ( 'NONE',  ( -1.000000000000000000, -0.000000000000000000, -0.000000000000000000 ) ) ;
#4138 = CARTESIAN_POINT ( 'NONE',  ( -444.8556549163562295, 1.199999999999999956, -68.25243204510887551 ) ) ;
#4139 = CARTESIAN_POINT ( 'NONE',  ( -286.6968085463535090, 4.500000000000000888, -169.2210590117057905 ) ) ;
#4140 = EDGE_CURVE ( 'NONE', #2197, #9145, #6792, .T. ) ;
#4141 = VECTOR ( 'NONE', #7053, 1000.000000000000000 ) ;
#4142 = CARTESIAN_POINT ( 'NONE',  ( -266.1743829770999241, 3.768189216954980658, 19.68870928488160388 ) ) ;
#4143 = CARTESIAN_POINT ( 'NONE',  ( -306.8556549163546379, 3.625000000000000444, 19.70835166313717579 ) ) ;
#4144 = CARTESIAN_POINT ( 'NONE',  ( -248.8556549163562579, 1.500000000000048184, -95.25243204510888972 ) ) ;
#4145 = LINE ( 'NONE', #9170, #3674 ) ;
#4146 = CARTESIAN_POINT ( 'NONE',  ( -426.8556549163546379, 4.500000000000000888, 18.71619492148793995 ) ) ;
#4147 = CARTESIAN_POINT ( 'NONE',  ( -427.4733861663405037, 3.739288344263299813, 19.69282342312302703 ) ) ;
#4148 = FACE_OUTER_BOUND ( 'NONE', #8165, .T. ) ;
#4149 = FACE_OUTER_BOUND ( 'NONE', #2614, .T. ) ;
#4150 = CARTESIAN_POINT ( 'NONE',  ( -426.8556549163546379, 4.500000000000000888, 18.71619492148793995 ) ) ;
#4151 = CIRCLE ( 'NONE', #5344, 1.349999999999977884 ) ;
#4152 = CARTESIAN_POINT ( 'NONE',  ( -288.6354851403668818, 4.972866850357087642, -169.8492481327818382 ) ) ;
#4153 = EDGE_CURVE ( 'NONE', #3501, #4155, #7695, .T. ) ;
#4154 = CARTESIAN_POINT ( 'NONE',  ( -387.7729944729223348, 5.097004927023129461, -168.8784084923340174 ) ) ;
#4155 = VERTEX_POINT ( 'NONE', #5016 ) ;
#4156 = CARTESIAN_POINT ( 'NONE',  ( -405.3921034302338171, 4.413286528475444115, 19.54551902581028244 ) ) ;
#4157 = EDGE_LOOP ( 'NONE', ( #8966, #8908, #865, #7419 ) ) ;
#4158 = B_SPLINE_CURVE_WITH_KNOTS ( 'NONE', 3,
 ( #4793, #1992, #6094, #549, #2044, #8935, #5394, #4843, #7670, #1301, #4139, #1847 ),
 .UNSPECIFIED., .F., .F.,
 ( 4, 2, 2, 2, 2, 4 ),
 ( 0.000000000000000000, 0.0004698356480513979621, 0.0009396712961027959242, 0.001174589120128495881, 0.001409506944154195621, 0.001879342592205448734 ),
 .UNSPECIFIED. ) ;
#4159 = ORIENTED_EDGE ( 'NONE', *, *, #8514, .T. ) ;
#4160 = CARTESIAN_POINT ( 'NONE',  ( -444.8556549163562295, 3.750000000000000000, -78.50243204510888972 ) ) ;
#4161 = CARTESIAN_POINT ( 'NONE',  ( -442.8556549163562295, 3.750000000000000000, -150.0024320451088897 ) ) ;
#4162 = CARTESIAN_POINT ( 'NONE',  ( -249.3556549163562295, 0.000000000000000000, -57.25243204510889683 ) ) ;
#4163 = CARTESIAN_POINT ( 'NONE',  ( -327.1334771471019849, 4.529518349321822512, 18.70992244051403475 ) ) ;
#4164 = CARTESIAN_POINT ( 'NONE',  ( -367.6783787610585250, 4.927818611581361807, 18.51276529629139489 ) ) ;
#4165 = ORIENTED_EDGE ( 'NONE', *, *, #6272, .T. ) ;
#4166 = DIRECTION ( 'NONE',  ( 0.000000000000000000, 0.000000000000000000, -1.000000000000000000 ) ) ;
#4167 = CARTESIAN_POINT ( 'NONE',  ( -288.8556549163546379, 3.000000000000000000, -165.2524320451089181 ) ) ;
#4168 = VERTEX_POINT ( 'NONE', #7526 ) ;
#4169 = ORIENTED_EDGE ( 'NONE', *, *, #4182, .T. ) ;
#4170 = CARTESIAN_POINT ( 'NONE',  ( -248.5344979229883791, 2.591114850857876739, -55.33698013279115457 ) ) ;
#4171 = CARTESIAN_POINT ( 'NONE',  ( -325.8556549163545242, 6.124999999999977796, -169.1555557941079542 ) ) ;
#4172 = FACE_OUTER_BOUND ( 'NONE', #5828, .T. ) ;
#4173 = CARTESIAN_POINT ( 'NONE',  ( -444.8556549163562295, 3.750000000000000000, -156.5024320451088897 ) ) ;
#4174 = ORIENTED_EDGE ( 'NONE', *, *, #8053, .F. ) ;
#4175 = DIRECTION ( 'NONE',  ( 0.000000000000000000, 0.000000000000000000, 1.000000000000000000 ) ) ;
#4176 = CARTESIAN_POINT ( 'NONE',  ( -249.3556549163562295, 0.000000000000000000, -55.25243204510888972 ) ) ;
#4177 = ORIENTED_EDGE ( 'NONE', *, *, #9036, .T. ) ;
#4178 = DIRECTION ( 'NONE',  ( 0.000000000000000000, -1.000000000000000000, 0.000000000000000000 ) ) ;
#4179 = CARTESIAN_POINT ( 'NONE',  ( -407.3868111759327917, 4.645770204743610243, -170.0332380380713460 ) ) ;
#4180 = DIRECTION ( 'NONE',  ( 2.921639538487254261E-16, -0.000000000000000000, -1.000000000000000000 ) ) ;
#4181 = CARTESIAN_POINT ( 'NONE',  ( -266.5784265680331941, 3.643135913639073298, 19.70616283012593328 ) ) ;
#4182 = EDGE_CURVE ( 'NONE', #426, #7843, #3533, .T. ) ;
#4183 = CARTESIAN_POINT ( 'NONE',  ( -305.9461550497260873, 5.029006227352671665, 19.34504571474587209 ) ) ;
#4184 = FACE_OUTER_BOUND ( 'NONE', #7051, .T. ) ;
#4185 = CYLINDRICAL_SURFACE ( 'NONE', #2351, 1.349999999999990097 ) ;
#4186 = LINE ( 'NONE', #1207, #8091 ) ;
#4187 =( BOUNDED_SURFACE ( )  B_SPLINE_SURFACE ( 3, 2, ( 
 ( #2587, #1093, #444 ),
 ( #3289, #925, #6126 ),
 ( #7302, #3764, #8965 ),
 ( #6864, #347, #5434 ),
 ( #8258, #2501, #4032 ),
 ( #5345, #8164, #7562 ),
 ( #488, #3334, #1938 ),
 ( #6173, #1797, #6087 ),
 ( #4638, #9016, #2637 ),
 ( #5482, #7007, #7835 ),
 ( #6271, #3608, #6363 ),
 ( #2823, #2121, #6315 ),
 ( #1384, #2034, #6963 ),
 ( #1474, #5710, #591 ),
 ( #8544, #2730, #4264 ),
 ( #5628, #1342, #7751 ),
 ( #6443, #4885, #8452 ),
 ( #4309, #4969, #7792 ) ),
 .UNSPECIFIED., .F., .F., .T. ) 
 B_SPLINE_SURFACE_WITH_KNOTS ( ( 4, 2, 2, 2, 2, 2, 2, 2, 4 ),
 ( 3, 3 ),
 ( 0.001323912745242674001, 0.001737514085360025587, 0.002151115425477377174, 0.002564716765594728977, 0.002978318105712080346, 0.003391919445829431716, 0.003805520785946783519, 0.004219122126064135322, 0.004632723466181486692 ),
 ( 0.000000000000000000, 1.000000000000000000 ),
 .UNSPECIFIED. ) 
 GEOMETRIC_REPRESENTATION_ITEM ( )  RATIONAL_B_SPLINE_SURFACE ( (
 ( 1.000000000000000000, 0.7500000000000004441, 1.000000000000000000),
 ( 1.000000000000000000, 0.7499939426361006412, 1.000000000000000000),
 ( 1.000000000000000000, 0.7509329894122050986, 1.000000000000000000),
 ( 1.000000000000000000, 0.7542720948102837886, 1.000000000000000000),
 ( 1.000000000000000000, 0.7567167381700169448, 1.000000000000000000),
 ( 1.000000000000000000, 0.7620345134622171779, 1.000000000000000000),
 ( 1.000000000000000000, 0.7649009816765484082, 1.000000000000000000),
 ( 1.000000000000000000, 0.7698131873207765263, 1.000000000000000000),
 ( 1.000000000000000000, 0.7718027581240511914, 1.000000000000000000),
 ( 1.000000000000000000, 0.7734778044122838647, 1.000000000000000000),
 ( 1.000000000000000000, 0.7731701811039010108, 1.000000000000000000),
 ( 1.000000000000000000, 0.7692320002426856762, 1.000000000000000000),
 ( 1.000000000000000000, 0.7656548337050503861, 1.000000000000000000),
 ( 1.000000000000000000, 0.7548043090988107995, 1.000000000000000000),
 ( 1.000000000000000000, 0.7474974637466318406, 1.000000000000000000),
 ( 1.000000000000000000, 0.7297066597614478844, 1.000000000000000000),
 ( 1.000000000000000000, 0.7191618347197771266, 1.000000000000000000),
 ( 1.000000000000000000, 0.7071067811865511255, 1.000000000000000000) ) ) 
 REPRESENTATION_ITEM ( '' )  SURFACE ( )  );
#4188 = DIRECTION ( 'NONE',  ( 0.000000000000000000, 0.000000000000000000, 1.000000000000000000 ) ) ;
#4189 = EDGE_CURVE ( 'NONE', #227, #3501, #8321, .T. ) ;
#4190 = CARTESIAN_POINT ( 'NONE',  ( -385.8601021806587710, 5.389166282607561698, 18.03814980593133654 ) ) ;
#4191 = CARTESIAN_POINT ( 'NONE',  ( -326.5820493853617563, 4.535687915297965667, 18.70665286012383888 ) ) ;
#4192 = CARTESIAN_POINT ( 'NONE',  ( -425.9657398064161384, 5.039146740865037444, 18.42502082235873928 ) ) ;
#4193 = EDGE_CURVE ( 'NONE', #1842, #9008, #8734, .T. ) ;
#4194 = CARTESIAN_POINT ( 'NONE',  ( -442.8556549163562295, 3.750000000000000000, -77.35243204510886983 ) ) ;
#4195 = CARTESIAN_POINT ( 'NONE',  ( -387.8512076520506184, 5.389166282607971148, -168.5430138961477553 ) ) ;
#4196 = ORIENTED_EDGE ( 'NONE', *, *, #6594, .T. ) ;
#4197 = CARTESIAN_POINT ( 'NONE',  ( -305.2246769367355910, 4.668696823349429259, -169.9676676812983089 ) ) ;
#4198 = EDGE_LOOP ( 'NONE', ( #5145, #3270, #625, #3282 ) ) ;
#4199 = ADVANCED_FACE ( 'NONE', ( #5448 ), #415, .F. ) ;
#4200 = ORIENTED_EDGE ( 'NONE', *, *, #932, .F. ) ;
#4201 = EDGE_CURVE ( 'NONE', #3221, #1026, #4046, .T. ) ;
#4202 = CARTESIAN_POINT ( 'NONE',  ( -288.8556549163546379, 5.499999999999960920, -168.3749310443081413 ) ) ;
#4203 = DIRECTION ( 'NONE',  ( 0.000000000000000000, 0.000000000000000000, 1.000000000000000000 ) ) ;
#4204 = CARTESIAN_POINT ( 'NONE',  ( -346.4724515316910924, 4.571621889987864229, 19.56339676126449589 ) ) ;
#4205 = CARTESIAN_POINT ( 'NONE',  ( -327.8316368210775522, 5.274488668813067882, 18.18564206969832853 ) ) ;
#4206 = CARTESIAN_POINT ( 'NONE',  ( -367.8162274172789807, 5.215001926882411709, 18.25363391293027959 ) ) ;
#4207 = CARTESIAN_POINT ( 'NONE',  ( -365.8556549163546379, 5.500000000000000888, 19.74756795489107475 ) ) ;
#4208 = CARTESIAN_POINT ( 'NONE',  ( -365.1540828074997194, 4.802408741466628328, -169.9185304108797254 ) ) ;
#4209 = ORIENTED_EDGE ( 'NONE', *, *, #4888, .F. ) ;
#4210 = ORIENTED_EDGE ( 'NONE', *, *, #3018, .F. ) ;
#4211 = EDGE_CURVE ( 'NONE', #8719, #440, #7277, .T. ) ;
#4212 = CARTESIAN_POINT ( 'NONE',  ( -267.8512076520506184, 5.389166282607971148, -168.5430138961477553 ) ) ;
#4213 = AXIS2_PLACEMENT_3D ( 'NONE', #8784, #1012, #8878 ) ;
#4214 = DIRECTION ( 'NONE',  ( -0.000000000000000000, -0.000000000000000000, 1.000000000000000000 ) ) ;
#4215 = CARTESIAN_POINT ( 'NONE',  ( -367.8556549163546379, 5.445450499394082655, -168.4622801552192470 ) ) ;
#4216 = CARTESIAN_POINT ( 'NONE',  ( -326.8556549163545810, 4.500000000000000888, 18.71619492148795416 ) ) ;
#4217 = ADVANCED_FACE ( 'NONE', ( #72 ), #2962, .F. ) ;
#4218 = ORIENTED_EDGE ( 'NONE', *, *, #8233, .F. ) ;
#4219 = CARTESIAN_POINT ( 'NONE',  ( -285.8027724493910569, 5.400530990987865820, -169.6508442660102105 ) ) ;
#4220 = CARTESIAN_POINT ( 'NONE',  ( -387.8556549163546379, 7.000000000000000000, 14.74756795489105876 ) ) ;
#4221 = TOROIDAL_SURFACE ( 'NONE', #2874, 4.000000000000000000, 1.000000000000000000 ) ;
#4222 = ORIENTED_EDGE ( 'NONE', *, *, #7223, .F. ) ;
#4223 = LINE ( 'NONE', #1481, #4687 ) ;
#4224 = CARTESIAN_POINT ( 'NONE',  ( -366.3887548692464406, 4.613001498401151146, 18.68153728725017260 ) ) ;
#4225 = DIRECTION ( 'NONE',  ( 2.921639538487254261E-16, -0.000000000000000000, -1.000000000000000000 ) ) ;
#4226 = CARTESIAN_POINT ( 'NONE',  ( -426.7031920300043453, 4.500000005122825719, -170.1029761128765472 ) ) ;
#4227 = CARTESIAN_POINT ( 'NONE',  ( -445.8556549163562863, 7.000000000000000000, 0.000000000000000000 ) ) ;
#4228 = DIRECTION ( 'NONE',  ( 0.000000000000000000, 0.000000000000000000, -1.000000000000000000 ) ) ;
#4229 = CIRCLE ( 'NONE', #1411, 1.000000000000000888 ) ;
#4230 = FACE_OUTER_BOUND ( 'NONE', #7489, .T. ) ;
#4231 = CARTESIAN_POINT ( 'NONE',  ( -248.2402703009716163, 4.281686611218325389, -93.25243204510888972 ) ) ;
#4232 = TOROIDAL_SURFACE ( 'NONE', #4079, 4.000000000000000000, 1.000000000000000000 ) ;
#4233 = CARTESIAN_POINT ( 'NONE',  ( -306.8556549163545810, 3.625000000000000444, -170.2132157533550298 ) ) ;
#4234 = EDGE_CURVE ( 'NONE', #2781, #4996, #4729, .T. ) ;
#4235 = VECTOR ( 'NONE', #1604, 1000.000000000000000 ) ;
#4236 = CARTESIAN_POINT ( 'NONE',  ( -407.8556549163546379, 3.000000000000000000, -165.2524320451089181 ) ) ;
#4237 = CARTESIAN_POINT ( 'NONE',  ( -324.8556549163545810, 6.124999999999969802, 18.65069170389009301 ) ) ;
#4238 = CARTESIAN_POINT ( 'NONE',  ( -426.7857345905474631, 4.500000000000000888, 18.71619492074465896 ) ) ;
#4239 = DIRECTION ( 'NONE',  ( 0.000000000000000000, 0.000000000000000000, 1.000000000000000000 ) ) ;
#4240 = DIRECTION ( 'NONE',  ( 0.000000000000000000, 0.000000000000000000, 1.000000000000000000 ) ) ;
#4241 = VECTOR ( 'NONE', #5812, 1000.000000000000000 ) ;
#4242 = CARTESIAN_POINT ( 'NONE',  ( -288.5572270252095564, 4.802408741466611453, 19.41366632066188558 ) ) ;
#4243 = EDGE_LOOP ( 'NONE', ( #2994, #7688, #1130, #6401 ) ) ;
#4244 = CARTESIAN_POINT ( 'NONE',  ( -365.7771466374571787, 5.604658406164471529, -169.5274669064345971 ) ) ;
#4245 = VERTEX_POINT ( 'NONE', #6543 ) ;
#4246 = ORIENTED_EDGE ( 'NONE', *, *, #275, .T. ) ;
#4247 = CARTESIAN_POINT ( 'NONE',  ( -407.5934564685748569, 4.807602833731346337, -169.9572802257382875 ) ) ;
#4248 = DIRECTION ( 'NONE',  ( -1.000000000000000000, 0.000000000000000000, 0.000000000000000000 ) ) ;
#4249 = ADVANCED_FACE ( 'NONE', ( #6497 ), #367, .F. ) ;
#4250 = CARTESIAN_POINT ( 'NONE',  ( -345.7766847069803475, 5.710072106084482790, 18.95463741994063156 ) ) ;
#4251 = CARTESIAN_POINT ( 'NONE',  ( -326.8556549163545810, 4.500000000000000888, 18.71619492148795416 ) ) ;
#4252 = AXIS2_PLACEMENT_3D ( 'NONE', #4161, #5557, #712 ) ;
#4253 = CARTESIAN_POINT ( 'NONE',  ( -327.4428557303485263, 4.687071811803892984, -169.1570276738594316 ) ) ;
#4254 = AXIS2_PLACEMENT_3D ( 'NONE', #3385, #3432, #6312 ) ;
#4255 = EDGE_CURVE ( 'NONE', #8482, #4602, #3883, .T. ) ;
#4256 = CARTESIAN_POINT ( 'NONE',  ( -250.8556549163562011, 6.099999999999999645, -173.3524320451088840 ) ) ;
#4257 =( LENGTH_UNIT ( ) NAMED_UNIT ( * ) SI_UNIT ( .MILLI., .METRE. ) );
#4258 = VERTEX_POINT ( 'NONE', #6812 ) ;
#4259 = TOROIDAL_SURFACE ( 'NONE', #6191, 4.000000000000000000, 1.000000000000000000 ) ;
#4260 = ORIENTED_EDGE ( 'NONE', *, *, #456, .T. ) ;
#4261 = CARTESIAN_POINT ( 'NONE',  ( 0.000000000000000000, 0.000000000000000000, -95.25243204510888972 ) ) ;
#4262 = CARTESIAN_POINT ( 'NONE',  ( -326.3000104555044913, 3.698795873745365892, -170.2053751441384293 ) ) ;
#4263 = CARTESIAN_POINT ( 'NONE',  ( -368.7765099126931432, 5.411312770689274743, -169.6356635552781995 ) ) ;
#4264 = CARTESIAN_POINT ( 'NONE',  ( -427.8315431898163865, 5.274054342412577867, -168.6910333621777056 ) ) ;
#4265 = ORIENTED_EDGE ( 'NONE', *, *, #8514, .F. ) ;
#4266 = CARTESIAN_POINT ( 'NONE',  ( -286.5803292312538701, 3.625000010539644713, -170.2132157520271392 ) ) ;
#4267 = ADVANCED_FACE ( 'NONE', ( #295, #8156, #9006 ), #8198, .T. ) ;
#4268 = DIRECTION ( 'NONE',  ( 0.000000000000000000, 0.000000000000000000, 1.000000000000000000 ) ) ;
#4269 = ORIENTED_EDGE ( 'NONE', *, *, #5753, .F. ) ;
#4270 = CARTESIAN_POINT ( 'NONE',  ( -444.8556549163562295, 1.199999999999999956, 9.747567954891122710 ) ) ;
#4271 = CARTESIAN_POINT ( 'NONE',  ( -365.8952274193843550, 5.214525108020397148, 18.25415316029410562 ) ) ;
#4272 = AXIS2_PLACEMENT_3D ( 'NONE', #9018, #2691, #4785 ) ;
#4273 = CARTESIAN_POINT ( 'NONE',  ( -248.5590567144179772, 2.496955437050717208, -55.31727341136165421 ) ) ;
#4274 = FACE_OUTER_BOUND ( 'NONE', #6364, .T. ) ;
#4275 = FACE_OUTER_BOUND ( 'NONE', #6080, .T. ) ;
#4276 = TOROIDAL_SURFACE ( 'NONE', #7830, 4.000000000000000000, 1.000000000000000000 ) ;
#4277 = DIRECTION ( 'NONE',  ( 1.000000000000000000, 0.000000000000000000, 0.000000000000000000 ) ) ;
#4278 = VECTOR ( 'NONE', #6163, 1000.000000000000000 ) ;
#4279 = CARTESIAN_POINT ( 'NONE',  ( -251.8556549163562579, 10.00000000000000000, -175.2524320451088897 ) ) ;
#4280 = DIRECTION ( 'NONE',  ( -1.000000000000000000, 0.000000000000000000, 0.000000000000000000 ) ) ;
#4281 = CARTESIAN_POINT ( 'NONE',  ( -328.4182677536560959, 4.555586803580517596, -170.0060454354879482 ) ) ;
#4282 = CIRCLE ( 'NONE', #3088, 1.000000000000002665 ) ;
#4283 = AXIS2_PLACEMENT_3D ( 'NONE', #8030, #3580, #6415 ) ;
#4284 = CARTESIAN_POINT ( 'NONE',  ( -284.8556549163545810, 6.124999999999951150, -169.1555557941079542 ) ) ;
#4285 = CARTESIAN_POINT ( 'NONE',  ( -346.8556549163546379, 3.625000000000000000, -170.2132157533550298 ) ) ;
#4286 = DIRECTION ( 'NONE',  ( -0.000000000000000000, -0.7806247497998098916, -0.6249999999999875655 ) ) ;
#4287 = ADVANCED_FACE ( 'NONE', ( #8869 ), #2442, .T. ) ;
#4288 = DIRECTION ( 'NONE',  ( 0.000000000000000000, -1.000000000000000000, 0.000000000000000000 ) ) ;
#4289 = FACE_OUTER_BOUND ( 'NONE', #2172, .T. ) ;
#4290 = CARTESIAN_POINT ( 'NONE',  ( -268.8556549222436729, 5.988703185082460578, 18.75981649060137002 ) ) ;
#4291 = ORIENTED_EDGE ( 'NONE', *, *, #2202, .F. ) ;
#4292 = CARTESIAN_POINT ( 'NONE',  ( -267.1656252369825211, 4.546024630548740397, -169.2085473060919298 ) ) ;
#4293 = EDGE_LOOP ( 'NONE', ( #3095, #4174, #3239, #989, #3074, #4891 ) ) ;
#4294 = VERTEX_POINT ( 'NONE', #8109 ) ;
#4295 = TOROIDAL_SURFACE ( 'NONE', #274, 4.000000000000000000, 1.000000000000000000 ) ;
#4296 =( BOUNDED_SURFACE ( )  B_SPLINE_SURFACE ( 3, 2, ( 
 ( #7496, #8440, #7739 ),
 ( #7037, #58, #6481 ),
 ( #800, #4340, #104 ),
 ( #5000, #2946, #4205 ),
 ( #6350, #9192, #755 ),
 ( #3643, #7168, #6432 ),
 ( #5796, #5745, #3508 ),
 ( #7823, #667, #1464 ),
 ( #1374, #6397, #3558 ),
 ( #2814, #5660, #7085 ),
 ( #8487, #6303, #9143 ),
 ( #15, #3597, #4163 ),
 ( #1418, #2020, #7129 ),
 ( #2157, #2852, #4251 ) ),
 .UNSPECIFIED., .F., .F., .F. ) 
 B_SPLINE_SURFACE_WITH_KNOTS ( ( 4, 2, 2, 2, 2, 2, 4 ),
 ( 3, 3 ),
 ( 0.001015998582458477011, 0.001428449273944988693, 0.001840899965431500376, 0.002253350656918012059, 0.002665801348404523742, 0.003490702731377547108, 0.004315604114350570474 ),
 ( 0.000000000000000000, 1.000000000000000000 ),
 .UNSPECIFIED. ) 
 GEOMETRIC_REPRESENTATION_ITEM ( )  RATIONAL_B_SPLINE_SURFACE ( (
 ( 1.000000000000000000, 0.7071067811865492381, 1.000000000000000000),
 ( 1.000000000000000000, 0.7191539465619779525, 1.000000000000000000),
 ( 1.000000000000000000, 0.7296663882557458125, 1.000000000000000000),
 ( 1.000000000000000000, 0.7474372416598423774, 1.000000000000000000),
 ( 1.000000000000000000, 0.7547518899039892259, 1.000000000000000000),
 ( 1.000000000000000000, 0.7656299723738763108, 1.000000000000000000),
 ( 1.000000000000000000, 0.7691951883262508893, 1.000000000000000000),
 ( 1.000000000000000000, 0.7731396846999158967, 1.000000000000000000),
 ( 1.000000000000000000, 0.7734820014422115753, 1.000000000000000000),
 ( 1.000000000000000000, 0.7709873420212794981, 1.000000000000000000),
 ( 1.000000000000000000, 0.7646994115825965777, 1.000000000000000000),
 ( 1.000000000000000000, 0.7540697026766637334, 1.000000000000000000),
 ( 1.000000000000000000, 0.7498104614823301040, 1.000000000000000000),
 ( 1.000000000000000000, 0.7499999999999998890, 1.000000000000000000) ) ) 
 REPRESENTATION_ITEM ( '' )  SURFACE ( )  );
#4297 = DIRECTION ( 'NONE',  ( 0.000000000000000000, 0.000000000000000000, -1.000000000000000000 ) ) ;
#4298 = CARTESIAN_POINT ( 'NONE',  ( -345.9461550497300095, 5.029006227351385583, 19.34504571474420587 ) ) ;
#4299 = DIRECTION ( 'NONE',  ( 0.000000000000000000, 0.6249999999999882316, 0.7806247497998093365 ) ) ;
#4300 = EDGE_CURVE ( 'NONE', #8296, #6548, #8437, .T. ) ;
#4301 = CARTESIAN_POINT ( 'NONE',  ( -327.8003840466088832, 5.167696473586352646, -168.8084823262176428 ) ) ;
#4302 = CARTESIAN_POINT ( 'NONE',  ( -246.8556549163562579, 2.352618475311832213, -95.43185317461473005 ) ) ;
#4303 = ORIENTED_EDGE ( 'NONE', *, *, #6446, .T. ) ;
#4304 = ADVANCED_FACE ( 'NONE', ( #4589 ), #4674, .F. ) ;
#4305 = ORIENTED_EDGE ( 'NONE', *, *, #8733, .T. ) ;
#4306 = CARTESIAN_POINT ( 'NONE',  ( -386.8556549163546379, 3.500000000000000000, -169.2210590117058189 ) ) ;
#4307 = CARTESIAN_POINT ( 'NONE',  ( -326.5778326856142257, 4.529518349318704118, -169.2147865307304357 ) ) ;
#4308 = CARTESIAN_POINT ( 'NONE',  ( -367.5934564685670125, 4.807602833729585079, -169.9572802257344222 ) ) ;
#4309 = CARTESIAN_POINT ( 'NONE',  ( -428.8556549163546379, 6.124999999999960032, -169.1555557941079542 ) ) ;
#4310 = VERTEX_POINT ( 'NONE', #3842 ) ;
#4311 = DIRECTION ( 'NONE',  ( 0.000000000000000000, 0.000000000000000000, 1.000000000000000000 ) ) ;
#4312 = CARTESIAN_POINT ( 'NONE',  ( -286.4724515316910356, 4.571621889987042664, 19.56339676126353311 ) ) ;
#4313 = CARTESIAN_POINT ( 'NONE',  ( -387.6913256801167336, 4.946426151581515107, -169.0038865453106780 ) ) ;
#4314 = ORIENTED_EDGE ( 'NONE', *, *, #5971, .F. ) ;
#4315 = DIRECTION ( 'NONE',  ( -1.000000000000000000, -0.000000000000000000, -0.000000000000000000 ) ) ;
#4316 = CARTESIAN_POINT ( 'NONE',  ( -365.0209758056168425, 5.117512316921691173, 19.28003851050580408 ) ) ;
#4317 = LINE ( 'NONE', #7717, #510 ) ;
#4318 = ADVANCED_FACE ( 'NONE', ( #1829 ), #7101, .F. ) ;
#4319 = CARTESIAN_POINT ( 'NONE',  ( -265.9657398064161953, 5.039146740864993035, 18.42502082235900218 ) ) ;
#4320 = FACE_OUTER_BOUND ( 'NONE', #3936, .T. ) ;
#4321 = DIRECTION ( 'NONE',  ( -1.000000000000000000, -0.000000000000000000, -2.921639538487254261E-16 ) ) ;
#4322 = DIRECTION ( 'NONE',  ( 0.000000000000000000, -0.000000000000000000, 1.000000000000000000 ) ) ;
#4323 = CARTESIAN_POINT ( 'NONE',  ( 0.000000000000000000, 8.000000000000000000, -165.2524320451089181 ) ) ;
#4324 = CARTESIAN_POINT ( 'NONE',  ( -328.1326922353961777, 4.193287934497922365, -170.1090397383235597 ) ) ;
#4325 = ADVANCED_FACE ( 'NONE', ( #7417 ), #3141, .F. ) ;
#4326 = DIRECTION ( 'NONE',  ( -2.921639538487254261E-16, 0.000000000000000000, 1.000000000000000000 ) ) ;
#4327 = CARTESIAN_POINT ( 'NONE',  ( -304.8556549163545810, 3.000000000000000000, -165.2524320451089181 ) ) ;
#4328 = CARTESIAN_POINT ( 'NONE',  ( -426.2531023996461954, 4.692344901073206564, 19.50662440208316184 ) ) ;
#4329 = CARTESIAN_POINT ( 'NONE',  ( -287.8891740945094853, 6.023604503293463530, -169.2367371627386206 ) ) ;
#4330 = ORIENTED_EDGE ( 'NONE', *, *, #3832, .F. ) ;
#4331 = CARTESIAN_POINT ( 'NONE',  ( -288.8267442513380274, 5.613761050926165730, -169.5259510842147392 ) ) ;
#4332 = EDGE_CURVE ( 'NONE', #8236, #1842, #8819, .T. ) ;
#4333 = CARTESIAN_POINT ( 'NONE',  ( -267.7458156832534542, 5.039695888600659757, 18.42452116067930845 ) ) ;
#4334 = EDGE_LOOP ( 'NONE', ( #4165, #3988, #4169, #7002 ) ) ;
#4335 = CARTESIAN_POINT ( 'NONE',  ( -366.3000104555045482, 3.698795873745365892, -170.2053751441384293 ) ) ;
#4336 = ORIENTED_EDGE ( 'NONE', *, *, #1272, .T. ) ;
#4337 = CARTESIAN_POINT ( 'NONE',  ( -264.8556549163546379, 7.000000000000000000, 19.74756795489107475 ) ) ;
#4338 = CARTESIAN_POINT ( 'NONE',  ( -444.8556549163562295, 3.750000000000000000, 7.347567954891097486 ) ) ;
#4339 = CARTESIAN_POINT ( 'NONE',  ( -444.8556549163562295, 0.000000000000000000, 0.000000000000000000 ) ) ;
#4340 = CARTESIAN_POINT ( 'NONE',  ( -327.9123179345493782, 5.919283266445297897, 18.80952628309082897 ) ) ;
#4341 = FACE_BOUND ( 'NONE', #6484, .T. ) ;
#4342 = CARTESIAN_POINT ( 'NONE',  ( -248.7867159730810727, 1.735541332131039782, -95.25243204510888972 ) ) ;
#4343 = ORIENTED_EDGE ( 'NONE', *, *, #6373, .T. ) ;
#4344 = ORIENTED_EDGE ( 'NONE', *, *, #2381, .T. ) ;
#4345 = ORIENTED_EDGE ( 'NONE', *, *, #329, .F. ) ;
#4346 = EDGE_CURVE ( 'NONE', #8928, #759, #4282, .T. ) ;
#4347 = CARTESIAN_POINT ( 'NONE',  ( -251.8556549163562579, 10.00000000000000000, -175.2524320451088897 ) ) ;
#4348 = CARTESIAN_POINT ( 'NONE',  ( -406.5803292312539838, 3.625000010539644713, -170.2132157520271392 ) ) ;
#4349 = CARTESIAN_POINT ( 'NONE',  ( -366.9255752421618126, 4.500000000000000888, -169.2210590109625343 ) ) ;
#4350 = CARTESIAN_POINT ( 'NONE',  ( -306.4707025613211044, 4.573837122825699986, 18.69542757550807011 ) ) ;
#4351 = ORIENTED_EDGE ( 'NONE', *, *, #5701, .T. ) ;
#4352 = CARTESIAN_POINT ( 'NONE',  ( -285.7767238698797314, 5.710848127064479307, -169.4589822817070512 ) ) ;
#4353 = CARTESIAN_POINT ( 'NONE',  ( -286.5150189463654442, 4.557275686227510114, 18.70048102200167150 ) ) ;
#4354 = CARTESIAN_POINT ( 'NONE',  ( -386.8556549163545810, 4.500000000000000888, -169.2210590117058189 ) ) ;
#4355 = ORIENTED_EDGE ( 'NONE', *, *, #815, .F. ) ;
#4356 = DIRECTION ( 'NONE',  ( 0.000000000000000000, -0.6249999999999859002, 0.7806247497998110019 ) ) ;
#4357 = CARTESIAN_POINT ( 'NONE',  ( -365.8601021806587141, 5.389166282607560809, 18.03814980593134010 ) ) ;
#4358 = CARTESIAN_POINT ( 'NONE',  ( -246.8556549163562011, 1.500000000000064615, -55.25243204510886841 ) ) ;
#4359 = FACE_OUTER_BOUND ( 'NONE', #2084, .T. ) ;
#4360 = CARTESIAN_POINT ( 'NONE',  ( -425.8796730116316098, 5.274488668813468450, -168.6905061599154863 ) ) ;
#4361 = CARTESIAN_POINT ( 'NONE',  ( -250.8556549163562011, 1.000000000000000000, 20.74756795489111028 ) ) ;
#4362 = VECTOR ( 'NONE', #8851, 1000.000000000000000 ) ;
#4363 = CARTESIAN_POINT ( 'NONE',  ( -444.8556549163562295, 0.000000000000000000, -146.2524320451088897 ) ) ;
#4364 = EDGE_CURVE ( 'NONE', #2767, #8395, #6390, .T. ) ;
#4365 = CARTESIAN_POINT ( 'NONE',  ( -285.8556549163546379, 7.000000000000000000, 19.74756795489107475 ) ) ;
#4366 = CARTESIAN_POINT ( 'NONE',  ( -444.8556549163562295, 0.000000000000000000, 0.000000000000000000 ) ) ;
#4367 = CARTESIAN_POINT ( 'NONE',  ( -327.8160824133250344, 5.214525108020818145, -168.7590172505114765 ) ) ;
#4368 = CIRCLE ( 'NONE', #1548, 5.000000000000004441 ) ;
#4369 = DIRECTION ( 'NONE',  ( 0.000000000000000000, 0.000000000000000000, 1.000000000000000000 ) ) ;
#4370 = CARTESIAN_POINT ( 'NONE',  ( -287.6376471506903272, 4.873062145403068257, 18.54992966763538575 ) ) ;
#4371 = STYLED_ITEM ( 'NONE', ( #8732 ), #5544 ) ;
#4372 = CARTESIAN_POINT ( 'NONE',  ( -287.8556549163545810, 6.124999999999970690, -169.1555557941079542 ) ) ;
#4373 = ORIENTED_EDGE ( 'NONE', *, *, #339, .T. ) ;
#4374 = CARTESIAN_POINT ( 'NONE',  ( -287.1725692415428171, 3.649012588301082882, -170.2103416934246525 ) ) ;
#4375 = AXIS2_PLACEMENT_3D ( 'NONE', #6827, #1299, #3994 ) ;
#4376 = CARTESIAN_POINT ( 'NONE',  ( -267.4112993772124582, 3.698795873749119778, 19.70051105391997481 ) ) ;
#4377 = ORIENTED_EDGE ( 'NONE', *, *, #3905, .F. ) ;
#4378 = EDGE_CURVE ( 'NONE', #3830, #901, #2648, .T. ) ;
#4379 = CARTESIAN_POINT ( 'NONE',  ( -306.2680756768926926, 4.687416699501573802, -169.1568460911445868 ) ) ;
#4380 = ORIENTED_EDGE ( 'NONE', *, *, #5835, .T. ) ;
#4381 = AXIS2_PLACEMENT_3D ( 'NONE', #5262, #4473, #7351 ) ;
#4382 = DIRECTION ( 'NONE',  ( -2.921639538487254261E-16, 0.000000000000000000, 1.000000000000000000 ) ) ;
#4383 = AXIS2_PLACEMENT_3D ( 'NONE', #3917, #475, #4018 ) ;
#4384 = DIRECTION ( 'NONE',  ( -1.000000000000000000, 0.000000000000000000, 0.000000000000000000 ) ) ;
#4385 = CARTESIAN_POINT ( 'NONE',  ( -267.1706563213436425, 3.648547497292133013, 19.70553982308455687 ) ) ;
#4386 = VECTOR ( 'NONE', #7979, 1000.000000000000000 ) ;
#4387 = CARTESIAN_POINT ( 'NONE',  ( -265.2916704473142886, 4.557655364776424634, -170.0053841917504371 ) ) ;
#4388 = CARTESIAN_POINT ( 'NONE',  ( -307.8556549163546379, 5.500000000000000888, 17.87006695409030499 ) ) ;
#4389 = CARTESIAN_POINT ( 'NONE',  ( -246.8556549163562579, 4.048125931502380759, -94.84807091461236439 ) ) ;
#4390 = ORIENTED_EDGE ( 'NONE', *, *, #6387, .F. ) ;
#4391 = VERTEX_POINT ( 'NONE', #2534 ) ;
#4392 = EDGE_LOOP ( 'NONE', ( #5057, #7281, #6566, #1689 ) ) ;
#4393 = CARTESIAN_POINT ( 'NONE',  ( -248.2806000728102163, 3.940133727003683806, -56.17049261202179622 ) ) ;
#4394 = CIRCLE ( 'NONE', #6185, 1.000000000000002665 ) ;
#4395 = CARTESIAN_POINT ( 'NONE',  ( -406.0329310716495002, 4.927818611583308694, -169.0176293865097534 ) ) ;
#4396 = CIRCLE ( 'NONE', #4254, 1.000000000000000888 ) ;
#4397 = CARTESIAN_POINT ( 'NONE',  ( -368.2359510929709927, 4.308023494658913322, -170.0800365345099578 ) ) ;
#4398 = CARTESIAN_POINT ( 'NONE',  ( -388.8556549163546379, 6.124999999999944045, 18.65069170389010367 ) ) ;
#4399 = VERTEX_POINT ( 'NONE', #5378 ) ;
#4400 = CYLINDRICAL_SURFACE ( 'NONE', #1736, 5.000000000000000888 ) ;
#4401 = EDGE_CURVE ( 'NONE', #3477, #6991, #6655, .T. ) ;
#4402 = CARTESIAN_POINT ( 'NONE',  ( -286.1655068274290556, 4.773209397924883746, 18.60965155063051313 ) ) ;
#4403 = CARTESIAN_POINT ( 'NONE',  ( -387.7800760629614274, 5.113725464068129334, -168.8621966657040616 ) ) ;
#4404 = EDGE_LOOP ( 'NONE', ( #5066, #6865, #6809, #4712 ) ) ;
#4405 = CARTESIAN_POINT ( 'NONE',  ( -442.8556549163562295, 3.750000000000000000, -151.1524320451088954 ) ) ;
#4406 = CIRCLE ( 'NONE', #7693, 2.099999999999990763 ) ;
#4407 = EDGE_LOOP ( 'NONE', ( #3781, #2023 ) ) ;
#4408 = CARTESIAN_POINT ( 'NONE',  ( -266.0931336379929917, 3.806447783934358231, -170.1876835677589099 ) ) ;
#4409 = AXIS2_PLACEMENT_3D ( 'NONE', #2476, #324, #1732 ) ;
#4410 = CARTESIAN_POINT ( 'NONE',  ( -324.9921967915282153, 5.205896708463899181, 19.23730042618853986 ) ) ;
#4411 = CARTESIAN_POINT ( 'NONE',  ( -425.7953792149623951, 3.977365129228491725, -170.1580123797437238 ) ) ;
#4412 = CARTESIAN_POINT ( 'NONE',  ( -444.8556549163562295, 3.750000000000000000, -77.35243204510886983 ) ) ;
#4413 = CARTESIAN_POINT ( 'NONE',  ( -446.8556549163562863, 0.000000000000000000, -82.25243204510888972 ) ) ;
#4414 = CIRCLE ( 'NONE', #7524, 1.000000000000000888 ) ;
#4415 = DIRECTION ( 'NONE',  ( 1.000000000000000000, 0.000000000000000000, -0.000000000000000000 ) ) ;
#4416 = CIRCLE ( 'NONE', #2339, 2.000000000000001776 ) ;
#4417 = CARTESIAN_POINT ( 'NONE',  ( -327.1328832646760247, 3.643135913638819723, -170.2110269203438122 ) ) ;
#4418 = CLOSED_SHELL ( 'NONE', ( #2894, #7143, #1954, #8554 ) ) ;
#4419 = EDGE_CURVE ( 'NONE', #5177, #440, #7840, .T. ) ;
#4420 = AXIS2_PLACEMENT_3D ( 'NONE', #7575, #6238, #604 ) ;
#4421 = AXIS2_PLACEMENT_3D ( 'NONE', #4950, #528, #4240 ) ;
#4422 = CARTESIAN_POINT ( 'NONE',  ( -407.8160824133250912, 5.214525108020818145, -168.7590172505114765 ) ) ;
#4423 = DIRECTION ( 'NONE',  ( -0.000000000000000000, -1.000000000000000000, -0.000000000000000000 ) ) ;
#4424 = CARTESIAN_POINT ( 'NONE',  ( -267.8556549163546379, 3.000000000000000000, 14.74756795489107297 ) ) ;
#4425 = CARTESIAN_POINT ( 'NONE',  ( -287.8512249444161739, 5.389381927037877773, 18.03784105003430938 ) ) ;
#4426 = LINE ( 'NONE', #7813, #2640 ) ;
#4427 = EDGE_LOOP ( 'NONE', ( #8703, #1963, #7280, #9045 ) ) ;
#4428 = CARTESIAN_POINT ( 'NONE',  ( -426.8556549163546379, 3.500000000000000000, -169.2210590117058189 ) ) ;
#4429 = CARTESIAN_POINT ( 'NONE',  ( -267.8131617712273851, 5.118084154113398121, 19.30004661927882736 ) ) ;
#4430 = ORIENTED_EDGE ( 'NONE', *, *, #7173, .F. ) ;
#4431 = AXIS2_PLACEMENT_3D ( 'NONE', #5152, #2309, #3097 ) ;
#4432 = CARTESIAN_POINT ( 'NONE',  ( -366.2107894258275564, 4.723855547286908596, -169.1440853282302328 ) ) ;
#4433 = ORIENTED_EDGE ( 'NONE', *, *, #4844, .T. ) ;
#4434 = VECTOR ( 'NONE', #5818, 1000.000000000000000 ) ;
#4435 = CARTESIAN_POINT ( 'NONE',  ( -427.6064897249926275, 4.835820077882199364, 18.57392088924699891 ) ) ;
#4436 = B_SPLINE_CURVE_WITH_KNOTS ( 'NONE', 3,
 ( #6856, #4776, #482, #3325, #1230, #2681, #8346, #2724, #1976, #6956, #3428, #5564, #8394, #7703, #5620, #4924 ),
 .UNSPECIFIED., .F., .F.,
 ( 4, 2, 2, 2, 2, 2, 2, 4 ),
 ( 0.000000000000000000, 0.0009498534235542482754, 0.001424780135331372467, 0.001899706847108496551, 0.002374633558885620634, 0.002849560270662744935, 0.003324486982439868801, 0.003799413694216993102 ),
 .UNSPECIFIED. ) ;
#4437 = EDGE_CURVE ( 'NONE', #4076, #508, #3981, .T. ) ;
#4438 = ADVANCED_FACE ( 'NONE', ( #5474 ), #2816, .F. ) ;
#4439 = DIRECTION ( 'NONE',  ( 0.000000000000000000, -2.710505431213761085E-15, -1.000000000000000000 ) ) ;
#4440 = CARTESIAN_POINT ( 'NONE',  ( -444.8556549163562295, 3.750000000000000000, -151.3524320451088840 ) ) ;
#4441 = CARTESIAN_POINT ( 'NONE',  ( -287.3780496486142511, 4.643806473694054304, 18.66990609846163807 ) ) ;
#4442 = CARTESIAN_POINT ( 'NONE',  ( -327.6913256801166767, 4.946426151581515107, -169.0038865453106780 ) ) ;
#4443 = CARTESIAN_POINT ( 'NONE',  ( -248.2420970880734501, 4.264655903049931140, -93.54032420689051719 ) ) ;
#4444 = ORIENTED_EDGE ( 'NONE', *, *, #5061, .T. ) ;
#4445 = ORIENTED_EDGE ( 'NONE', *, *, #9076, .F. ) ;
#4446 = EDGE_LOOP ( 'NONE', ( #5286, #3070, #1932, #8336 ) ) ;
#4447 = EDGE_CURVE ( 'NONE', #7099, #5799, #6307, .T. ) ;
#4448 = CARTESIAN_POINT ( 'NONE',  ( -405.8221547833342697, 6.023662094633510655, -169.2366910493370540 ) ) ;
#4449 = DIRECTION ( 'NONE',  ( 0.000000000000000000, 0.000000000000000000, -1.000000000000000000 ) ) ;
#4450 = CARTESIAN_POINT ( 'NONE',  ( -306.2684541023607494, 4.687071811803895649, 18.65216358364155980 ) ) ;
#4451 = ORIENTED_EDGE ( 'NONE', *, *, #617, .T. ) ;
#4452 = CARTESIAN_POINT ( 'NONE',  ( -386.0931336379929348, 3.806447783934358231, -170.1876835677589099 ) ) ;
#4453 = CARTESIAN_POINT ( 'NONE',  ( -286.3244986567764272, 4.645770204743611131, 19.52837394785248293 ) ) ;
#4454 = LINE ( 'NONE', #3570, #833 ) ;
#4455 = ORIENTED_EDGE ( 'NONE', *, *, #5338, .T. ) ;
#4456 = CYLINDRICAL_SURFACE ( 'NONE', #2747, 1.349999999999977884 ) ;
#4457 = EDGE_LOOP ( 'NONE', ( #8332, #7012 ) ) ;
#4458 = CARTESIAN_POINT ( 'NONE',  ( -246.8556549163562295, 5.925675231846608604, -55.84223997189880606 ) ) ;
#4459 = DIRECTION ( 'NONE',  ( 0.000000000000000000, 0.000000000000000000, 1.000000000000000000 ) ) ;
#4460 = CARTESIAN_POINT ( 'NONE',  ( -265.8556549163546379, 4.500000000000000888, 19.74756795489107475 ) ) ;
#4461 = ORIENTED_EDGE ( 'NONE', *, *, #8650, .F. ) ;
#4462 = FACE_OUTER_BOUND ( 'NONE', #1082, .T. ) ;
#4463 = CARTESIAN_POINT ( 'NONE',  ( -324.8556549163545242, 6.124999999999951150, -169.1555557941079542 ) ) ;
#4464 = LINE ( 'NONE', #2367, #1856 ) ;
#4465 = CARTESIAN_POINT ( 'NONE',  ( -348.0046369833598305, 4.071125995611724058, -170.1376911892802468 ) ) ;
#4466 = EDGE_CURVE ( 'NONE', #3710, #751, #2071, .T. ) ;
#4467 = CARTESIAN_POINT ( 'NONE',  ( -385.0206529386378520, 5.118411189684464624, -169.7844892460059896 ) ) ;
#4468 = DIRECTION ( 'NONE',  ( -0.000000000000000000, -0.000000000000000000, 1.000000000000000000 ) ) ;
#4469 = CARTESIAN_POINT ( 'NONE',  ( -444.8556549163562295, 0.000000000000000000, -4.252432045108889724 ) ) ;
#4470 = LINE ( 'NONE', #8794, #7253 ) ;
#4471 = ORIENTED_EDGE ( 'NONE', *, *, #6981, .T. ) ;
#4472 = CARTESIAN_POINT ( 'NONE',  ( -364.8556549163546379, 5.499999999999955591, 17.87006695409029788 ) ) ;
#4473 = DIRECTION ( 'NONE',  ( -0.000000000000000000, -1.000000000000000000, -0.000000000000000000 ) ) ;
#4474 = CARTESIAN_POINT ( 'NONE',  ( -267.8556549163546379, 5.500000000000000888, -168.3749310443081413 ) ) ;
#4475 = ORIENTED_EDGE ( 'NONE', *, *, #7397, .T. ) ;
#4476 = CARTESIAN_POINT ( 'NONE',  ( -427.7341608780492379, 5.002226165318917950, 18.46125788759333020 ) ) ;
#4477 = FACE_OUTER_BOUND ( 'NONE', #7420, .T. ) ;
#4478 = CARTESIAN_POINT ( 'NONE',  ( -266.8556549163546379, 3.500000000000000444, 18.71619492148796127 ) ) ;
#4479 = FACE_OUTER_BOUND ( 'NONE', #9134, .T. ) ;
#4480 = DIRECTION ( 'NONE',  ( 2.921639538487254261E-16, -0.000000000000000000, -1.000000000000000000 ) ) ;
#4481 = ADVANCED_FACE ( 'NONE', ( #7743 ), #5631, .F. ) ;
#4482 = FACE_OUTER_BOUND ( 'NONE', #6847, .T. ) ;
#4483 = ORIENTED_EDGE ( 'NONE', *, *, #1640, .T. ) ;
#4484 = ORIENTED_EDGE ( 'NONE', *, *, #747, .T. ) ;
#4485 = ADVANCED_FACE ( 'NONE', ( #3512 ), #529, .F. ) ;
#4486 =( BOUNDED_SURFACE ( )  B_SPLINE_SURFACE ( 3, 2, ( 
 ( #889, #7, #2193 ),
 ( #4290, #7121, #2983 ),
 ( #1407, #7815, #704 ),
 ( #5042, #3681, #5871 ),
 ( #8662, #6564, #7905 ),
 ( #2287, #748, #3548 ),
 ( #7212, #5788, #4333 ),
 ( #3590, #4429, #2842 ),
 ( #180, #2936, #2333 ),
 ( #6522, #7861, #49 ),
 ( #5690, #1499, #1454 ),
 ( #4376, #841, #6424 ),
 ( #8520, #5827, #1590 ),
 ( #7267, #3028, #8705 ) ),
 .UNSPECIFIED., .F., .F., .F. ) 
 B_SPLINE_SURFACE_WITH_KNOTS ( ( 4, 2, 2, 2, 2, 2, 4 ),
 ( 3, 3 ),
 ( 0.001015998582458476360, 0.001428449273944987826, 0.001840899965431499509, 0.002253350656918010758, 0.002665801348404522441, 0.003490702731377545373, 0.004315604114350568739 ),
 ( 0.000000000000000000, 1.000000000000000000 ),
 .UNSPECIFIED. ) 
 GEOMETRIC_REPRESENTATION_ITEM ( )  RATIONAL_B_SPLINE_SURFACE ( (
 ( 1.000000000000000000, 0.7071067811865492381, 1.000000000000000000),
 ( 1.000000000000000000, 0.7191539465619841698, 1.000000000000000000),
 ( 1.000000000000000000, 0.7296663882557379299, 1.000000000000000000),
 ( 1.000000000000000000, 0.7474372416598498159, 1.000000000000000000),
 ( 1.000000000000000000, 0.7547518899039891149, 1.000000000000000000),
 ( 1.000000000000000000, 0.7656299723738761998, 1.000000000000000000),
 ( 1.000000000000000000, 0.7691951883262663214, 1.000000000000000000),
 ( 1.000000000000000000, 0.7731396846999006867, 1.000000000000000000),
 ( 1.000000000000000000, 0.7734820014422115753, 1.000000000000000000),
 ( 1.000000000000000000, 0.7709873420212794981, 1.000000000000000000),
 ( 1.000000000000000000, 0.7646994115826273308, 1.000000000000000000),
 ( 1.000000000000000000, 0.7540697026766329802, 1.000000000000000000),
 ( 1.000000000000000000, 0.7498104614823530856, 1.000000000000000000),
 ( 1.000000000000000000, 0.7499999999999998890, 1.000000000000000000) ) ) 
 REPRESENTATION_ITEM ( '' )  SURFACE ( )  );
#4487 = ORIENTED_EDGE ( 'NONE', *, *, #8066, .F. ) ;
#4488 = CARTESIAN_POINT ( 'NONE',  ( -405.8796730116315530, 5.274488668813468450, -168.6905061599154863 ) ) ;
#4489 = DIRECTION ( 'NONE',  ( -1.000000000000000000, -0.000000000000000000, -0.000000000000000000 ) ) ;
#4490 = CARTESIAN_POINT ( 'NONE',  ( -327.7341608780492379, 5.002226165318918838, 18.46125788759334085 ) ) ;
#4491 = EDGE_LOOP ( 'NONE', ( #7692, #2995, #6154, #2902 ) ) ;
#4492 = CARTESIAN_POINT ( 'NONE',  ( -384.8843007671162013, 5.615024101080729579, -169.5252283557554449 ) ) ;
#4493 = CARTESIAN_POINT ( 'NONE',  ( -286.7017651815500017, 4.508727177064884017, 19.59378512594900457 ) ) ;
#4494 = LINE ( 'NONE', #3978, #536 ) ;
#4495 = VERTEX_POINT ( 'NONE', #3427 ) ;
#4496 = PLANE ( 'NONE',  #3491 ) ;
#4497 = EDGE_CURVE ( 'NONE', #1174, #3221, #1229, .T. ) ;
#4498 = ORIENTED_EDGE ( 'NONE', *, *, #5232, .F. ) ;
#4499 = CARTESIAN_POINT ( 'NONE',  ( -266.8556549163546379, 3.625000000000000000, -170.2132157533550298 ) ) ;
#4500 = AXIS2_PLACEMENT_3D ( 'NONE', #5407, #514, #5457 ) ;
#4501 = CARTESIAN_POINT ( 'NONE',  ( -246.8556549163562579, 0.000000000000000000, -97.25243204510888972 ) ) ;
#4502 = CARTESIAN_POINT ( 'NONE',  ( -348.3194221116167455, 4.413458803463290003, 19.54549775887514684 ) ) ;
#4503 = CARTESIAN_POINT ( 'NONE',  ( -267.8556549163546379, 7.000000000000000000, -165.2524320451089181 ) ) ;
#4504 = CARTESIAN_POINT ( 'NONE',  ( -442.8556549163562295, 3.750000000000000000, -150.0024320451088897 ) ) ;
#4505 = CARTESIAN_POINT ( 'NONE',  ( -266.1542441566582511, 4.783366251787011691, -169.1088376623529257 ) ) ;
#4506 = DIRECTION ( 'NONE',  ( -1.000000000000000000, 0.000000000000000000, 0.000000000000000000 ) ) ;
#4507 = CIRCLE ( 'NONE', #5707, 1.000000000000002665 ) ;
#4508 = CARTESIAN_POINT ( 'NONE',  ( -386.1089121559408568, 4.799337897234735806, -169.9625529789230711 ) ) ;
#4509 = DIRECTION ( 'NONE',  ( -1.000000000000000000, -0.000000000000000000, -0.000000000000000000 ) ) ;
#4510 = DIRECTION ( 'NONE',  ( 0.000000000000000000, 0.000000000000000000, 1.000000000000000000 ) ) ;
#4511 = CARTESIAN_POINT ( 'NONE',  ( -307.9159306177391500, 3.977365129224733398, 19.65314828952655191 ) ) ;
#4512 = ORIENTED_EDGE ( 'NONE', *, *, #8148, .T. ) ;
#4513 = DIRECTION ( 'NONE',  ( 0.000000000000000000, -1.000000000000000000, 0.000000000000000000 ) ) ;
#4514 = CARTESIAN_POINT ( 'NONE',  ( -347.7731559061448365, 5.097364476297921776, 18.37321371862589814 ) ) ;
#4515 = ADVANCED_FACE ( 'NONE', ( #717 ), #3560, .F. ) ;
#4516 = VECTOR ( 'NONE', #5185, 1000.000000000000000 ) ;
#4517 = CARTESIAN_POINT ( 'NONE',  ( -284.8556549163546379, 6.124999999999944933, 18.65069170389011788 ) ) ;
#4518 = EDGE_LOOP ( 'NONE', ( #6169, #8038, #6675, #3306 ) ) ;
#4519 = AXIS2_PLACEMENT_3D ( 'NONE', #8887, #2460, #7341 ) ;
#4520 = CARTESIAN_POINT ( 'NONE',  ( -386.2171362563950083, 4.727315172673418608, 18.63285410489465832 ) ) ;
#4521 = DIRECTION ( 'NONE',  ( -1.354168079406248677E-15, 0.7806247497998088924, -0.6249999999999886757 ) ) ;
#4522 = DIRECTION ( 'NONE',  ( 0.000000000000000000, 1.691355389077385339E-14, -1.000000000000000000 ) ) ;
#4523 = CARTESIAN_POINT ( 'NONE',  ( -445.8556549163562863, 1.199999999999999956, -68.25243204510887551 ) ) ;
#4524 = CARTESIAN_POINT ( 'NONE',  ( -387.9345859628257926, 5.710848127064440227, 18.95411819148985089 ) ) ;
#4525 = ORIENTED_EDGE ( 'NONE', *, *, #8159, .T. ) ;
#4526 = AXIS2_PLACEMENT_3D ( 'NONE', #2916, #2129, #6372 ) ;
#4527 = ORIENTED_EDGE ( 'NONE', *, *, #2100, .F. ) ;
#4528 = AXIS2_PLACEMENT_3D ( 'NONE', #2531, #434, #7370 ) ;
#4529 = EDGE_LOOP ( 'NONE', ( #5427, #3698, #2307, #2846 ) ) ;
#4530 = EDGE_CURVE ( 'NONE', #3003, #8122, #3189, .T. ) ;
#4531 = CIRCLE ( 'NONE', #6014, 5.000000000000004441 ) ;
#4532 = CARTESIAN_POINT ( 'NONE',  ( -428.8267442513380274, 5.613761050926165730, -169.5259510842147392 ) ) ;
#4533 = CARTESIAN_POINT ( 'NONE',  ( -328.3192064024751744, 4.413286528475440562, -170.0503831160281436 ) ) ;
#4534 = CARTESIAN_POINT ( 'NONE',  ( -442.8556549163562295, 3.750000000000000000, -78.50243204510888972 ) ) ;
#4535 = EDGE_CURVE ( 'NONE', #6752, #9004, #1559, .T. ) ;
#4536 = CARTESIAN_POINT ( 'NONE',  ( -386.8556549163546379, 3.625000000000000000, 19.70835166313716513 ) ) ;
#4537 = LINE ( 'NONE', #998, #4091 ) ;
#4538 = VERTEX_POINT ( 'NONE', #5563 ) ;
#4539 = CARTESIAN_POINT ( 'NONE',  ( -386.2379236663686584, 3.739288344263323349, -170.1976875133409237 ) ) ;
#4540 = CARTESIAN_POINT ( 'NONE',  ( -445.8556549163562863, 0.000000000000000000, 78.00000000000000000 ) ) ;
#4541 = CARTESIAN_POINT ( 'NONE',  ( -424.8843007671162013, 5.615024101080729579, -169.5252283557554449 ) ) ;
#4542 = VERTEX_POINT ( 'NONE', #4875 ) ;
#4543 = SURFACE_STYLE_USAGE ( .BOTH. , #5896 ) ;
#4544 = ORIENTED_EDGE ( 'NONE', *, *, #9172, .F. ) ;
#4545 = CARTESIAN_POINT ( 'NONE',  ( -246.8556549163562295, 3.914432013258340337, -55.54118574308731127 ) ) ;
#4546 = CARTESIAN_POINT ( 'NONE',  ( -444.8556549163562295, 1.199999999999999956, -146.2524320451088897 ) ) ;
#4547 = B_SPLINE_CURVE_WITH_KNOTS ( 'NONE', 3,
 ( #9102, #7651, #6216, #9148, #4823, #9058, #1186, #4727, #2072, #1281, #4208, #7041, #8445, #7599, #4120, #3281 ),
 .UNSPECIFIED., .F., .F.,
 ( 4, 2, 2, 2, 2, 2, 2, 4 ),
 ( 5.632511157154733508E-17, 0.0004712969428269500388, 0.0009425938856538438075, 0.001413890828480737468, 0.001885187771307631236, 0.002356484714134524788, 0.002827781656961418557, 0.003770375542615203492 ),
 .UNSPECIFIED. ) ;
#4548 = CARTESIAN_POINT ( 'NONE',  ( -347.1706563213435857, 3.648547497292133013, 19.70553982308454977 ) ) ;
#4549 = EDGE_CURVE ( 'NONE', #8616, #3460, #6215, .T. ) ;
#4550 = EDGE_CURVE ( 'NONE', #190, #4587, #1417, .T. ) ;
#4551 = ORIENTED_EDGE ( 'NONE', *, *, #7730, .T. ) ;
#4552 = DIRECTION ( 'NONE',  ( -1.000000000000000000, 0.000000000000000000, 0.000000000000000000 ) ) ;
#4553 = VECTOR ( 'NONE', #2066, 1000.000000000000000 ) ;
#4554 = CARTESIAN_POINT ( 'NONE',  ( -427.6913256801167336, 4.946426151581515107, -169.0038865453106780 ) ) ;
#4555 = AXIS2_PLACEMENT_3D ( 'NONE', #8596, #121, #5065 ) ;
#4556 = DIRECTION ( 'NONE',  ( 0.000000000000000000, 0.000000000000000000, 1.000000000000000000 ) ) ;
#4557 = DIRECTION ( 'NONE',  ( 0.000000000000000000, 0.000000000000000000, -1.000000000000000000 ) ) ;
#4558 = CARTESIAN_POINT ( 'NONE',  ( -384.8556549163545810, 6.124999999999972466, -169.1555557941079542 ) ) ;
#4559 = CARTESIAN_POINT ( 'NONE',  ( -307.6193619629651721, 3.807091139239944244, -170.1875765360216803 ) ) ;
#4560 = CARTESIAN_POINT ( 'NONE',  ( -442.8556549163562295, 3.750000000000000000, -78.50243204510888972 ) ) ;
#4561 = CIRCLE ( 'NONE', #2480, 2.500000000000002220 ) ;
#4562 = CARTESIAN_POINT ( 'NONE',  ( -308.4196393853989093, 4.557655364780807794, 19.50052010153127213 ) ) ;
#4563 = CARTESIAN_POINT ( 'NONE',  ( -406.9933177586864872, 4.500000000000003553, 18.71619492043766897 ) ) ;
#4564 = CARTESIAN_POINT ( 'NONE',  ( -446.8556549163562863, 0.000000000000000000, -160.2524320451088897 ) ) ;
#4565 = TOROIDAL_SURFACE ( 'NONE', #550, 4.000000000000000000, 1.000000000000000000 ) ;
#4566 = CARTESIAN_POINT ( 'NONE',  ( -306.8556549163546379, 3.500000000000000000, -169.2210590117058189 ) ) ;
#4567 = EDGE_LOOP ( 'NONE', ( #2299, #1752, #6629, #6964 ) ) ;
#4568 = AXIS2_PLACEMENT_3D ( 'NONE', #3027, #271, #140 ) ;
#4569 = EDGE_CURVE ( 'NONE', #3362, #340, #1280, .T. ) ;
#4570 = CARTESIAN_POINT ( 'NONE',  ( -385.9218548214146267, 3.907503744616718677, 19.66502962423766476 ) ) ;
#4571 = CARTESIAN_POINT ( 'NONE',  ( -406.3291516371583043, 4.647039145978594021, 18.66881868764272312 ) ) ;
#4572 = CARTESIAN_POINT ( 'NONE',  ( -287.8556549163547515, 5.416358229831103266, 18.00400097647165509 ) ) ;
#4573 = AXIS2_PLACEMENT_3D ( 'NONE', #5687, #7119, #838 ) ;
#4574 = DIRECTION ( 'NONE',  ( -1.000000000000000000, 0.000000000000000000, 0.000000000000000000 ) ) ;
#4575 = CIRCLE ( 'NONE', #2947, 1.000000000000000888 ) ;
#4576 = CARTESIAN_POINT ( 'NONE',  ( -387.8131617712273282, 5.118084154113458517, 19.30004661927857512 ) ) ;
#4577 = VERTEX_POINT ( 'NONE', #4775 ) ;
#4578 = EDGE_LOOP ( 'NONE', ( #5691, #7785, #4461, #2545 ) ) ;
#4579 = VERTEX_POINT ( 'NONE', #7598 ) ;
#4580 = AXIS2_PLACEMENT_3D ( 'NONE', #3437, #1196, #4133 ) ;
#4581 = EDGE_CURVE ( 'NONE', #139, #4168, #8692, .T. ) ;
#4582 = CARTESIAN_POINT ( 'NONE',  ( -428.6730116749450872, 5.070098603588712116, -169.8061121740519752 ) ) ;
#4583 = CARTESIAN_POINT ( 'NONE',  ( -305.1548002534008788, 4.800895434974116860, 19.41426770713572836 ) ) ;
#4584 = CARTESIAN_POINT ( 'NONE',  ( -445.8556549163562863, 1.199999999999999956, -82.25243204510888972 ) ) ;
#4585 = CARTESIAN_POINT ( 'NONE',  ( -307.8837617874938815, 5.301471067487164568, -169.7066495553370942 ) ) ;
#4586 = CARTESIAN_POINT ( 'NONE',  ( -387.6064897249924570, 4.835820077882199364, 18.57392088924699536 ) ) ;
#4587 = VERTEX_POINT ( 'NONE', #6261 ) ;
#4588 = CARTESIAN_POINT ( 'NONE',  ( -385.2246769367356478, 4.668696823349429259, -169.9676676812983089 ) ) ;
#4589 = FACE_OUTER_BOUND ( 'NONE', #6589, .T. ) ;
#4590 = DIRECTION ( 'NONE',  ( -1.000000000000000000, -0.000000000000000000, -0.000000000000000000 ) ) ;
#4591 = B_SPLINE_CURVE_WITH_KNOTS ( 'NONE', 3,
 ( #8333, #4812, #4763, #7689, #7636, #1217, #5604, #3459, #1367, #4197, #1269, #2808, #6203, #7030, #8480, #7079 ),
 .UNSPECIFIED., .F., .F.,
 ( 4, 2, 2, 2, 2, 2, 2, 4 ),
 ( 5.632511157154733508E-17, 0.0004712969428269500388, 0.0009425938856538438075, 0.001413890828480737468, 0.001885187771307631236, 0.002356484714134524788, 0.002827781656961418557, 0.003770375542615203492 ),
 .UNSPECIFIED. ) ;
#4592 = ORIENTED_EDGE ( 'NONE', *, *, #5572, .T. ) ;
#4593 = EDGE_CURVE ( 'NONE', #3145, #4877, #582, .T. ) ;
#4594 = VERTEX_POINT ( 'NONE', #6434 ) ;
#4595 = CARTESIAN_POINT ( 'NONE',  ( -387.6181761947163409, 3.806447783934348017, 19.68281947754103101 ) ) ;
#4596 = CARTESIAN_POINT ( 'NONE',  ( -344.8556549163545810, 6.124999999999972466, -169.1555557941079542 ) ) ;
#4597 = CARTESIAN_POINT ( 'NONE',  ( -407.8556549163546379, 7.000000000000000000, 14.74756795489105698 ) ) ;
#4598 = AXIS2_PLACEMENT_3D ( 'NONE', #3434, #2080, #766 ) ;
#4599 =( BOUNDED_SURFACE ( )  B_SPLINE_SURFACE ( 3, 2, ( 
 ( #1516, #5102, #7922 ),
 ( #2906, #2861, #4349 ),
 ( #5012, #7096, #1561 ),
 ( #4968, #7178, #1472 ),
 ( #811, #5804, #3654 ),
 ( #723, #6491, #6362 ),
 ( #116, #9200, #2776 ),
 ( #6442, #4308, #3566 ),
 ( #4397, #8635, #2958 ),
 ( #2259, #2166, #634 ),
 ( #3475, #2822, #7048 ),
 ( #5668, #6313, #9155 ),
 ( #5627, #8451, #2079 ),
 ( #4263, #8496, #5709 ),
 ( #7790, #7750, #8542 ),
 ( #2120, #7136, #2213 ),
 ( #5756, #1383, #4215 ),
 ( #1427, #676, #3519 ) ),
 .UNSPECIFIED., .F., .F., .F. ) 
 B_SPLINE_SURFACE_WITH_KNOTS ( ( 4, 2, 2, 2, 2, 2, 2, 2, 4 ),
 ( 3, 3 ),
 ( 0.001323912745242674001, 0.001737514085360025587, 0.002151115425477377174, 0.002564716765594728977, 0.002978318105712080346, 0.003391919445829431716, 0.003805520785946783519, 0.004219122126064135322, 0.004632723466181486692 ),
 ( 0.000000000000000000, 1.000000000000000000 ),
 .UNSPECIFIED. ) 
 GEOMETRIC_REPRESENTATION_ITEM ( )  RATIONAL_B_SPLINE_SURFACE ( (
 ( 1.000000000000000000, 0.7500000000000004441, 1.000000000000000000),
 ( 1.000000000000000000, 0.7499939426364400363, 1.000000000000000000),
 ( 1.000000000000000000, 0.7509329894117531268, 1.000000000000000000),
 ( 1.000000000000000000, 0.7542720948107357604, 1.000000000000000000),
 ( 1.000000000000000000, 0.7567167381695868444, 1.000000000000000000),
 ( 1.000000000000000000, 0.7620345134626472783, 1.000000000000000000),
 ( 1.000000000000000000, 0.7649009816754760438, 1.000000000000000000),
 ( 1.000000000000000000, 0.7698131873218488908, 1.000000000000000000),
 ( 1.000000000000000000, 0.7718027581232985712, 1.000000000000000000),
 ( 1.000000000000000000, 0.7734778044130153907, 1.000000000000000000),
 ( 1.000000000000000000, 0.7731701811038885763, 1.000000000000000000),
 ( 1.000000000000000000, 0.7692320002426732417, 1.000000000000000000),
 ( 1.000000000000000000, 0.7656548337070518961, 1.000000000000000000),
 ( 1.000000000000000000, 0.7548043090968092894, 1.000000000000000000),
 ( 1.000000000000000000, 0.7474974637466318406, 1.000000000000000000),
 ( 1.000000000000000000, 0.7297066597614478844, 1.000000000000000000),
 ( 1.000000000000000000, 0.7191618347197754613, 1.000000000000000000),
 ( 1.000000000000000000, 0.7071067811865511255, 1.000000000000000000) ) ) 
 REPRESENTATION_ITEM ( '' )  SURFACE ( )  );
#4600 = DIRECTION ( 'NONE',  ( 0.000000000000000000, 0.000000000000000000, 1.000000000000000000 ) ) ;
#4601 = DIRECTION ( 'NONE',  ( -1.000000000000000000, 0.000000000000000000, 0.000000000000000000 ) ) ;
#4602 = VERTEX_POINT ( 'NONE', #757 ) ;
#4603 = EDGE_CURVE ( 'NONE', #1344, #3697, #3737, .T. ) ;
#4604 = CARTESIAN_POINT ( 'NONE',  ( -428.6906568940713669, 5.118411189682735341, 19.27962515578900238 ) ) ;
#4605 = CARTESIAN_POINT ( 'NONE',  ( -348.6730116749450872, 5.070098603588712116, -169.8061121740519752 ) ) ;
#4606 = CARTESIAN_POINT ( 'NONE',  ( -385.8273383005340520, 5.302404540044383552, -169.7061190454029429 ) ) ;
#4607 = CARTESIAN_POINT ( 'NONE',  ( -307.1725692415429307, 3.649012588301082882, -170.2103416934246525 ) ) ;
#4608 = CYLINDRICAL_SURFACE ( 'NONE', #1314, 5.000000000000000888 ) ;
#4609 = FACE_OUTER_BOUND ( 'NONE', #7078, .T. ) ;
#4610 = CARTESIAN_POINT ( 'NONE',  ( -347.8556549163546379, 5.499999999999992895, 17.87006695409027657 ) ) ;
#4611 = CARTESIAN_POINT ( 'NONE',  ( -306.0329310716495002, 4.927818611583308694, -169.0176293865097534 ) ) ;
#4612 = VERTEX_POINT ( 'NONE', #5096 ) ;
#4613 = ADVANCED_FACE ( 'NONE', ( #4482 ), #8222, .T. ) ;
#4614 = ADVANCED_FACE ( 'NONE', ( #150 ), #2477, .F. ) ;
#4615 = CARTESIAN_POINT ( 'NONE',  ( -406.1655068274289988, 4.773209397924948583, 18.60965155063049892 ) ) ;
#4616 = CARTESIAN_POINT ( 'NONE',  ( -266.7179920740176726, 4.500000000000000888, -169.2210590106588768 ) ) ;
#4617 = CARTESIAN_POINT ( 'NONE',  ( -444.8556549163562295, 3.750000000000000000, -156.5024320451088897 ) ) ;
#4618 = CARTESIAN_POINT ( 'NONE',  ( -386.9933177586864304, 4.500000000000003553, 18.71619492043910071 ) ) ;
#4619 = ORIENTED_EDGE ( 'NONE', *, *, #4255, .T. ) ;
#4620 = ORIENTED_EDGE ( 'NONE', *, *, #5232, .T. ) ;
#4621 = ORIENTED_EDGE ( 'NONE', *, *, #6756, .F. ) ;
#4622 = DIRECTION ( 'NONE',  ( 0.000000000000000000, 0.000000000000000000, -1.000000000000000000 ) ) ;
#4623 = CARTESIAN_POINT ( 'NONE',  ( -325.8556549163545810, 5.500000000000000888, 19.74756795489107475 ) ) ;
#4624 = CARTESIAN_POINT ( 'NONE',  ( -307.7259361524282895, 5.003640207569657328, -168.9595324046023848 ) ) ;
#4625 = CARTESIAN_POINT ( 'NONE',  ( -286.5456845957266410, 4.546024630548740397, 18.70368321587408644 ) ) ;
#4626 = CARTESIAN_POINT ( 'NONE',  ( -446.8556549163562863, 10.00000000000000000, 24.74756795489111028 ) ) ;
#4627 = ORIENTED_EDGE ( 'NONE', *, *, #60, .T. ) ;
#4628 = DIRECTION ( 'NONE',  ( -1.000000000000000000, -0.000000000000000000, -0.000000000000000000 ) ) ;
#4629 = AXIS2_PLACEMENT_3D ( 'NONE', #1289, #2729, #1836 ) ;
#4630 = DIRECTION ( 'NONE',  ( -0.000000000000000000, -0.7806247497998098916, -0.6249999999999875655 ) ) ;
#4631 = CARTESIAN_POINT ( 'NONE',  ( -250.8556549163562011, 1.000000000000000000, 20.74756795489111028 ) ) ;
#4632 = ORIENTED_EDGE ( 'NONE', *, *, #6088, .F. ) ;
#4633 = ADVANCED_FACE ( 'NONE', ( #8804, #5366 ), #5967, .T. ) ;
#4634 = ORIENTED_EDGE ( 'NONE', *, *, #2836, .T. ) ;
#4635 = CARTESIAN_POINT ( 'NONE',  ( -266.8556549163546379, 4.500000000000000888, -169.2210590117058189 ) ) ;
#4636 = CARTESIAN_POINT ( 'NONE',  ( -345.8796730116316098, 5.274488668813468450, -168.6905061599154863 ) ) ;
#4637 = CYLINDRICAL_SURFACE ( 'NONE', #8524, 1.349999999999977884 ) ;
#4638 = CARTESIAN_POINT ( 'NONE',  ( -428.2359510929709927, 4.308023494658913322, -170.0800365345099578 ) ) ;
#4639 = DIRECTION ( 'NONE',  ( 0.000000000000000000, -0.000000000000000000, 1.000000000000000000 ) ) ;
#4640 = CARTESIAN_POINT ( 'NONE',  ( -328.8556549163545810, 3.000000000000000000, -165.2524320451089181 ) ) ;
#4641 = EDGE_LOOP ( 'NONE', ( #5391, #4872, #3799, #657 ) ) ;
#4642 = CARTESIAN_POINT ( 'NONE',  ( -266.5397320836705717, 4.538726258075907793, -169.2130925028101842 ) ) ;
#4643 = CARTESIAN_POINT ( 'NONE',  ( -346.9333269932104713, 4.500000003626995593, -170.1029761136050524 ) ) ;
#4644 = DIRECTION ( 'NONE',  ( 0.000000000000000000, 0.000000000000000000, 1.000000000000000000 ) ) ;
#4645 = DIRECTION ( 'NONE',  ( -1.000000000000000000, 0.000000000000000000, 0.000000000000000000 ) ) ;
#4646 = EDGE_CURVE ( 'NONE', #1344, #3087, #3269, .T. ) ;
#4647 = CARTESIAN_POINT ( 'NONE',  ( -345.8556549163547515, 5.416358229831103266, -168.5088650666895091 ) ) ;
#4648 = PRODUCT_DEFINITION_CONTEXT ( 'detailed design', #2209, 'design' ) ;
#4649 = CARTESIAN_POINT ( 'NONE',  ( -308.0046369833599442, 4.071125995611724058, -170.1376911892802468 ) ) ;
#4650 = EDGE_CURVE ( 'NONE', #2106, #4813, #8388, .T. ) ;
#4651 = DIRECTION ( 'NONE',  ( 0.000000000000000000, 0.000000000000000000, -1.000000000000000000 ) ) ;
#4652 = CARTESIAN_POINT ( 'NONE',  ( -345.0382981577641885, 5.070098603588712116, 19.30124808383412827 ) ) ;
#4653 = CARTESIAN_POINT ( 'NONE',  ( -347.9341631952597140, 5.604658406166640461, 19.02260281621961724 ) ) ;
#4654 = CARTESIAN_POINT ( 'NONE',  ( -304.8556549163545810, 6.124999999999972466, -169.1555557941079542 ) ) ;
#4655 = VERTEX_POINT ( 'NONE', #8948 ) ;
#4656 = CARTESIAN_POINT ( 'NONE',  ( -386.8556549163545810, 4.500000000000000888, 19.59811202517613893 ) ) ;
#4657 = CARTESIAN_POINT ( 'NONE',  ( -404.9038783738810139, 5.560135856430292733, 19.04581960036745869 ) ) ;
#4658 = CARTESIAN_POINT ( 'NONE',  ( -345.8556549163545810, 5.500000000000000888, -168.3749310443081413 ) ) ;
#4659 = B_SPLINE_CURVE_WITH_KNOTS ( 'NONE', 3,
 ( #6239, #8467, #7764, #9080, #1355, #5540, #8418, #4901, #4942, #6189, #7723, #1397 ),
 .UNSPECIFIED., .F., .F.,
 ( 4, 2, 2, 2, 2, 4 ),
 ( 0.000000000000000000, 0.0004698356480513965526, 0.0009396712961027931053, 0.001174589120128493929, 0.001409506944154194754, 0.001879342592205449818 ),
 .UNSPECIFIED. ) ;
#4660 = CARTESIAN_POINT ( 'NONE',  ( -442.8556549163562295, 3.750000000000000000, -1.652432045108903180 ) ) ;
#4661 = ADVANCED_FACE ( 'NONE', ( #3870 ), #1343, .F. ) ;
#4662 = AXIS2_PLACEMENT_3D ( 'NONE', #6061, #2425, #4758 ) ;
#4663 = CARTESIAN_POINT ( 'NONE',  ( -388.7767999200670488, 5.412504818268225826, 19.13015040621090179 ) ) ;
#4664 = ORIENTED_EDGE ( 'NONE', *, *, #1652, .F. ) ;
#4665 = ORIENTED_EDGE ( 'NONE', *, *, #7187, .F. ) ;
#4666 = ORIENTED_EDGE ( 'NONE', *, *, #7761, .T. ) ;
#4667 = DIRECTION ( 'NONE',  ( 0.000000000000000000, -1.000000000000000000, 0.000000000000000000 ) ) ;
#4668 = CARTESIAN_POINT ( 'NONE',  ( -405.9853736802812136, 5.003640207569636900, 18.45466831438453426 ) ) ;
#4669 = CARTESIAN_POINT ( 'NONE',  ( -386.3330437580668217, 4.643937170568182005, 18.66985447363968476 ) ) ;
#4670 = CARTESIAN_POINT ( 'NONE',  ( -307.6774670994279859, 4.926450206952964983, -169.0186410685512044 ) ) ;
#4671 = CARTESIAN_POINT ( 'NONE',  ( -366.2684541023607494, 4.687071811803895649, 18.65216358364155624 ) ) ;
#4672 = ORIENTED_EDGE ( 'NONE', *, *, #3688, .F. ) ;
#4673 = FACE_OUTER_BOUND ( 'NONE', #3504, .T. ) ;
#4674 = CYLINDRICAL_SURFACE ( 'NONE', #6366, 5.000000000000000888 ) ;
#4675 = AXIS2_PLACEMENT_3D ( 'NONE', #6343, #8286, #5508 ) ;
#4676 = CARTESIAN_POINT ( 'NONE',  ( -287.8556549163546379, 7.000000000000000000, 14.74756795489107120 ) ) ;
#4677 = VERTEX_POINT ( 'NONE', #8765 ) ;
#4678 = AXIS2_PLACEMENT_3D ( 'NONE', #8559, #84, #2975 ) ;
#4679 = ORIENTED_EDGE ( 'NONE', *, *, #6521, .T. ) ;
#4680 = DIRECTION ( 'NONE',  ( 0.000000000000000000, 1.691355389077385339E-14, -1.000000000000000000 ) ) ;
#4681 = CARTESIAN_POINT ( 'NONE',  ( -346.8556549163545242, 4.500000000000000888, -170.1029761153939717 ) ) ;
#4682 = DIRECTION ( 'NONE',  ( -1.000000000000000000, -0.000000000000000000, -0.000000000000000000 ) ) ;
#4683 = ADVANCED_FACE ( 'NONE', ( #3219 ), #6066, .T. ) ;
#4684 = CARTESIAN_POINT ( 'NONE',  ( -386.3332601840948541, 4.643806473694051640, -169.1747701886794744 ) ) ;
#4685 = EDGE_LOOP ( 'NONE', ( #5629, #6941 ) ) ;
#4686 = CARTESIAN_POINT ( 'NONE',  ( -256.8556549163562295, 3.000000000000000000, -165.2524320451089181 ) ) ;
#4687 = VECTOR ( 'NONE', #5674, 1000.000000000000000 ) ;
#4688 = DIRECTION ( 'NONE',  ( 0.000000000000000000, 0.000000000000000000, -1.000000000000000000 ) ) ;
#4689 = ORIENTED_EDGE ( 'NONE', *, *, #4063, .T. ) ;
#4690 = DIRECTION ( 'NONE',  ( 0.000000000000000000, -0.000000000000000000, -1.000000000000000000 ) ) ;
#4691 = FACE_OUTER_BOUND ( 'NONE', #8970, .T. ) ;
#4692 = LINE ( 'NONE', #4138, #7193 ) ;
#4693 = CARTESIAN_POINT ( 'NONE',  ( -445.8556549163562863, 0.000000000000000000, -146.2524320451088897 ) ) ;
#4694 = CARTESIAN_POINT ( 'NONE',  ( -266.5150189463655011, 4.557275686227510114, 18.70048102200167506 ) ) ;
#4695 = VECTOR ( 'NONE', #2155, 1000.000000000000000 ) ;
#4696 = CARTESIAN_POINT ( 'NONE',  ( -446.8556549163562863, 7.000000000000000000, 9.747567954891122710 ) ) ;
#4697 = AXIS2_PLACEMENT_3D ( 'NONE', #654, #4286, #9128 ) ;
#4698 = CYLINDRICAL_SURFACE ( 'NONE', #403, 1.000000000000000888 ) ;
#4699 = CARTESIAN_POINT ( 'NONE',  ( -346.8556549163546379, 3.625000000000000444, 19.70835166313717224 ) ) ;
#4700 = CARTESIAN_POINT ( 'NONE',  ( -425.8556549163546947, 5.416284592704882606, 18.00411889024233147 ) ) ;
#4701 = AXIS2_PLACEMENT_3D ( 'NONE', #477, #3973, #6074 ) ;
#4702 = CARTESIAN_POINT ( 'NONE',  ( -305.8273383005341088, 5.302404540044383552, -169.7061190454029429 ) ) ;
#4703 = ORIENTED_EDGE ( 'NONE', *, *, #5870, .F. ) ;
#4704 = ADVANCED_FACE ( 'NONE', ( #6151 ), #678, .F. ) ;
#4705 = CARTESIAN_POINT ( 'NONE',  ( -386.2531023996500039, 4.692344901072043051, 19.50662440208144588 ) ) ;
#4706 = CARTESIAN_POINT ( 'NONE',  ( -406.3084438545031958, 3.714219789345749589, 19.69642408864809724 ) ) ;
#4707 = DIRECTION ( 'NONE',  ( 0.000000000000000000, 0.000000000000000000, 1.000000000000000000 ) ) ;
#4708 = CARTESIAN_POINT ( 'NONE',  ( -286.8556549163546379, 3.625000000000000444, -170.2132157533550298 ) ) ;
#4709 = CARTESIAN_POINT ( 'NONE',  ( -405.8556549163545810, 3.000000000000000000, -165.2524320451089181 ) ) ;
#4710 = ORIENTED_EDGE ( 'NONE', *, *, #8603, .T. ) ;
#4711 = CARTESIAN_POINT ( 'NONE',  ( -308.8556549163546379, 6.124999999999944045, 18.65069170389011433 ) ) ;
#4712 = ORIENTED_EDGE ( 'NONE', *, *, #5415, .F. ) ;
#4713 = AXIS2_PLACEMENT_3D ( 'NONE', #8304, #1834, #7507 ) ;
#4714 = CIRCLE ( 'NONE', #697, 4.000000000000003553 ) ;
#4715 = ORIENTED_EDGE ( 'NONE', *, *, #8455, .T. ) ;
#4716 = ADVANCED_FACE ( 'NONE', ( #5549 ), #4761, .F. ) ;
#4717 = AXIS2_PLACEMENT_3D ( 'NONE', #987, #7404, #1032 ) ;
#4718 = CARTESIAN_POINT ( 'NONE',  ( -445.8556549163562863, 7.000000000000000000, 78.00000000000000000 ) ) ;
#4719 = CARTESIAN_POINT ( 'NONE',  ( -306.2377123859575363, 3.739460732190678094, 19.69279628593739417 ) ) ;
#4720 = DIRECTION ( 'NONE',  ( 1.000000000000000000, 0.000000000000000000, -0.000000000000000000 ) ) ;
#4721 = TOROIDAL_SURFACE ( 'NONE', #2486, 4.000000000000000000, 1.000000000000000000 ) ;
#4722 = CARTESIAN_POINT ( 'NONE',  ( -307.6565166143253691, 4.875924695994235059, -169.9249766519569391 ) ) ;
#4723 = CARTESIAN_POINT ( 'NONE',  ( -248.8556549163562579, 6.184658438426472671, -95.25243204510888972 ) ) ;
#4724 = VERTEX_POINT ( 'NONE', #6388 ) ;
#4725 = CARTESIAN_POINT ( 'NONE',  ( -264.8556549163546379, 3.000000000000000000, 14.74756795489107297 ) ) ;
#4726 = DIRECTION ( 'NONE',  ( 0.000000000000000000, -0.6249999999999859002, 0.7806247497998110019 ) ) ;
#4727 = CARTESIAN_POINT ( 'NONE',  ( -365.4872149242659134, 4.293400979081465785, -170.0835836746730365 ) ) ;
#4728 = EDGE_LOOP ( 'NONE', ( #857, #990, #394, #1233 ) ) ;
#4729 = CIRCLE ( 'NONE', #1900, 1.150000000000012124 ) ;
#4730 = EDGE_LOOP ( 'NONE', ( #6535, #5476, #7875, #1333 ) ) ;
#4731 = AXIS2_PLACEMENT_3D ( 'NONE', #8558, #5904, #8652 ) ;
#4732 = ADVANCED_FACE ( 'NONE', ( #93 ), #4486, .F. ) ;
#4733 = CARTESIAN_POINT ( 'NONE',  ( -267.5369268556093516, 3.768189216954908272, -170.1935733750994757 ) ) ;
#4734 = CARTESIAN_POINT ( 'NONE',  ( -345.0206529386377952, 5.118411189684464624, -169.7844892460059896 ) ) ;
#4735 = DIRECTION ( 'NONE',  ( 0.000000000000000000, 0.000000000000000000, 1.000000000000000000 ) ) ;
#4736 = CARTESIAN_POINT ( 'NONE',  ( -386.2680756768925221, 4.687416699501572914, -169.1568460911446152 ) ) ;
#4737 = EDGE_CURVE ( 'NONE', #942, #8660, #1493, .T. ) ;
#4738 = EDGE_LOOP ( 'NONE', ( #1055, #7362, #2361, #8620 ) ) ;
#4739 = CARTESIAN_POINT ( 'NONE',  ( -285.8556549163545810, 5.499999999999989342, -168.3749310443081413 ) ) ;
#4740 = FACE_OUTER_BOUND ( 'NONE', #3513, .T. ) ;
#4741 = EDGE_LOOP ( 'NONE', ( #7588, #5942, #1661, #1570 ) ) ;
#4742 = CARTESIAN_POINT ( 'NONE',  ( -404.8556549163544105, 5.877655079465398558, -169.3535902214992745 ) ) ;
#4743 = CARTESIAN_POINT ( 'NONE',  ( -348.6354851403668249, 4.972866850357087642, -169.8492481327818382 ) ) ;
#4744 = LINE ( 'NONE', #7668, #5577 ) ;
#4745 = CARTESIAN_POINT ( 'NONE',  ( -426.8556549163545810, 4.500000000000000888, -169.2210590117058189 ) ) ;
#4746 = AXIS2_PLACEMENT_3D ( 'NONE', #4946, #1210, #9084 ) ;
#4747 = CARTESIAN_POINT ( 'NONE',  ( -265.2120305543443237, 4.691125519188227955, 19.45532923085621846 ) ) ;
#4748 = CARTESIAN_POINT ( 'NONE',  ( -425.8556549163546379, 4.500000000000000888, 19.74756795489107475 ) ) ;
#4749 = CARTESIAN_POINT ( 'NONE',  ( -328.2240949084433055, 4.293400979081429369, 19.57871958445520733 ) ) ;
#4750 = DIRECTION ( 'NONE',  ( 0.000000000000000000, 0.000000000000000000, 1.000000000000000000 ) ) ;
#4751 = CARTESIAN_POINT ( 'NONE',  ( -407.1309806014496644, 3.625000010541362450, 19.70835166180907905 ) ) ;
#4752 = CARTESIAN_POINT ( 'NONE',  ( -425.8653458581869131, 5.323809698952779002, 18.13052145899953871 ) ) ;
#4753 = TOROIDAL_SURFACE ( 'NONE', #3857, 4.000000000000000000, 1.000000000000000000 ) ;
#4754 = CARTESIAN_POINT ( 'NONE',  ( -428.8556549163546379, 8.000000000000000000, 0.000000000000000000 ) ) ;
#4755 = VERTEX_POINT ( 'NONE', #6472 ) ;
#4756 = EDGE_CURVE ( 'NONE', #6989, #299, #7644, .T. ) ;
#4757 = CARTESIAN_POINT ( 'NONE',  ( -385.8952274193842982, 5.214525108020450439, 18.25415316029434720 ) ) ;
#4758 = DIRECTION ( 'NONE',  ( 0.000000000000000000, 0.000000000000000000, 1.000000000000000000 ) ) ;
#4759 = CARTESIAN_POINT ( 'NONE',  ( -444.8556549163562295, 1.199999999999999956, -160.2524320451088897 ) ) ;
#4760 = CARTESIAN_POINT ( 'NONE',  ( -287.6774670994279859, 4.926450206952964983, -169.0186410685512044 ) ) ;
#4761 = CYLINDRICAL_SURFACE ( 'NONE', #8234, 1.349999999999977884 ) ;
#4762 = ORIENTED_EDGE ( 'NONE', *, *, #8256, .T. ) ;
#4763 = CARTESIAN_POINT ( 'NONE',  ( -306.5406535113655764, 3.648547497292145447, -170.2104039133024003 ) ) ;
#4764 = ORIENTED_EDGE ( 'NONE', *, *, #3761, .T. ) ;
#4765 = ORIENTED_EDGE ( 'NONE', *, *, #2800, .F. ) ;
#4766 = CARTESIAN_POINT ( 'NONE',  ( -368.8556549163546947, 5.877655079465402999, 18.84872613128140273 ) ) ;
#4767 = ADVANCED_FACE ( 'NONE', ( #8897 ), #6983, .F. ) ;
#4768 = DIRECTION ( 'NONE',  ( -1.000000000000000000, 0.000000000000000000, 0.000000000000000000 ) ) ;
#4769 = CARTESIAN_POINT ( 'NONE',  ( -386.5456845957266978, 4.546024630548740397, 18.70368321587406513 ) ) ;
#4770 = CARTESIAN_POINT ( 'NONE',  ( -285.9853736802811568, 5.003640207569636900, 18.45466831438455202 ) ) ;
#4771 = DIRECTION ( 'NONE',  ( 0.000000000000000000, 0.000000000000000000, -1.000000000000000000 ) ) ;
#4772 = VERTEX_POINT ( 'NONE', #225 ) ;
#4773 = DIRECTION ( 'NONE',  ( 0.000000000000000000, 0.000000000000000000, 1.000000000000000000 ) ) ;
#4774 = ADVANCED_FACE ( 'NONE', ( #3072 ), #2377, .F. ) ;
#4775 = CARTESIAN_POINT ( 'NONE',  ( -444.8556549163562295, 1.199999999999999956, 9.747567954891122710 ) ) ;
#4776 = CARTESIAN_POINT ( 'NONE',  ( -388.8556549163545810, 5.877829809576795128, -169.3534503254485060 ) ) ;
#4777 = ORIENTED_EDGE ( 'NONE', *, *, #6861, .F. ) ;
#4778 = ORIENTED_EDGE ( 'NONE', *, *, #7203, .F. ) ;
#4779 = CARTESIAN_POINT ( 'NONE',  ( -324.8556549163545242, 8.000000000000000000, -165.2524320451089181 ) ) ;
#4780 = CARTESIAN_POINT ( 'NONE',  ( -345.7953792149623951, 3.977365129228491725, -170.1580123797437238 ) ) ;
#4781 = AXIS2_PLACEMENT_3D ( 'NONE', #1741, #8723, #8016 ) ;
#4782 = CARTESIAN_POINT ( 'NONE',  ( -364.9921967915282153, 5.205896708463899181, 19.23730042618853275 ) ) ;
#4783 = DIRECTION ( 'NONE',  ( 0.000000000000000000, 0.000000000000000000, 1.000000000000000000 ) ) ;
#4784 = VERTEX_POINT ( 'NONE', #4564 ) ;
#4785 = DIRECTION ( 'NONE',  ( 0.000000000000000000, -0.6249999999999859002, 0.7806247497998110019 ) ) ;
#4786 = B_SPLINE_CURVE_WITH_KNOTS ( 'NONE', 3,
 ( #1227, #4071, #703, #3279, #6904, #3547, #480, #9180, #7552, #3377, #3323, #6386, #8247, #7500, #6, #1878 ),
 .UNSPECIFIED., .F., .F.,
 ( 4, 2, 2, 2, 2, 2, 2, 4 ),
 ( 0.000000000000000000, 0.0004712969428269020086, 0.0009425938856538040173, 0.001413890828480705159, 0.001885187771307606733, 0.002356484714134508308, 0.002827781656961409016, 0.003770375542615211732 ),
 .UNSPECIFIED. ) ;
#4787 = ADVANCED_FACE ( 'NONE', ( #1723 ), #1108, .F. ) ;
#4788 = DIRECTION ( 'NONE',  ( -1.000000000000000000, -0.000000000000000000, -0.000000000000000000 ) ) ;
#4789 = VERTEX_POINT ( 'NONE', #977 ) ;
#4790 = CARTESIAN_POINT ( 'NONE',  ( -427.4601476881188660, 4.682572633561747466, 19.51099171489871509 ) ) ;
#4791 = CARTESIAN_POINT ( 'NONE',  ( -387.8556549163546379, 3.000000000000000000, -165.2524320451089181 ) ) ;
#4792 = CARTESIAN_POINT ( 'NONE',  ( -426.8556549163546379, 3.625000000000000444, 19.70835166313716158 ) ) ;
#4793 = CARTESIAN_POINT ( 'NONE',  ( -285.8556549163545810, 5.500000000000000888, -168.3749310443081413 ) ) ;
#4794 = FACE_OUTER_BOUND ( 'NONE', #9205, .T. ) ;
#4795 = CARTESIAN_POINT ( 'NONE',  ( -306.5820493853617563, 4.535687915297965667, 18.70665286012360085 ) ) ;
#4796 = CARTESIAN_POINT ( 'NONE',  ( -326.8556549163545810, 3.625000000000000444, 19.70835166313717579 ) ) ;
#4797 = CARTESIAN_POINT ( 'NONE',  ( -346.5456845957266978, 4.546024630548740397, 18.70368321587407578 ) ) ;
#4798 = CYLINDRICAL_SURFACE ( 'NONE', #7832, 1.000000000000000888 ) ;
#4799 = CARTESIAN_POINT ( 'NONE',  ( -307.4733861663404468, 3.739288344263299813, 19.69282342312304479 ) ) ;
#4800 = CARTESIAN_POINT ( 'NONE',  ( -365.8556549163545810, 5.500000000000000888, -168.3749310443081413 ) ) ;
#4801 = EDGE_LOOP ( 'NONE', ( #1921, #5711, #2311, #2478 ) ) ;
#4802 = VECTOR ( 'NONE', #6509, 1000.000000000000000 ) ;
#4803 = AXIS2_PLACEMENT_3D ( 'NONE', #623, #3465, #2764 ) ;
#4804 = DIRECTION ( 'NONE',  ( -1.000000000000000000, 0.000000000000000000, 0.000000000000000000 ) ) ;
#4805 = CARTESIAN_POINT ( 'NONE',  ( -326.5150189463654442, 4.557275686227510114, 18.70048102200166795 ) ) ;
#4806 = CARTESIAN_POINT ( 'NONE',  ( -251.8556549163562579, 8.000000000000000000, -170.2524320451089181 ) ) ;
#4807 = ADVANCED_FACE ( 'NONE', ( #8000 ), #1637, .F. ) ;
#4808 = CARTESIAN_POINT ( 'NONE',  ( -286.9942690904481992, 4.507254365895950521, -169.2193079470704049 ) ) ;
#4809 = CARTESIAN_POINT ( 'NONE',  ( -387.5369268556093516, 3.768189216954908272, -170.1935733750994757 ) ) ;
#4810 = ORIENTED_EDGE ( 'NONE', *, *, #3128, .F. ) ;
#4811 = B_SPLINE_CURVE_WITH_KNOTS ( 'NONE', 3,
 ( #621, #663, #6949, #576, #6995, #3556, #3422, #6208, #9050, #1415, #3506, #2673, #8438, #6256, #4766, #6348 ),
 .UNSPECIFIED., .F., .F.,
 ( 4, 2, 2, 2, 2, 2, 2, 4 ),
 ( 0.000000000000000000, 0.0004712969428269019002, 0.0009425938856538038004, 0.001413890828480704725, 0.001885187771307605866, 0.002356484714134506574, 0.002827781656961407715, 0.003770375542615209997 ),
 .UNSPECIFIED. ) ;
#4812 = CARTESIAN_POINT ( 'NONE',  ( -306.6960120101808798, 3.625000000000000444, -170.2132157533550867 ) ) ;
#4813 = VERTEX_POINT ( 'NONE', #3818 ) ;
#4814 = ORIENTED_EDGE ( 'NONE', *, *, #498, .T. ) ;
#4815 = FACE_OUTER_BOUND ( 'NONE', #4685, .T. ) ;
#4816 = AXIS2_PLACEMENT_3D ( 'NONE', #743, #5783, #6517 ) ;
#4817 = LINE ( 'NONE', #1274, #7035 ) ;
#4818 = CARTESIAN_POINT ( 'NONE',  ( -406.8556549163546379, 5.500000000000000888, 0.000000000000000000 ) ) ;
#4819 = CARTESIAN_POINT ( 'NONE',  ( -307.8512076520506184, 5.389166282607971148, -168.5430138961477553 ) ) ;
#4820 = CARTESIAN_POINT ( 'NONE',  ( -368.7767999200669919, 5.412504818268226714, 19.13015040621090535 ) ) ;
#4821 = ORIENTED_EDGE ( 'NONE', *, *, #5645, .T. ) ;
#4822 = CARTESIAN_POINT ( 'NONE',  ( -408.8556549163546379, 8.000000000000000000, 0.000000000000000000 ) ) ;
#4823 = CARTESIAN_POINT ( 'NONE',  ( -366.0931336379929348, 3.806447783934358231, -170.1876835677589099 ) ) ;
#4824 = ORIENTED_EDGE ( 'NONE', *, *, #4603, .F. ) ;
#4825 = VECTOR ( 'NONE', #8365, 1000.000000000000000 ) ;
#4826 = EDGE_CURVE ( 'NONE', #6110, #4594, #7354, .T. ) ;
#4827 = ORIENTED_EDGE ( 'NONE', *, *, #6013, .T. ) ;
#4828 = DIRECTION ( 'NONE',  ( -1.000000000000000000, 0.000000000000000000, 0.000000000000000000 ) ) ;
#4829 = CARTESIAN_POINT ( 'NONE',  ( -326.8556549163545242, 3.625000000000000444, -170.2132157533550298 ) ) ;
#4830 = CARTESIAN_POINT ( 'NONE',  ( -365.0382981577643022, 5.070098603588712116, 19.30124808383412827 ) ) ;
#4831 = AXIS2_PLACEMENT_3D ( 'NONE', #5202, #912, #5244 ) ;
#4832 = DIRECTION ( 'NONE',  ( -1.000000000000000000, 0.000000000000000000, 0.000000000000000000 ) ) ;
#4833 = EDGE_LOOP ( 'NONE', ( #492, #5088, #7816, #4664 ) ) ;
#4834 = DIRECTION ( 'NONE',  ( -0.000000000000000000, -0.000000000000000000, 1.000000000000000000 ) ) ;
#4835 = TOROIDAL_SURFACE ( 'NONE', #806, 4.000000000000000000, 1.000000000000000000 ) ;
#4836 = CARTESIAN_POINT ( 'NONE',  ( -306.8556549163546379, 5.500000000000000888, -1.247118358630493074E-13 ) ) ;
#4837 = VERTEX_POINT ( 'NONE', #6835 ) ;
#4838 = VECTOR ( 'NONE', #2230, 1000.000000000000000 ) ;
#4839 = CARTESIAN_POINT ( 'NONE',  ( -406.1048201077166482, 4.835820077882200252, -169.0787849794647855 ) ) ;
#4840 = CARTESIAN_POINT ( 'NONE',  ( -347.7651547829831316, 5.029006227350913072, -169.8499098049626070 ) ) ;
#4841 = CARTESIAN_POINT ( 'NONE',  ( -366.7857345905473494, 4.500000000000000888, 18.71619492074466606 ) ) ;
#4842 = CIRCLE ( 'NONE', #1106, 1.349999999999976108 ) ;
#4843 = CARTESIAN_POINT ( 'NONE',  ( -286.2680756768926358, 4.687416699501573802, -169.1568460911445868 ) ) ;
#4844 = EDGE_CURVE ( 'NONE', #1007, #9094, #3929, .T. ) ;
#4845 = CIRCLE ( 'NONE', #2009, 1.000000000000000444 ) ;
#4846 = DIRECTION ( 'NONE',  ( -0.000000000000000000, -0.000000000000000000, 1.000000000000000000 ) ) ;
#4847 = CARTESIAN_POINT ( 'NONE',  ( -250.8556549163562011, 1.000000000000000000, 22.84756795489110104 ) ) ;
#4848 = DIRECTION ( 'NONE',  ( 0.000000000000000000, 0.000000000000000000, 1.000000000000000000 ) ) ;
#4849 = CARTESIAN_POINT ( 'NONE',  ( -345.8556549163546379, 5.416284592704882606, 18.00411889024234569 ) ) ;
#4850 = CARTESIAN_POINT ( 'NONE',  ( -251.8556549163562579, 0.000000000000000000, 24.74756795489111028 ) ) ;
#4851 = CARTESIAN_POINT ( 'NONE',  ( -407.8556549163546379, 5.500000000000000888, -168.3749310443081413 ) ) ;
#4852 =( BOUNDED_SURFACE ( )  B_SPLINE_SURFACE ( 3, 2, ( 
 ( #1611, #3605, #1560 ),
 ( #194, #4448, #7283 ),
 ( #904, #6578, #810 ),
 ( #5101, #3043, #4488 ),
 ( #241, #947, #8589 ),
 ( #5887, #2957, #5194 ),
 ( #8015, #6441, #1653 ),
 ( #3787, #3090, #4395 ),
 ( #5233, #5931, #7233 ),
 ( #2212, #8770, #8055 ),
 ( #1692, #7135, #5059 ),
 ( #7877, #8634, #1515 ),
 ( #4348, #2258, #7177 ),
 ( #5466, #1037, #3874 ) ),
 .UNSPECIFIED., .F., .F., .F. ) 
 B_SPLINE_SURFACE_WITH_KNOTS ( ( 4, 2, 2, 2, 2, 2, 4 ),
 ( 3, 3 ),
 ( 0.001015998582458484817, 0.001428449273945002788, 0.001840899965431520759, 0.002253350656918038514, 0.002665801348404556702, 0.003490702731377592644, 0.004315604114350628587 ),
 ( 0.000000000000000000, 1.000000000000000000 ),
 .UNSPECIFIED. ) 
 GEOMETRIC_REPRESENTATION_ITEM ( )  RATIONAL_B_SPLINE_SURFACE ( (
 ( 1.000000000000000000, 0.7071067811865300312, 1.000000000000000000),
 ( 1.000000000000000000, 0.7191539465619480875, 1.000000000000000000),
 ( 1.000000000000000000, 0.7296663882558011016, 1.000000000000000000),
 ( 1.000000000000000000, 0.7474372416597908630, 1.000000000000000000),
 ( 1.000000000000000000, 0.7547518899025179584, 1.000000000000000000),
 ( 1.000000000000000000, 0.7656299723753486886, 1.000000000000000000),
 ( 1.000000000000000000, 0.7691951883259209310, 1.000000000000000000),
 ( 1.000000000000000000, 0.7731396847002443007, 1.000000000000000000),
 ( 1.000000000000000000, 0.7734820014411815103, 1.000000000000000000),
 ( 1.000000000000000000, 0.7709873420233366303, 1.000000000000000000),
 ( 1.000000000000000000, 0.7646994115827951966, 1.000000000000000000),
 ( 1.000000000000000000, 0.7540697026764631161, 1.000000000000000000),
 ( 1.000000000000000000, 0.7498104614824783187, 1.000000000000000000),
 ( 1.000000000000000000, 0.7500000000000004441, 1.000000000000000000) ) ) 
 REPRESENTATION_ITEM ( '' )  SURFACE ( )  );
#4853 = CARTESIAN_POINT ( 'NONE',  ( -427.0152978225282823, 3.625000000000000888, 19.70835166313716513 ) ) ;
#4854 = TOROIDAL_SURFACE ( 'NONE', #7807, 4.000000000000000000, 1.000000000000000000 ) ;
#4855 = AXIS2_PLACEMENT_3D ( 'NONE', #2165, #1340, #7095 ) ;
#4856 = CARTESIAN_POINT ( 'NONE',  ( -385.8991525913326655, 5.115861466909999322, 19.30120737942184306 ) ) ;
#4857 = CARTESIAN_POINT ( 'NONE',  ( -326.0338427332812330, 4.926450206952970312, 18.51377697833359903 ) ) ;
#4858 = CARTESIAN_POINT ( 'NONE',  ( -425.8029079935165555, 5.399915996862476142, 19.14633273389754109 ) ) ;
#4859 = CARTESIAN_POINT ( 'NONE',  ( -384.8556549163546379, 5.499999999999956479, 17.87006695409029433 ) ) ;
#4860 = DIRECTION ( 'NONE',  ( 1.000000000000000000, 0.000000000000000000, 2.921639538487137411E-16 ) ) ;
#4861 = EDGE_LOOP ( 'NONE', ( #5851, #919, #6030, #6174 ) ) ;
#4862 = CARTESIAN_POINT ( 'NONE',  ( -246.8556549163562295, 10.00000000000000000, -53.25243204510888972 ) ) ;
#4863 = ORIENTED_EDGE ( 'NONE', *, *, #2546, .T. ) ;
#4864 = AXIS2_PLACEMENT_3D ( 'NONE', #1566, #8641, #2220 ) ;
#4865 = EDGE_LOOP ( 'NONE', ( #892, #6017 ) ) ;
#4866 = CIRCLE ( 'NONE', #9015, 5.000000000000004441 ) ;
#4867 = CARTESIAN_POINT ( 'NONE',  ( -407.3821581955477313, 4.647039145976322949, -169.1736827778622967 ) ) ;
#4868 = FACE_OUTER_BOUND ( 'NONE', #1606, .T. ) ;
#4869 = CARTESIAN_POINT ( 'NONE',  ( -346.3084438545031958, 3.714219789345719835, 19.69642408864811145 ) ) ;
#4870 = FACE_OUTER_BOUND ( 'NONE', #2953, .T. ) ;
#4871 = FACE_OUTER_BOUND ( 'NONE', #4392, .T. ) ;
#4872 = ORIENTED_EDGE ( 'NONE', *, *, #7187, .T. ) ;
#4873 = VECTOR ( 'NONE', #2029, 1000.000000000000000 ) ;
#4874 = VECTOR ( 'NONE', #6365, 1000.000000000000000 ) ;
#4875 = CARTESIAN_POINT ( 'NONE',  ( -246.8556549163562579, 0.000000000000000000, -170.2524320451088897 ) ) ;
#4876 = CARTESIAN_POINT ( 'NONE',  ( -248.2597955546139303, 4.107902700019479880, -94.04970180917942457 ) ) ;
#4877 = VERTEX_POINT ( 'NONE', #3450 ) ;
#4878 = AXIS2_PLACEMENT_3D ( 'NONE', #4337, #3398, #5490 ) ;
#4879 = VERTEX_POINT ( 'NONE', #6190 ) ;
#4880 = EDGE_CURVE ( 'NONE', #3963, #6541, #5498, .T. ) ;
#4881 = CARTESIAN_POINT ( 'NONE',  ( -346.8556549163546379, 3.625000000000000000, -170.2132157533550298 ) ) ;
#4882 = AXIS2_PLACEMENT_3D ( 'NONE', #2627, #5423, #1929 ) ;
#4883 = CARTESIAN_POINT ( 'NONE',  ( -248.8556549163562579, 6.184658438426472671, -93.25243204510888972 ) ) ;
#4884 = CARTESIAN_POINT ( 'NONE',  ( -266.0199841525925990, 4.946426151581507114, 18.49902245509283816 ) ) ;
#4885 = CARTESIAN_POINT ( 'NONE',  ( -427.8891740945094853, 6.023604503293462642, -169.2367371627386206 ) ) ;
#4886 = ORIENTED_EDGE ( 'NONE', *, *, #8528, .F. ) ;
#4887 = DIRECTION ( 'NONE',  ( 0.000000000000000000, 0.000000000000000000, 1.000000000000000000 ) ) ;
#4888 = EDGE_CURVE ( 'NONE', #3983, #5381, #5729, .T. ) ;
#4889 = AXIS2_PLACEMENT_3D ( 'NONE', #4859, #515, #2611 ) ;
#4890 = DIRECTION ( 'NONE',  ( -1.000000000000000000, -0.000000000000000000, -0.000000000000000000 ) ) ;
#4891 = ORIENTED_EDGE ( 'NONE', *, *, #8764, .T. ) ;
#4892 = CARTESIAN_POINT ( 'NONE',  ( -427.0081178026992461, 4.500000005119374258, 19.59811202265061070 ) ) ;
#4893 = AXIS2_PLACEMENT_3D ( 'NONE', #4640, #7426, #3109 ) ;
#4894 = DIRECTION ( 'NONE',  ( -1.000000000000000000, -0.000000000000000000, -0.000000000000000000 ) ) ;
#4895 = CARTESIAN_POINT ( 'NONE',  ( -366.2531023996500039, 4.692344901072043051, 19.50662440208145298 ) ) ;
#4896 = DIRECTION ( 'NONE',  ( 0.000000000000000000, 0.000000000000000000, -1.000000000000000000 ) ) ;
#4897 = CARTESIAN_POINT ( 'NONE',  ( -265.9218548214146267, 3.907503744616650287, 19.66502962423768963 ) ) ;
#4898 = CARTESIAN_POINT ( 'NONE',  ( -305.8221357381984831, 6.023604503296563273, 18.73187307252265654 ) ) ;
#4899 = DIRECTION ( 'NONE',  ( -1.000000000000000000, 0.000000000000000000, 0.000000000000000000 ) ) ;
#4900 = EDGE_CURVE ( 'NONE', #9094, #8757, #8927, .T. ) ;
#4901 = CARTESIAN_POINT ( 'NONE',  ( -367.4432341558166399, 4.687416699501574691, 18.65198200092678604 ) ) ;
#4902 = CARTESIAN_POINT ( 'NONE',  ( -427.8556549163546379, 7.000000000000000000, 14.74756795489105343 ) ) ;
#4903 = EDGE_CURVE ( 'NONE', #2968, #5531, #3485, .T. ) ;
#4904 = DIRECTION ( 'NONE',  ( 0.000000000000000000, 0.000000000000000000, 1.000000000000000000 ) ) ;
#4905 = CARTESIAN_POINT ( 'NONE',  ( -442.8556549163562295, 3.750000000000000000, -73.15243204510889541 ) ) ;
#4906 = CARTESIAN_POINT ( 'NONE',  ( -405.8556549163546379, 5.499999999999988454, 17.87006695409027657 ) ) ;
#4907 = CARTESIAN_POINT ( 'NONE',  ( -425.8952274193843550, 5.214525108020397148, 18.25415316029409851 ) ) ;
#4908 = VECTOR ( 'NONE', #8206, 1000.000000000000000 ) ;
#4909 = CARTESIAN_POINT ( 'NONE',  ( -287.9084018391927771, 5.399915996860762846, -169.6511968241165675 ) ) ;
#4910 = CARTESIAN_POINT ( 'NONE',  ( -387.2388583010181264, 4.571621889987924625, -170.0682608514823642 ) ) ;
#4911 = ORIENTED_EDGE ( 'NONE', *, *, #2844, .F. ) ;
#4912 = EDGE_CURVE ( 'NONE', #5367, #3329, #4186, .T. ) ;
#4913 = LINE ( 'NONE', #4862, #8835 ) ;
#4914 = VERTEX_POINT ( 'NONE', #2051 ) ;
#4915 = VERTEX_POINT ( 'NONE', #4902 ) ;
#4916 = EDGE_CURVE ( 'NONE', #2161, #5327, #1155, .T. ) ;
#4917 = CARTESIAN_POINT ( 'NONE',  ( -408.6354851403668249, 4.972866850357087642, -169.8492481327818382 ) ) ;
#4918 = LINE ( 'NONE', #5511, #4553 ) ;
#4919 = DIRECTION ( 'NONE',  ( 2.921639538487254261E-16, -0.000000000000000000, -1.000000000000000000 ) ) ;
#4920 = DIRECTION ( 'NONE',  ( 0.000000000000000000, 0.000000000000000000, -1.000000000000000000 ) ) ;
#4921 = CARTESIAN_POINT ( 'NONE',  ( -367.0081178027111264, 4.500000005119375146, 19.59811202265061425 ) ) ;
#4922 = VERTEX_POINT ( 'NONE', #4231 ) ;
#4923 = DIRECTION ( 'NONE',  ( 0.000000000000000000, 0.000000000000000000, -1.000000000000000000 ) ) ;
#4924 = CARTESIAN_POINT ( 'NONE',  ( -386.8556549163546379, 3.625000000000000000, -170.2132157533550298 ) ) ;
#4925 = VERTEX_POINT ( 'NONE', #7151 ) ;
#4926 = VERTEX_POINT ( 'NONE', #3624 ) ;
#4927 = DIRECTION ( 'NONE',  ( 0.000000000000000000, 1.170938346284343684E-14, -1.000000000000000000 ) ) ;
#4928 = DIRECTION ( 'NONE',  ( -1.000000000000000000, 0.000000000000000000, 0.000000000000000000 ) ) ;
#4929 = DIRECTION ( 'NONE',  ( 0.000000000000000000, 0.6249999999999882316, 0.7806247497998093365 ) ) ;
#4930 = CARTESIAN_POINT ( 'NONE',  ( -326.4707025613209908, 4.573837122825699986, 18.69542757550806655 ) ) ;
#4931 = VERTEX_POINT ( 'NONE', #694 ) ;
#4932 = CARTESIAN_POINT ( 'NONE',  ( -246.8556549163562295, 0.000000000000000000, -95.25243204510888972 ) ) ;
#4933 = EDGE_CURVE ( 'NONE', #1461, #108, #1266, .T. ) ;
#4934 = LINE ( 'NONE', #4036, #4141 ) ;
#4935 = ORIENTED_EDGE ( 'NONE', *, *, #8047, .F. ) ;
#4936 = CARTESIAN_POINT ( 'NONE',  ( -328.8556549163545810, 3.000000000000000000, 14.74756795489106764 ) ) ;
#4937 = CARTESIAN_POINT ( 'NONE',  ( -406.9942690904481424, 4.507254365895950521, -169.2193079470704049 ) ) ;
#4938 = DIRECTION ( 'NONE',  ( 0.000000000000000000, -0.000000000000000000, 1.000000000000000000 ) ) ;
#4939 = CARTESIAN_POINT ( 'NONE',  ( -265.8556549163546379, 5.499999999999988454, 17.87006695409029433 ) ) ;
#4940 = CARTESIAN_POINT ( 'NONE',  ( -306.7857345905475768, 4.500000000000000888, 18.71619492074564661 ) ) ;
#4941 = DIRECTION ( 'NONE',  ( 0.000000000000000000, 1.691355389077385339E-14, -1.000000000000000000 ) ) ;
#4942 = CARTESIAN_POINT ( 'NONE',  ( -367.3780496486143079, 4.643806473694055192, 18.66990609846163096 ) ) ;
#4943 = DIRECTION ( 'NONE',  ( 0.000000000000000000, -1.000000000000000000, 0.000000000000000000 ) ) ;
#4944 = ADVANCED_FACE ( 'NONE', ( #7941 ), #7199, .F. ) ;
#4945 = ADVANCED_FACE ( 'NONE', ( #8511 ), #2137, .T. ) ;
#4946 = CARTESIAN_POINT ( 'NONE',  ( -286.8556549163546379, 5.500000000000000888, 0.000000000000000000 ) ) ;
#4947 = CARTESIAN_POINT ( 'NONE',  ( -324.8556549052798914, 5.988627236848524937, 18.75987729785378733 ) ) ;
#4948 = DIRECTION ( 'NONE',  ( -1.000000000000000000, -0.000000000000000000, -0.000000000000000000 ) ) ;
#4949 = CARTESIAN_POINT ( 'NONE',  ( -286.8556549163546379, 4.500000000000000888, 18.71619492148795771 ) ) ;
#4950 = CARTESIAN_POINT ( 'NONE',  ( -364.8556549163545810, 3.000000000000000000, -165.2524320451089181 ) ) ;
#4951 = CARTESIAN_POINT ( 'NONE',  ( -388.2359510929709927, 4.308023494658913322, -170.0800365345099578 ) ) ;
#4952 = VERTEX_POINT ( 'NONE', #1532 ) ;
#4953 = ORIENTED_EDGE ( 'NONE', *, *, #4364, .T. ) ;
#4954 = ORIENTED_EDGE ( 'NONE', *, *, #187, .T. ) ;
#4955 = EDGE_CURVE ( 'NONE', #3123, #8236, #1712, .T. ) ;
#4956 = CARTESIAN_POINT ( 'NONE',  ( -407.9084018391927202, 5.399915996862420187, -169.6511968241185571 ) ) ;
#4957 = EDGE_CURVE ( 'NONE', #5472, #401, #8608, .T. ) ;
#4958 = DIRECTION ( 'NONE',  ( 0.000000000000000000, 1.000000000000000000, 0.000000000000000000 ) ) ;
#4959 = CARTESIAN_POINT ( 'NONE',  ( -346.0547932183801549, 4.875924695995112579, 19.42011256174145117 ) ) ;
#4960 = CYLINDRICAL_SURFACE ( 'NONE', #7563, 1.000000000000000888 ) ;
#4961 = CARTESIAN_POINT ( 'NONE',  ( -251.8556549163562579, 8.000000000000000000, 19.74756795489107475 ) ) ;
#4962 = DIRECTION ( 'NONE',  ( -1.000000000000000000, -0.000000000000000000, -0.000000000000000000 ) ) ;
#4963 = ORIENTED_EDGE ( 'NONE', *, *, #2805, .T. ) ;
#4964 = ORIENTED_EDGE ( 'NONE', *, *, #902, .F. ) ;
#4965 = CARTESIAN_POINT ( 'NONE',  ( -367.8556549163546379, 7.000000000000000000, 19.74756795489107475 ) ) ;
#4966 = VECTOR ( 'NONE', #6875, 1000.000000000000000 ) ;
#4967 = CARTESIAN_POINT ( 'NONE',  ( -326.2107894258275564, 4.723855547286908596, -169.1440853282302328 ) ) ;
#4968 = CARTESIAN_POINT ( 'NONE',  ( -367.4028659782060231, 3.714219789345969858, -170.2012881788659513 ) ) ;
#4969 = CARTESIAN_POINT ( 'NONE',  ( -427.8556549163545810, 6.124999999999970690, -169.1555557941079542 ) ) ;
#4970 = ORIENTED_EDGE ( 'NONE', *, *, #848, .T. ) ;
#4971 = FACE_BOUND ( 'NONE', #5328, .T. ) ;
#4972 = CARTESIAN_POINT ( 'NONE',  ( -368.7191130411810605, 5.205896708463899181, -169.7421645164064046 ) ) ;
#4973 = AXIS2_PLACEMENT_3D ( 'NONE', #6571, #7911, #5138 ) ;
#4974 = EDGE_LOOP ( 'NONE', ( #2147, #2568, #9111, #586 ) ) ;
#4975 = CARTESIAN_POINT ( 'NONE',  ( -442.8556549163562295, 0.000000000000000000, 0.000000000000000000 ) ) ;
#4976 = CARTESIAN_POINT ( 'NONE',  ( -407.5369268556093516, 3.768189216954908272, -170.1935733750994757 ) ) ;
#4977 = DIRECTION ( 'NONE',  ( 0.000000000000000000, 0.000000000000000000, 1.000000000000000000 ) ) ;
#4978 = EDGE_CURVE ( 'NONE', #2251, #8884, #8837, .T. ) ;
#4979 = CARTESIAN_POINT ( 'NONE',  ( -265.0758246923423940, 4.972866850357450907, 19.34438404256385624 ) ) ;
#4980 = CARTESIAN_POINT ( 'NONE',  ( -304.8556549163545810, 7.000000000000000000, -165.2524320451089181 ) ) ;
#4981 = FACE_OUTER_BOUND ( 'NONE', #5575, .T. ) ;
#4982 = VECTOR ( 'NONE', #1391, 1000.000000000000000 ) ;
#4983 = DIRECTION ( 'NONE',  ( -1.000000000000000000, -0.000000000000000000, -0.000000000000000000 ) ) ;
#4984 = CARTESIAN_POINT ( 'NONE',  ( 0.000000000000000000, 8.000000000000000000, -165.2524320451089181 ) ) ;
#4985 = CARTESIAN_POINT ( 'NONE',  ( -428.7192465032959490, 5.206273164145593491, 19.23712735037162602 ) ) ;
#4986 = AXIS2_PLACEMENT_3D ( 'NONE', #739, #1579, #4415 ) ;
#4987 = FACE_OUTER_BOUND ( 'NONE', #3314, .T. ) ;
#4988 = CARTESIAN_POINT ( 'NONE',  ( -325.2930420790493713, 4.555586803579795507, 19.50118134527031089 ) ) ;
#4989 = CARTESIAN_POINT ( 'NONE',  ( -426.7017651815500017, 4.508727177064884017, 19.59378512594899036 ) ) ;
#4990 = CARTESIAN_POINT ( 'NONE',  ( -307.8316368210776091, 5.274488668813067882, 18.18564206969833208 ) ) ;
#4991 = DIRECTION ( 'NONE',  ( -2.921639538487254261E-16, 0.000000000000000000, 1.000000000000000000 ) ) ;
#4992 = EDGE_CURVE ( 'NONE', #3991, #3472, #7804, .T. ) ;
#4993 = CARTESIAN_POINT ( 'NONE',  ( -288.2240949084432486, 4.293400979081427593, 19.57871958445522154 ) ) ;
#4994 = ORIENTED_EDGE ( 'NONE', *, *, #5353, .T. ) ;
#4995 = CARTESIAN_POINT ( 'NONE',  ( -267.6071014256182821, 4.836586271791889047, -169.0782802632811581 ) ) ;
#4996 = VERTEX_POINT ( 'NONE', #5076 ) ;
#4997 = EDGE_LOOP ( 'NONE', ( #7557, #8866, #5839, #4355 ) ) ;
#4998 = FACE_BOUND ( 'NONE', #5190, .T. ) ;
#4999 = CARTESIAN_POINT ( 'NONE',  ( -345.8952274193842982, 5.214525108020450439, 18.25415316029410917 ) ) ;
#5000 = CARTESIAN_POINT ( 'NONE',  ( -328.8076187213023900, 5.561221672467600463, 19.04516059758640267 ) ) ;
#5001 = AXIS2_PLACEMENT_3D ( 'NONE', #6897, #1372, #6299 ) ;
#5002 = CARTESIAN_POINT ( 'NONE',  ( -326.9352240827998344, 4.500000000000002665, -169.2210590117058473 ) ) ;
#5003 = TOROIDAL_SURFACE ( 'NONE', #7667, 4.000000000000000000, 1.000000000000000000 ) ;
#5004 = CARTESIAN_POINT ( 'NONE',  ( -246.8556549163522789, 3.451435473065524118, -95.24560926906671909 ) ) ;
#5005 =( NAMED_UNIT ( * ) PLANE_ANGLE_UNIT ( ) SI_UNIT ( $, .RADIAN. ) );
#5006 = ORIENTED_EDGE ( 'NONE', *, *, #7730, .F. ) ;
#5007 = ADVANCED_FACE ( 'NONE', ( #6512, #7765 ), #2275, .T. ) ;
#5008 = VECTOR ( 'NONE', #3268, 1000.000000000000000 ) ;
#5009 = ORIENTED_EDGE ( 'NONE', *, *, #1554, .F. ) ;
#5010 = CARTESIAN_POINT ( 'NONE',  ( -250.8556549163562011, 6.099999999999999645, -169.1524320451088954 ) ) ;
#5011 = DIRECTION ( 'NONE',  ( 0.000000000000000000, 0.000000000000000000, 1.000000000000000000 ) ) ;
#5012 = CARTESIAN_POINT ( 'NONE',  ( -367.1328832646760816, 3.643135913638819723, -170.2110269203438122 ) ) ;
#5013 = DIRECTION ( 'NONE',  ( 0.000000000000000000, 0.000000000000000000, 1.000000000000000000 ) ) ;
#5014 = VERTEX_POINT ( 'NONE', #5819 ) ;
#5015 = CARTESIAN_POINT ( 'NONE',  ( -286.2511621445828496, 4.682572633563386155, -170.0158558051184343 ) ) ;
#5016 = CARTESIAN_POINT ( 'NONE',  ( -444.8556549163562295, 3.750000000000000000, -1.652432045108903180 ) ) ;
#5017 = CARTESIAN_POINT ( 'NONE',  ( -387.8459639745225331, 5.323809698952789660, -168.6353855492173466 ) ) ;
#5018 = ORIENTED_EDGE ( 'NONE', *, *, #3926, .F. ) ;
#5019 = CARTESIAN_POINT ( 'NONE',  ( -288.8556549163546379, 5.499999999999955591, 17.87006695409030854 ) ) ;
#5020 = EDGE_CURVE ( 'NONE', #929, #5765, #7112, .T. ) ;
#5021 = CARTESIAN_POINT ( 'NONE',  ( -406.8556549163546379, 4.500000000000000888, -169.2210590117058189 ) ) ;
#5022 = B_SPLINE_CURVE_WITH_KNOTS ( 'NONE', 3,
 ( #8195, #7414, #1826, #6674, #3094, #950, #4671, #5332, #6717, #5976, #8816, #6808, #5237, #8059, #8956, #2488 ),
 .UNSPECIFIED., .F., .F.,
 ( 4, 2, 2, 2, 2, 2, 2, 4 ),
 ( 0.000000000000000000, 0.0002351675953986707892, 0.0004703351907973415784, 0.0007055027861960123676, 0.0009406703815946831568, 0.001175837976993353946, 0.001411005572392024735, 0.001881340763189366314 ),
 .UNSPECIFIED. ) ;
#5023 = CARTESIAN_POINT ( 'NONE',  ( -325.8556549163545242, 3.000000000000000000, -165.2524320451089181 ) ) ;
#5024 = ADVANCED_FACE ( 'NONE', ( #3671 ), #5118, .T. ) ;
#5025 = CARTESIAN_POINT ( 'NONE',  ( -265.8221357381986536, 6.023604503296966506, 18.73187307252315037 ) ) ;
#5026 = DIRECTION ( 'NONE',  ( 0.000000000000000000, 0.000000000000000000, -1.000000000000000000 ) ) ;
#5027 = B_SPLINE_CURVE_WITH_KNOTS ( 'NONE', 3,
 ( #6528, #1462, #7127, #753, #5832, #3595, #2896, #5049, #5743, #8578, #7534, #3124, #321, #1166, #8944, #3214 ),
 .UNSPECIFIED., .F., .F.,
 ( 4, 2, 2, 2, 2, 2, 2, 4 ),
 ( 0.000000000000000000, 0.0004705481978799543334, 0.0007058222968199306599, 0.0009410963957599070406, 0.001176370494699883421, 0.001411644593639859585, 0.001646918692579835966, 0.001882192791519812346 ),
 .UNSPECIFIED. ) ;
#5028 = AXIS2_PLACEMENT_3D ( 'NONE', #6064, #2521, #3083 ) ;
#5029 = CARTESIAN_POINT ( 'NONE',  ( -266.8556549163546379, 5.500000000000000888, -1.247118358630493326E-13 ) ) ;
#5030 = AXIS2_PLACEMENT_3D ( 'NONE', #2887, #1183, #4773 ) ;
#5031 = DIRECTION ( 'NONE',  ( 0.000000000000000000, 0.000000000000000000, 1.000000000000000000 ) ) ;
#5032 = CARTESIAN_POINT ( 'NONE',  ( -251.8556549163562579, 0.000000000000000000, 19.74756795489107475 ) ) ;
#5033 = CARTESIAN_POINT ( 'NONE',  ( -326.9255752421618695, 4.500000000000000888, -169.2210590109625343 ) ) ;
#5034 = AXIS2_PLACEMENT_3D ( 'NONE', #5619, #1930, #4119 ) ;
#5035 = VECTOR ( 'NONE', #4788, 1000.000000000000000 ) ;
#5036 = CARTESIAN_POINT ( 'NONE',  ( -286.6960120101808229, 3.625000000000000444, -170.2132157533550867 ) ) ;
#5037 = CARTESIAN_POINT ( 'NONE',  ( -442.8556549163562295, 3.750000000000000000, -148.8524320451088556 ) ) ;
#5038 = DIRECTION ( 'NONE',  ( 0.000000000000000000, 0.000000000000000000, 1.000000000000000000 ) ) ;
#5039 = CARTESIAN_POINT ( 'NONE',  ( -308.6359764537195929, 4.974239720234079343, 19.34375946573915073 ) ) ;
#5040 = DIRECTION ( 'NONE',  ( -1.000000000000000000, 0.000000000000000000, 0.000000000000000000 ) ) ;
#5041 = B_SPLINE_CURVE_WITH_KNOTS ( 'NONE', 3,
 ( #1638, #3686, #142, #3030, #8706, #5829, #7863, #4379, #5132, #7214, #7956, #2890 ),
 .UNSPECIFIED., .F., .F.,
 ( 4, 2, 2, 2, 2, 4 ),
 ( 0.000000000000000000, 0.0004698356480513979621, 0.0009396712961027959242, 0.001174589120128495881, 0.001409506944154195621, 0.001879342592205448734 ),
 .UNSPECIFIED. ) ;
#5042 = CARTESIAN_POINT ( 'NONE',  ( -268.8076187213024468, 5.561221672467644872, 19.04516059758638136 ) ) ;
#5044 = ORIENTED_EDGE ( 'NONE', *, *, #8289, .F. ) ;
#5043 = EDGE_CURVE ( 'NONE', #2868, #3026, #3581, .T. ) ;
#5045 = CARTESIAN_POINT ( 'NONE',  ( -365.2916704473142318, 4.557655364776424634, -170.0053841917504371 ) ) ;
#5046 = ORIENTED_EDGE ( 'NONE', *, *, #6373, .F. ) ;
#5047 = CARTESIAN_POINT ( 'NONE',  ( -427.8556549163546379, 5.416358229831100601, 18.00400097647163733 ) ) ;
#5048 = AXIS2_PLACEMENT_3D ( 'NONE', #7767, #1401, #3357 ) ;
#5049 = CARTESIAN_POINT ( 'NONE',  ( -347.6071014256182821, 4.836586271791889047, -169.0782802632811581 ) ) ;
#5050 = FACE_OUTER_BOUND ( 'NONE', #8098, .T. ) ;
#5051 = DIRECTION ( 'NONE',  ( -1.000000000000000000, 0.000000000000000000, -1.278217298088173739E-16 ) ) ;
#5052 = DIRECTION ( 'NONE',  ( 0.000000000000000000, 1.000000000000000000, 0.000000000000000000 ) ) ;
#5053 = CARTESIAN_POINT ( 'NONE',  ( -248.7209954943447485, 1.941747021975675391, -95.24664049069994576 ) ) ;
#5054 = EDGE_LOOP ( 'NONE', ( #6342, #9196, #8855, #4291 ) ) ;
#5055 = APPLICATION_PROTOCOL_DEFINITION ( 'draft international standard', 'automotive_design', 1998, #6487 ) ;
#5056 = EDGE_LOOP ( 'NONE', ( #1657, #2397, #2955, #435 ) ) ;
#5057 = ORIENTED_EDGE ( 'NONE', *, *, #4140, .T. ) ;
#5058 = CARTESIAN_POINT ( 'NONE',  ( -248.8556549163561442, 1.500000000000085265, -55.25243204510888972 ) ) ;
#5059 = CARTESIAN_POINT ( 'NONE',  ( -406.3255170659738269, 4.640946051870844080, -169.1768963064188824 ) ) ;
#5060 = DIRECTION ( 'NONE',  ( 0.000000000000000000, -0.6249999999999859002, 0.7806247497998110019 ) ) ;
#5061 = EDGE_CURVE ( 'NONE', #6166, #7828, #966, .T. ) ;
#5062 = CARTESIAN_POINT ( 'NONE',  ( -441.8556549163562295, 10.00000000000000000, -170.2524320451088897 ) ) ;
#5063 = VERTEX_POINT ( 'NONE', #5726 ) ;
#5064 = CARTESIAN_POINT ( 'NONE',  ( -286.0736626820214497, 4.873062145400256284, -169.0547937578537301 ) ) ;
#5065 = DIRECTION ( 'NONE',  ( 0.000000000000000000, 0.000000000000000000, 1.000000000000000000 ) ) ;
#5066 = ORIENTED_EDGE ( 'NONE', *, *, #8920, .F. ) ;
#5067 = DIRECTION ( 'NONE',  ( -2.921639538487254261E-16, 0.000000000000000000, 1.000000000000000000 ) ) ;
#5068 = CARTESIAN_POINT ( 'NONE',  ( -406.9255752421617558, 4.500000000000000888, -169.2210590109625343 ) ) ;
#5069 = DIRECTION ( 'NONE',  ( -1.000000000000000000, -0.000000000000000000, -0.000000000000000000 ) ) ;
#5070 = DIRECTION ( 'NONE',  ( -0.000000000000000000, -1.000000000000000000, -0.000000000000000000 ) ) ;
#5071 = CARTESIAN_POINT ( 'NONE',  ( -265.8601021806587710, 5.389166282607561698, 18.03814980593135431 ) ) ;
#5072 = FACE_OUTER_BOUND ( 'NONE', #1412, .T. ) ;
#5073 = ADVANCED_FACE ( 'NONE', ( #7066 ), #6378, .T. ) ;
#5074 = CARTESIAN_POINT ( 'NONE',  ( -306.8556549163546379, 4.500000000000000888, 0.000000000000000000 ) ) ;
#5075 = DIRECTION ( 'NONE',  ( 0.000000000000000000, 0.000000000000000000, 1.000000000000000000 ) ) ;
#5076 = CARTESIAN_POINT ( 'NONE',  ( -442.8556549163562295, 3.750000000000000000, -70.85243204510886983 ) ) ;
#5077 = EDGE_CURVE ( 'NONE', #7771, #6067, #1490, .T. ) ;
#5078 = CARTESIAN_POINT ( 'NONE',  ( -328.6903340270924332, 5.117512316920580062, -169.7849026007241946 ) ) ;
#5079 = CARTESIAN_POINT ( 'NONE',  ( -428.8556549163546379, 5.499999999999960920, -168.3749310443081413 ) ) ;
#5080 = AXIS2_PLACEMENT_3D ( 'NONE', #905, #5843, #5195 ) ;
#5081 = CARTESIAN_POINT ( 'NONE',  ( -287.7659609333618960, 5.030307165849343676, 19.34439754652067833 ) ) ;
#5082 = CARTESIAN_POINT ( 'NONE',  ( -307.7458156832534542, 5.039695888600658868, 18.42452116067954648 ) ) ;
#5083 = EDGE_LOOP ( 'NONE', ( #1326, #6666, #7171 ) ) ;
#5084 = CARTESIAN_POINT ( 'NONE',  ( -445.8556549163562863, 3.750000000000000000, -151.3524320451088840 ) ) ;
#5085 = CARTESIAN_POINT ( 'NONE',  ( -444.8556549163562295, 3.750000000000000000, 5.997567954891120046 ) ) ;
#5086 = EDGE_LOOP ( 'NONE', ( #7929, #4330, #6801, #328 ) ) ;
#5087 = CARTESIAN_POINT ( 'NONE',  ( -365.7953792149623951, 3.977365129228491725, -170.1580123797437238 ) ) ;
#5088 = ORIENTED_EDGE ( 'NONE', *, *, #9168, .F. ) ;
#5089 = CARTESIAN_POINT ( 'NONE',  ( -427.4432341558166399, 4.687416699501564921, 18.65198200092678960 ) ) ;
#5090 =( BOUNDED_SURFACE ( )  B_SPLINE_SURFACE ( 3, 2, ( 
 ( #4708, #655, #5548 ),
 ( #9129, #7729, #5601 ),
 ( #8232, #1169, #4808 ),
 ( #6888, #9043, #612 ),
 ( #7632, #6292, #5458 ),
 ( #8427, #8282, #1862 ),
 ( #2008, #4105, #1265 ),
 ( #1914, #2059, #4010 ),
 ( #1363, #6938, #3497 ),
 ( #1319, #567, #7584 ),
 ( #6842, #3414, #4760 ),
 ( #4152, #6987, #1214 ),
 ( #467, #4909, #8947 ),
 ( #2564, #7538, #3311 ),
 ( #6149, #4057, #7901 ),
 ( #7950, #8659, #1538 ),
 ( #885, #4329, #9179 ),
 ( #1404, #4372, #6339 ) ),
 .UNSPECIFIED., .F., .F., .F. ) 
 B_SPLINE_SURFACE_WITH_KNOTS ( ( 4, 2, 2, 2, 2, 2, 2, 2, 4 ),
 ( 3, 3 ),
 ( 0.001323912745242674001, 0.001737514085360025587, 0.002151115425477377174, 0.002564716765594728977, 0.002978318105712080346, 0.003391919445829431716, 0.003805520785946783519, 0.004219122126064135322, 0.004632723466181486692 ),
 ( 0.000000000000000000, 1.000000000000000000 ),
 .UNSPECIFIED. ) 
 GEOMETRIC_REPRESENTATION_ITEM ( )  RATIONAL_B_SPLINE_SURFACE ( (
 ( 1.000000000000000000, 0.7500000000000004441, 1.000000000000000000),
 ( 1.000000000000000000, 0.7499939426364400363, 1.000000000000000000),
 ( 1.000000000000000000, 0.7509329894117531268, 1.000000000000000000),
 ( 1.000000000000000000, 0.7542720948107357604, 1.000000000000000000),
 ( 1.000000000000000000, 0.7567167381700169448, 1.000000000000000000),
 ( 1.000000000000000000, 0.7620345134622171779, 1.000000000000000000),
 ( 1.000000000000000000, 0.7649009816753449265, 1.000000000000000000),
 ( 1.000000000000000000, 0.7698131873219800081, 1.000000000000000000),
 ( 1.000000000000000000, 0.7718027581240406443, 1.000000000000000000),
 ( 1.000000000000000000, 0.7734778044122733176, 1.000000000000000000),
 ( 1.000000000000000000, 0.7731701811039010108, 1.000000000000000000),
 ( 1.000000000000000000, 0.7692320002426856762, 1.000000000000000000),
 ( 1.000000000000000000, 0.7656548337060511411, 1.000000000000000000),
 ( 1.000000000000000000, 0.7548043090978100444, 1.000000000000000000),
 ( 1.000000000000000000, 0.7474974637466318406, 1.000000000000000000),
 ( 1.000000000000000000, 0.7297066597614478844, 1.000000000000000000),
 ( 1.000000000000000000, 0.7191618347197723526, 1.000000000000000000),
 ( 1.000000000000000000, 0.7071067811865511255, 1.000000000000000000) ) ) 
 REPRESENTATION_ITEM ( '' )  SURFACE ( )  );
#5091 = EDGE_CURVE ( 'NONE', #4931, #7045, #8476, .T. ) ;
#5092 = DIRECTION ( 'NONE',  ( -2.921639538487254261E-16, 0.000000000000000000, 1.000000000000000000 ) ) ;
#5093 = DIRECTION ( 'NONE',  ( -2.921639538487254261E-16, 0.000000000000000000, 1.000000000000000000 ) ) ;
#5094 = CARTESIAN_POINT ( 'NONE',  ( -265.9453488993511883, 5.030307165849416506, -169.8492616367375661 ) ) ;
#5095 = DIRECTION ( 'NONE',  ( -1.000000000000000000, 0.000000000000000000, 0.000000000000000000 ) ) ;
#5096 = CARTESIAN_POINT ( 'NONE',  ( -407.8556549163546379, 7.000000000000000000, -165.2524320451089181 ) ) ;
#5097 = ORIENTED_EDGE ( 'NONE', *, *, #5077, .F. ) ;
#5098 = ORIENTED_EDGE ( 'NONE', *, *, #203, .T. ) ;
#5099 = ORIENTED_EDGE ( 'NONE', *, *, #7664, .F. ) ;
#5100 = CARTESIAN_POINT ( 'NONE',  ( -248.4269265521849377, 3.051978117953781044, -55.47782951989741917 ) ) ;
#5101 = CARTESIAN_POINT ( 'NONE',  ( -404.9036911114030204, 5.561221672468229293, -169.5500246878038411 ) ) ;
#5102 = CARTESIAN_POINT ( 'NONE',  ( -366.8556549163546379, 4.500000000000000888, -170.1029761153939717 ) ) ;
#5103 = LINE ( 'NONE', #3002, #5930 ) ;
#5104 = EDGE_LOOP ( 'NONE', ( #4778, #4074, #2996, #8769 ) ) ;
#5105 = CARTESIAN_POINT ( 'NONE',  ( -445.8556549163562863, 3.750000000000000000, 5.997567954891120046 ) ) ;
#5106 = CARTESIAN_POINT ( 'NONE',  ( -286.3887548692464406, 4.613001498401151146, 18.68153728725018325 ) ) ;
#5107 = CARTESIAN_POINT ( 'NONE',  ( -368.4853156518730657, 4.666530572644965069, -169.9684037520792401 ) ) ;
#5108 = ORIENTED_EDGE ( 'NONE', *, *, #3863, .F. ) ;
#5109 = ADVANCED_FACE ( 'NONE', ( #2411 ), #1628, .F. ) ;
#5110 = PLANE ( 'NONE',  #6757 ) ;
#5111 = ORIENTED_EDGE ( 'NONE', *, *, #1554, .T. ) ;
#5112 = CARTESIAN_POINT ( 'NONE',  ( -246.8556549163562011, 4.391276210000994773, -56.07047528619995092 ) ) ;
#5113 = CARTESIAN_POINT ( 'NONE',  ( -425.8556549163545242, 5.416358229831101490, -168.5088650666895091 ) ) ;
#5114 = CARTESIAN_POINT ( 'NONE',  ( -425.8221547833342697, 6.023662094633491115, -169.2366910493370540 ) ) ;
#5115 = CIRCLE ( 'NONE', #1087, 4.999999999999999112 ) ;
#5116 = DIRECTION ( 'NONE',  ( 1.000000000000000000, 0.000000000000000000, 2.921639538487137411E-16 ) ) ;
#5117 = DIRECTION ( 'NONE',  ( 1.000000000000000000, 0.000000000000000000, 2.921639538487254261E-16 ) ) ;
#5118 = PLANE ( 'NONE',  #4986 ) ;
#5119 = CARTESIAN_POINT ( 'NONE',  ( -328.8467603921963018, 5.847915706122385870, -169.3656593597661981 ) ) ;
#5120 = EDGE_CURVE ( 'NONE', #7771, #6273, #4531, .T. ) ;
#5121 = ADVANCED_FACE ( 'NONE', ( #7387 ), #8694, .F. ) ;
#5122 = CARTESIAN_POINT ( 'NONE',  ( -407.8121572413804756, 5.115861466909973565, -169.8060714696393916 ) ) ;
#5123 = CARTESIAN_POINT ( 'NONE',  ( -284.8843007671161445, 5.615024101080729579, -169.5252283557554449 ) ) ;
#5124 = CARTESIAN_POINT ( 'NONE',  ( -308.8556549163546379, 6.124999999999951150, -169.1555557941079542 ) ) ;
#5125 = CARTESIAN_POINT ( 'NONE',  ( -288.8556549163546379, 6.124999999999977796, 18.65069170389008946 ) ) ;
#5126 = AXIS2_PLACEMENT_3D ( 'NONE', #923, #4506, #3760 ) ;
#5127 = PLANE ( 'NONE',  #3825 ) ;
#5128 = ORIENTED_EDGE ( 'NONE', *, *, #5238, .F. ) ;
#5129 = CARTESIAN_POINT ( 'NONE',  ( -286.8556549163546379, 3.625000000000000000, -170.2132157533550298 ) ) ;
#5130 = CARTESIAN_POINT ( 'NONE',  ( -286.8556549163546379, 3.625000000000000444, 19.70835166313717934 ) ) ;
#5131 = ORIENTED_EDGE ( 'NONE', *, *, #5043, .F. ) ;
#5132 = CARTESIAN_POINT ( 'NONE',  ( -306.3332601840948541, 4.643806473694056081, -169.1747701886795596 ) ) ;
#5133 = VERTEX_POINT ( 'NONE', #5349 ) ;
#5134 = VECTOR ( 'NONE', #9195, 1000.000000000000000 ) ;
#5135 = DIRECTION ( 'NONE',  ( -2.921639538487254261E-16, 0.000000000000000000, 1.000000000000000000 ) ) ;
#5136 = VECTOR ( 'NONE', #2622, 1000.000000000000000 ) ;
#5137 = DIRECTION ( 'NONE',  ( 1.000000000000000000, 0.000000000000000000, 0.000000000000000000 ) ) ;
#5138 = DIRECTION ( 'NONE',  ( 0.000000000000000000, 0.000000000000000000, 1.000000000000000000 ) ) ;
#5139 = FACE_OUTER_BOUND ( 'NONE', #6058, .T. ) ;
#5140 = DIRECTION ( 'NONE',  ( -0.000000000000000000, -0.000000000000000000, -1.000000000000000000 ) ) ;
#5141 = CARTESIAN_POINT ( 'NONE',  ( -246.8556549163562579, 5.157844859771289592, -95.87719077846176674 ) ) ;
#5142 = ORIENTED_EDGE ( 'NONE', *, *, #3337, .T. ) ;
#5143 = VERTEX_POINT ( 'NONE', #8745 ) ;
#5144 =( BOUNDED_SURFACE ( )  B_SPLINE_SURFACE ( 3, 2, ( 
 ( #5552, #8380, #9133 ),
 ( #3550, #6391, #2012 ),
 ( #6990, #1409, #9 ),
 ( #615, #2845, #2758 ),
 ( #6892, #4244, #707 ),
 ( #1918, #519, #3365 ),
 ( #9046, #2667, #6474 ),
 ( #2196, #2290, #6609 ),
 ( #5045, #2242, #6524 ),
 ( #6427, #8664, #4432 ),
 ( #5087, #3636, #7162 ),
 ( #4335, #7269, #7123 ),
 ( #5737, #3729, #52 ),
 ( #1458, #3772, #2986 ) ),
 .UNSPECIFIED., .F., .F., .F. ) 
 B_SPLINE_SURFACE_WITH_KNOTS ( ( 4, 2, 2, 2, 2, 2, 4 ),
 ( 3, 3 ),
 ( 0.001015998582458484817, 0.001428449273945002788, 0.001840899965431520759, 0.002253350656918038514, 0.002665801348404556702, 0.003490702731377592644, 0.004315604114350628587 ),
 ( 0.000000000000000000, 1.000000000000000000 ),
 .UNSPECIFIED. ) 
 GEOMETRIC_REPRESENTATION_ITEM ( )  RATIONAL_B_SPLINE_SURFACE ( (
 ( 1.000000000000000000, 0.7071067811865496822, 1.000000000000000000),
 ( 1.000000000000000000, 0.7191539465610808923, 1.000000000000000000),
 ( 1.000000000000000000, 0.7296663882569656145, 1.000000000000000000),
 ( 1.000000000000000000, 0.7474372416586263501, 1.000000000000000000),
 ( 1.000000000000000000, 0.7547518899045291274, 1.000000000000000000),
 ( 1.000000000000000000, 0.7656299723733375195, 1.000000000000000000),
 ( 1.000000000000000000, 0.7691951883259209310, 1.000000000000000000),
 ( 1.000000000000000000, 0.7731396847002443007, 1.000000000000000000),
 ( 1.000000000000000000, 0.7734820014419292455, 1.000000000000000000),
 ( 1.000000000000000000, 0.7709873420218726903, 1.000000000000000000),
 ( 1.000000000000000000, 0.7646994115819295557, 1.000000000000000000),
 ( 1.000000000000000000, 0.7540697026773163225, 1.000000000000000000),
 ( 1.000000000000000000, 0.7498104614818406066, 1.000000000000000000),
 ( 1.000000000000000000, 0.7500000000000004441, 1.000000000000000000) ) ) 
 REPRESENTATION_ITEM ( '' )  SURFACE ( )  );
#5145 = ORIENTED_EDGE ( 'NONE', *, *, #8326, .F. ) ;
#5146 = TOROIDAL_SURFACE ( 'NONE', #8408, 4.000000000000000000, 1.000000000000000000 ) ;
#5147 = AXIS2_PLACEMENT_3D ( 'NONE', #6748, #1912, #4104 ) ;
#5148 = LINE ( 'NONE', #8104, #760 ) ;
#5149 = CARTESIAN_POINT ( 'NONE',  ( -306.7760857499094982, 4.500000000000000888, 18.71619492148795771 ) ) ;
#5150 = ORIENTED_EDGE ( 'NONE', *, *, #6565, .F. ) ;
#5151 = DIRECTION ( 'NONE',  ( -1.000000000000000000, 0.000000000000000000, 0.000000000000000000 ) ) ;
#5152 = CARTESIAN_POINT ( 'NONE',  ( -436.8556549163562295, 8.000000000000000000, -165.2524320451089181 ) ) ;
#5153 = DIRECTION ( 'NONE',  ( -0.000000000000000000, 1.000000000000000000, -0.000000000000000000 ) ) ;
#5154 = B_SPLINE_CURVE_WITH_KNOTS ( 'NONE', 3,
 ( #1349, #495, #6920, #1943, #9022, #2040, #5487, #7517, #8314, #7715, #6778, #1243, #1150, #4087, #4742, #2173 ),
 .UNSPECIFIED., .F., .F.,
 ( 4, 2, 2, 2, 2, 2, 2, 4 ),
 ( 5.632511157154733508E-17, 0.0004712969428269500388, 0.0009425938856538438075, 0.001413890828480737468, 0.001885187771307631236, 0.002356484714134524788, 0.002827781656961418557, 0.003770375542615203492 ),
 .UNSPECIFIED. ) ;
#5155 = ORIENTED_EDGE ( 'NONE', *, *, #2881, .T. ) ;
#5156 = EDGE_CURVE ( 'NONE', #3315, #6488, #1017, .T. ) ;
#5157 = ORIENTED_EDGE ( 'NONE', *, *, #6577, .T. ) ;
#5158 = CARTESIAN_POINT ( 'NONE',  ( -444.8556549163562295, 3.750000000000000000, -155.1524320451088954 ) ) ;
#5159 = CARTESIAN_POINT ( 'NONE',  ( -367.8556549163546379, 6.124999999999984013, 18.65069170389007525 ) ) ;
#5160 = CARTESIAN_POINT ( 'NONE',  ( -266.8556549163546379, 4.500000000000000888, 18.71619492148796127 ) ) ;
#5161 = ORIENTED_EDGE ( 'NONE', *, *, #5020, .T. ) ;
#5162 = CARTESIAN_POINT ( 'NONE',  ( -444.8556549163562295, 0.000000000000000000, 156.0000000000000000 ) ) ;
#5163 = CARTESIAN_POINT ( 'NONE',  ( -326.1048201077166482, 4.835820077882202028, -169.0787849794648139 ) ) ;
#5164 = CIRCLE ( 'NONE', #6050, 4.000000000000000000 ) ;
#5165 = CARTESIAN_POINT ( 'NONE',  ( -427.8556549163546379, 5.445482461464623114, 17.95736487927647573 ) ) ;
#5166 = AXIS2_PLACEMENT_3D ( 'NONE', #5723, #4321, #7149 ) ;
#5167 = CARTESIAN_POINT ( 'NONE',  ( 0.000000000000000000, 8.000000000000000000, -165.2524320451089181 ) ) ;
#5168 = CIRCLE ( 'NONE', #7091, 1.150000000000012124 ) ;
#5169 = EDGE_CURVE ( 'NONE', #2781, #483, #4464, .T. ) ;
#5170 = AXIS2_PLACEMENT_3D ( 'NONE', #1677, #4513, #789 ) ;
#5171 = CARTESIAN_POINT ( 'NONE',  ( -407.8556549163546379, 5.445450499394114630, -168.4622801552191902 ) ) ;
#5172 = DIRECTION ( 'NONE',  ( 1.000000000000000000, 0.000000000000000000, 0.000000000000000000 ) ) ;
#5173 = DIRECTION ( 'NONE',  ( -2.921639538487254261E-16, 0.000000000000000000, 1.000000000000000000 ) ) ;
#5174 = CARTESIAN_POINT ( 'NONE',  ( -287.8839715321789754, 5.302404540044409309, 19.20125495518891512 ) ) ;
#5175 = ADVANCED_FACE ( 'NONE', ( #8885 ), #2284, .F. ) ;
#5176 = DIRECTION ( 'NONE',  ( 0.000000000000000000, 0.000000000000000000, 1.000000000000000000 ) ) ;
#5177 = VERTEX_POINT ( 'NONE', #8932 ) ;
#5178 = DIRECTION ( 'NONE',  ( 0.000000000000000000, 0.000000000000000000, -1.000000000000000000 ) ) ;
#5179 = CARTESIAN_POINT ( 'NONE',  ( -288.3194221116167455, 4.413458803463287339, 19.54549775887515040 ) ) ;
#5180 = CARTESIAN_POINT ( 'NONE',  ( -266.8556549163545810, 4.500000000000000888, -169.2210590117058189 ) ) ;
#5181 = VERTEX_POINT ( 'NONE', #7611 ) ;
#5182 = CIRCLE ( 'NONE', #861, 2.000000000000001776 ) ;
#5183 = DIRECTION ( 'NONE',  ( 0.000000000000000000, 0.000000000000000000, -1.000000000000000000 ) ) ;
#5184 = DIRECTION ( 'NONE',  ( 0.000000000000000000, 0.000000000000000000, 1.000000000000000000 ) ) ;
#5185 = DIRECTION ( 'NONE',  ( 2.921639538487254261E-16, -0.000000000000000000, -1.000000000000000000 ) ) ;
#5186 = CARTESIAN_POINT ( 'NONE',  ( -264.9345099126422269, 5.412504818266355322, -169.6350144964297044 ) ) ;
#5187 = DIRECTION ( 'NONE',  ( -1.000000000000000000, 0.000000000000000000, 0.000000000000000000 ) ) ;
#5188 = ADVANCED_FACE ( 'NONE', ( #2547 ), #3294, .F. ) ;
#5189 = CARTESIAN_POINT ( 'NONE',  ( -248.3854788781457330, 3.263415311768419702, -94.92591587372797335 ) ) ;
#5190 = EDGE_LOOP ( 'NONE', ( #1278, #7915 ) ) ;
#5191 = ORIENTED_EDGE ( 'NONE', *, *, #4049, .T. ) ;
#5192 = EDGE_CURVE ( 'NONE', #2106, #5327, #7259, .T. ) ;
#5193 = ORIENTED_EDGE ( 'NONE', *, *, #5207, .T. ) ;
#5194 = CARTESIAN_POINT ( 'NONE',  ( -405.9381539265641550, 5.097364476298504421, -168.8780778088432726 ) ) ;
#5195 = DIRECTION ( 'NONE',  ( 0.000000000000000000, 0.000000000000000000, 1.000000000000000000 ) ) ;
#5196 = FACE_OUTER_BOUND ( 'NONE', #2331, .T. ) ;
#5197 = EDGE_LOOP ( 'NONE', ( #8766, #2256, #3322, #6406 ) ) ;
#5198 = DIRECTION ( 'NONE',  ( -1.000000000000000000, 0.000000000000000000, 0.000000000000000000 ) ) ;
#5199 = CARTESIAN_POINT ( 'NONE',  ( -285.0758246923423940, 4.972866850357532620, 19.34438404256382071 ) ) ;
#5200 = CARTESIAN_POINT ( 'NONE',  ( -365.8653422389340903, 5.324007913114982671, -168.6350940073689344 ) ) ;
#5201 = EDGE_LOOP ( 'NONE', ( #8781, #5228, #252, #2725 ) ) ;
#5202 = CARTESIAN_POINT ( 'NONE',  ( -248.8556549163562579, 1.500000000000048184, -97.25243204510888972 ) ) ;
#5203 = VERTEX_POINT ( 'NONE', #5532 ) ;
#5204 = DIRECTION ( 'NONE',  ( 0.000000000000000000, 0.000000000000000000, -1.000000000000000000 ) ) ;
#5205 = CARTESIAN_POINT ( 'NONE',  ( -325.3921034302339308, 4.413286528475443227, 19.54551902581030021 ) ) ;
#5206 = CARTESIAN_POINT ( 'NONE',  ( -347.6181761947163409, 3.806447783934348017, 19.68281947754103811 ) ) ;
#5207 = EDGE_CURVE ( 'NONE', #944, #7213, #7492, .T. ) ;
#5208 = DIRECTION ( 'NONE',  ( 0.000000000000000000, -1.000000000000000000, 0.000000000000000000 ) ) ;
#5209 = DIRECTION ( 'NONE',  ( 0.000000000000000000, -0.000000000000000000, 1.000000000000000000 ) ) ;
#5210 = CARTESIAN_POINT ( 'NONE',  ( -427.9123179345494350, 5.919283266445178882, 18.80952628309081476 ) ) ;
#5211 = CARTESIAN_POINT ( 'NONE',  ( -346.9255752421616421, 4.500000000000000888, -169.2210590109625343 ) ) ;
#5212 = FACE_OUTER_BOUND ( 'NONE', #1814, .T. ) ;
#5213 = FACE_OUTER_BOUND ( 'NONE', #6891, .T. ) ;
#5214 = CARTESIAN_POINT ( 'NONE',  ( -288.8076187213023900, 5.561221672467430821, 19.04516059758651281 ) ) ;
#5215 = CARTESIAN_POINT ( 'NONE',  ( -327.8556549163545810, 5.500000000000000888, -168.3749310443081413 ) ) ;
#5216 = ORIENTED_EDGE ( 'NONE', *, *, #372, .F. ) ;
#5217 = PLANE ( 'NONE',  #5170 ) ;
#5218 = CARTESIAN_POINT ( 'NONE',  ( -306.1089121559483033, 4.799337897232283545, -169.9625529789191489 ) ) ;
#5219 = ORIENTED_EDGE ( 'NONE', *, *, #3690, .T. ) ;
#5220 = ADVANCED_FACE ( 'NONE', ( #6869 ), #3252, .T. ) ;
#5221 = DIRECTION ( 'NONE',  ( 0.000000000000000000, 0.000000000000000000, 1.000000000000000000 ) ) ;
#5222 = EDGE_CURVE ( 'NONE', #9047, #7447, #2456, .T. ) ;
#5223 = CARTESIAN_POINT ( 'NONE',  ( -386.3291516371583612, 4.647039145978594021, 18.66881868764272312 ) ) ;
#5224 = DIRECTION ( 'NONE',  ( 0.000000000000000000, 0.000000000000000000, -1.000000000000000000 ) ) ;
#5225 = CARTESIAN_POINT ( 'NONE',  ( -286.8556549163546379, 4.500000000000000888, 18.71619492148795771 ) ) ;
#5226 = CARTESIAN_POINT ( 'NONE',  ( -328.8556549163545810, 6.124999999999944933, 18.65069170389011077 ) ) ;
#5227 = CARTESIAN_POINT ( 'NONE',  ( -387.4601476881344411, 4.682572633565381004, 19.51099171490390205 ) ) ;
#5228 = ORIENTED_EDGE ( 'NONE', *, *, #1062, .F. ) ;
#5229 = EDGE_LOOP ( 'NONE', ( #8872, #4134, #7324, #1557 ) ) ;
#5230 = ORIENTED_EDGE ( 'NONE', *, *, #1359, .F. ) ;
#5231 = EDGE_CURVE ( 'NONE', #343, #5531, #1112, .T. ) ;
#5232 = EDGE_CURVE ( 'NONE', #7133, #6273, #5154, .T. ) ;
#5233 = CARTESIAN_POINT ( 'NONE',  ( -405.2916704473142318, 4.557655364776424634, -170.0053841917504371 ) ) ;
#5234 = CARTESIAN_POINT ( 'NONE',  ( -406.1042084070909937, 4.836586271791881941, 18.57341617306330406 ) ) ;
#5235 = PLANE ( 'NONE',  #5080 ) ;
#5236 = DIRECTION ( 'NONE',  ( 1.000000000000000000, 0.000000000000000000, 0.000000000000000000 ) ) ;
#5237 = CARTESIAN_POINT ( 'NONE',  ( -365.9109257861002789, 5.167696473586342876, 18.30361823599983495 ) ) ;
#5238 = EDGE_CURVE ( 'NONE', #5265, #3830, #2312, .T. ) ;
#5239 = ORIENTED_EDGE ( 'NONE', *, *, #273, .T. ) ;
#5240 = CARTESIAN_POINT ( 'NONE',  ( -385.8285758049789820, 3.971882637441350283, -170.1577872574326591 ) ) ;
#5241 = DIRECTION ( 'NONE',  ( 0.000000000000000000, 0.6249999999999882316, 0.7806247497998093365 ) ) ;
#5242 = CARTESIAN_POINT ( 'NONE',  ( -425.8285758049791525, 3.971882637441350283, -170.1577872574326591 ) ) ;
#5243 = ORIENTED_EDGE ( 'NONE', *, *, #393, .F. ) ;
#5244 = DIRECTION ( 'NONE',  ( 0.000000000000000000, 0.000000000000000000, 1.000000000000000000 ) ) ;
#5245 = ORIENTED_EDGE ( 'NONE', *, *, #3228, .F. ) ;
#5246 = AXIS2_PLACEMENT_3D ( 'NONE', #3350, #7064, #6976 ) ;
#5247 = CARTESIAN_POINT ( 'NONE',  ( -246.8556549163562295, 4.048981419575552465, -55.65785584700361710 ) ) ;
#5248 = AXIS2_PLACEMENT_3D ( 'NONE', #8045, #3167, #6572 ) ;
#5249 = CARTESIAN_POINT ( 'NONE',  ( -325.2259941808362669, 4.666530572644968622, 19.46353966186141449 ) ) ;
#5250 = CARTESIAN_POINT ( 'NONE',  ( -348.8556549163546379, 5.877655079465405663, 18.84872613128140983 ) ) ;
#5251 = ORIENTED_EDGE ( 'NONE', *, *, #1670, .T. ) ;
#5252 = CARTESIAN_POINT ( 'NONE',  ( -367.3782660746425108, 4.643937170568207762, -169.1747185638574820 ) ) ;
#5253 = CARTESIAN_POINT ( 'NONE',  ( -427.6071014256184526, 4.836586271791889047, -169.0782802632811581 ) ) ;
#5254 = CARTESIAN_POINT ( 'NONE',  ( -348.5565095793086812, 4.800895434974115084, -169.9191317973535433 ) ) ;
#5255 = EDGE_CURVE ( 'NONE', #4922, #944, #4223, .T. ) ;
#5256 = VECTOR ( 'NONE', #9141, 1000.000000000000000 ) ;
#5257 = CARTESIAN_POINT ( 'NONE',  ( -346.5397320836705717, 4.538726258075907793, -169.2130925028101842 ) ) ;
#5258 = DIRECTION ( 'NONE',  ( 0.000000000000000000, 0.000000000000000000, 1.000000000000000000 ) ) ;
#5259 = CARTESIAN_POINT ( 'NONE',  ( -425.8556549163546379, 5.499999999999988454, 17.87006695409027301 ) ) ;
#5260 = DIRECTION ( 'NONE',  ( -1.000000000000000000, 0.000000000000000000, 0.000000000000000000 ) ) ;
#5261 = CARTESIAN_POINT ( 'NONE',  ( -407.9159306177390931, 3.977365129224733398, 19.65314828952653770 ) ) ;
#5262 = CARTESIAN_POINT ( 'NONE',  ( -250.8556549163562011, 6.099999999999999645, 20.74756795489111028 ) ) ;
#5263 = AXIS2_PLACEMENT_3D ( 'NONE', #457, #8129, #5396 ) ;
#5264 = CARTESIAN_POINT ( 'NONE',  ( -304.8645148557371840, 5.848454817158821761, -169.3652734148521404 ) ) ;
#5265 = VERTEX_POINT ( 'NONE', #2127 ) ;
#5266 = ADVANCED_FACE ( 'NONE', ( #8503 ), #2782, .T. ) ;
#5267 = CIRCLE ( 'NONE', #3784, 4.000000000000003553 ) ;
#5268 = CARTESIAN_POINT ( 'NONE',  ( -408.7191130411809468, 5.205896708463899181, -169.7421645164064046 ) ) ;
#5269 = EDGE_CURVE ( 'NONE', #1888, #1259, #6465, .T. ) ;
#5270 = CARTESIAN_POINT ( 'NONE',  ( -406.1178533641422064, 4.807602833727296243, 19.45241613551849724 ) ) ;
#5271 = AXIS2_PLACEMENT_3D ( 'NONE', #1100, #6231, #7615 ) ;
#5272 = CYLINDRICAL_SURFACE ( 'NONE', #5248, 1.150000000000012124 ) ;
#5273 = CARTESIAN_POINT ( 'NONE',  ( -424.8556549163546379, 7.000000000000000000, 14.74756795489105521 ) ) ;
#5274 = AXIS2_PLACEMENT_3D ( 'NONE', #41, #7895, #8653 ) ;
#5275 = DIRECTION ( 'NONE',  ( -0.000000000000000000, -1.000000000000000000, -0.000000000000000000 ) ) ;
#5276 = ORIENTED_EDGE ( 'NONE', *, *, #1272, .F. ) ;
#5277 = ORIENTED_EDGE ( 'NONE', *, *, #3926, .T. ) ;
#5278 = CIRCLE ( 'NONE', #3932, 1.000000000000000888 ) ;
#5279 = B_SPLINE_CURVE_WITH_KNOTS ( 'NONE', 3,
 ( #3076, #5047, #845, #54, #4476, #4435, #893, #5089, #7909, #3689, #3774, #7311 ),
 .UNSPECIFIED., .F., .F.,
 ( 4, 2, 2, 2, 2, 4 ),
 ( 0.000000000000000000, 0.0004698356480513682550, 0.0009396712961027365099, 0.001174589120128379004, 0.001409506944154021281, 0.001879342592205451336 ),
 .UNSPECIFIED. ) ;
#5280 = ORIENTED_EDGE ( 'NONE', *, *, #3575, .F. ) ;
#5281 = DIRECTION ( 'NONE',  ( -0.000000000000000000, -0.000000000000000000, 1.000000000000000000 ) ) ;
#5282 = CARTESIAN_POINT ( 'NONE',  ( -304.9921967915282153, 5.205896708463898293, 19.23730042618853986 ) ) ;
#5283 = CARTESIAN_POINT ( 'NONE',  ( -304.8556549163546379, 3.000000000000000000, 14.74756795489107120 ) ) ;
#5284 = CARTESIAN_POINT ( 'NONE',  ( -308.2359510929709927, 4.308023494658913322, -170.0800365345099578 ) ) ;
#5285 = DIRECTION ( 'NONE',  ( 0.000000000000000000, 0.000000000000000000, 1.000000000000000000 ) ) ;
#5286 = ORIENTED_EDGE ( 'NONE', *, *, #2124, .T. ) ;
#5287 = DIRECTION ( 'NONE',  ( 0.000000000000000000, 0.000000000000000000, -1.000000000000000000 ) ) ;
#5288 = ADVANCED_FACE ( 'NONE', ( #5766 ), #5110, .T. ) ;
#5289 = DIRECTION ( 'NONE',  ( 1.000000000000000000, 0.000000000000000000, 2.921639538487137411E-16 ) ) ;
#5290 = DIRECTION ( 'NONE',  ( 0.000000000000000000, -1.000000000000000000, 0.000000000000000000 ) ) ;
#5291 = ORIENTED_EDGE ( 'NONE', *, *, #1285, .T. ) ;
#5292 = ORIENTED_EDGE ( 'NONE', *, *, #2163, .T. ) ;
#5293 = CARTESIAN_POINT ( 'NONE',  ( -246.8556549163562295, 6.152271240577942280, -56.67830191034133946 ) ) ;
#5294 = CARTESIAN_POINT ( 'NONE',  ( -345.0753333789934345, 4.974239720232511708, -169.8486235559576585 ) ) ;
#5295 = CARTESIAN_POINT ( 'NONE',  ( -426.8556549163545810, 4.500000000000000888, -169.2210590117058189 ) ) ;
#5296 = ORIENTED_EDGE ( 'NONE', *, *, #8455, .F. ) ;
#5297 = CARTESIAN_POINT ( 'NONE',  ( -367.2406072713885123, 4.573837122825717749, -169.2002916657260130 ) ) ;
#5298 = EDGE_CURVE ( 'NONE', #4577, #1510, #1389, .T. ) ;
#5299 = DIRECTION ( 'NONE',  ( 6.770840397031243387E-16, 0.7806247497998088924, -0.6249999999999886757 ) ) ;
#5300 = ORIENTED_EDGE ( 'NONE', *, *, #902, .T. ) ;
#5301 = CIRCLE ( 'NONE', #1287, 5.000000000000004441 ) ;
#5302 = CARTESIAN_POINT ( 'NONE',  ( -427.9345859628257926, 5.710848127064619639, 18.95411819148984733 ) ) ;
#5303 = CARTESIAN_POINT ( 'NONE',  ( -347.3821581955502324, 4.647039145978149044, -169.1736827778622967 ) ) ;
#5304 = VECTOR ( 'NONE', #3959, 1000.000000000000000 ) ;
#5305 = ADVANCED_FACE ( 'NONE', ( #2913 ), #1524, .T. ) ;
#5306 = CARTESIAN_POINT ( 'NONE',  ( -384.9036911114030204, 5.561221672468229293, -169.5500246878038411 ) ) ;
#5307 = CARTESIAN_POINT ( 'NONE',  ( -366.8556549163546379, 3.500000000000000444, 18.71619492148794706 ) ) ;
#5308 = CARTESIAN_POINT ( 'NONE',  ( -287.1309806014496644, 3.625000010541184370, 19.70835166180911813 ) ) ;
#5309 = CIRCLE ( 'NONE', #1140, 1.000000000000000888 ) ;
#5310 = CARTESIAN_POINT ( 'NONE',  ( -284.8556549163545810, 8.000000000000000000, -165.2524320451089181 ) ) ;
#5311 = CARTESIAN_POINT ( 'NONE',  ( -407.7458156832533973, 5.039695888600658868, 18.42452116067929069 ) ) ;
#5312 = CARTESIAN_POINT ( 'NONE',  ( -347.8556549163546379, 5.445482461464627555, 17.95736487927647929 ) ) ;
#5313 = AXIS2_PLACEMENT_3D ( 'NONE', #2380, #5875, #1594 ) ;
#5314 = CARTESIAN_POINT ( 'NONE',  ( -304.8556549104655460, 5.988703185082902003, -169.2646805808188617 ) ) ;
#5315 = ORIENTED_EDGE ( 'NONE', *, *, #5701, .F. ) ;
#5316 = AXIS2_PLACEMENT_3D ( 'NONE', #9005, #1131, #6854 ) ;
#5317 = CARTESIAN_POINT ( 'NONE',  ( -408.2240811334460773, 4.293272472136263396, -170.0836341850529436 ) ) ;
#5318 = CARTESIAN_POINT ( 'NONE',  ( -405.7771935235824685, 5.603816879089128733, 19.02313073663713183 ) ) ;
#5319 = CARTESIAN_POINT ( 'NONE',  ( -445.8556549163562863, 7.000000000000000000, -146.2524320451088897 ) ) ;
#5320 = EDGE_CURVE ( 'NONE', #5014, #4059, #3052, .T. ) ;
#5321 = CIRCLE ( 'NONE', #1126, 1.150000000000017231 ) ;
#5322 = TOROIDAL_SURFACE ( 'NONE', #7531, 4.000000000000000000, 1.000000000000000000 ) ;
#5323 = DIRECTION ( 'NONE',  ( 0.000000000000000000, 0.000000000000000000, 1.000000000000000000 ) ) ;
#5324 = AXIS2_PLACEMENT_3D ( 'NONE', #6776, #6041, #8883 ) ;
#5325 = CARTESIAN_POINT ( 'NONE',  ( -387.6376471506903840, 4.873062145403068257, 18.54992966763537154 ) ) ;
#5326 = VERTEX_POINT ( 'NONE', #684 ) ;
#5327 = VERTEX_POINT ( 'NONE', #6321 ) ;
#5328 = EDGE_LOOP ( 'NONE', ( #842, #2013 ) ) ;
#5329 = CARTESIAN_POINT ( 'NONE',  ( -305.7066728493494452, 4.071125995611704518, 19.63282709906238921 ) ) ;
#5330 = DIRECTION ( 'NONE',  ( 0.000000000000000000, 1.000000000000000000, 0.000000000000000000 ) ) ;
#5331 = CARTESIAN_POINT ( 'NONE',  ( -307.7894550112946490, 3.907503744616715124, -170.1698937144555259 ) ) ;
#5332 = CARTESIAN_POINT ( 'NONE',  ( -366.1534622811191753, 4.784051302019450169, 18.60362175716053557 ) ) ;
#5333 = EDGE_LOOP ( 'NONE', ( #165, #8042, #8196, #201 ) ) ;
#5334 = CARTESIAN_POINT ( 'NONE',  ( -442.8556549163562295, 0.000000000000000000, 78.00000000000000000 ) ) ;
#5335 = CARTESIAN_POINT ( 'NONE',  ( -324.8556549163545242, 6.124999999999951150, -169.1555557941079542 ) ) ;
#5336 = CARTESIAN_POINT ( 'NONE',  ( -365.9258535707913893, 5.116383170996373408, -168.8654494467709242 ) ) ;
#5337 = VERTEX_POINT ( 'NONE', #3526 ) ;
#5338 = EDGE_CURVE ( 'NONE', #7735, #3914, #6369, .T. ) ;
#5339 = ORIENTED_EDGE ( 'NONE', *, *, #7271, .F. ) ;
#5340 = CARTESIAN_POINT ( 'NONE',  ( -388.3194221116168592, 4.413458803463288227, 19.54549775887513974 ) ) ;
#5341 = EDGE_CURVE ( 'NONE', #7884, #4542, #820, .T. ) ;
#5342 = CARTESIAN_POINT ( 'NONE',  ( -345.8950824154304087, 5.215001926881828176, -168.7584980031488442 ) ) ;
#5343 = DIRECTION ( 'NONE',  ( 0.000000000000000000, 0.000000000000000000, 1.000000000000000000 ) ) ;
#5344 = AXIS2_PLACEMENT_3D ( 'NONE', #1957, #4804, #6984 ) ;
#5345 = CARTESIAN_POINT ( 'NONE',  ( -427.7894550112946490, 3.907503744616715124, -170.1698937144555259 ) ) ;
#5346 = DIRECTION ( 'NONE',  ( 0.000000000000000000, 1.000000000000000000, 0.000000000000000000 ) ) ;
#5347 = DIRECTION ( 'NONE',  ( 0.000000000000000000, 0.6249999999999882316, 0.7806247497998093365 ) ) ;
#5348 = VERTEX_POINT ( 'NONE', #730 ) ;
#5349 = CARTESIAN_POINT ( 'NONE',  ( -441.8556549163562295, 0.000000000000000000, -165.2524320451089181 ) ) ;
#5350 = CARTESIAN_POINT ( 'NONE',  ( -348.8556549163546379, 6.124999999999951150, -169.1555557941079542 ) ) ;
#5351 = CARTESIAN_POINT ( 'NONE',  ( -366.3084438545032526, 3.714219789345781564, 19.69642408864809724 ) ) ;
#5352 = B_SPLINE_CURVE_WITH_KNOTS ( 'NONE', 3,
 ( #2271, #1622, #7383, #4410, #823, #3666, #5249, #5205, #6506, #3056, #7250, #301, #8027, #1011, #209, #8783 ),
 .UNSPECIFIED., .F., .F.,
 ( 4, 2, 2, 2, 2, 2, 2, 4 ),
 ( 0.000000000000000000, 0.0009498534235542425291, 0.001424780135331366396, 0.001899706847108490046, 0.002374633558885613695, 0.002849560270662737562, 0.003324486982439861429, 0.003799413694216985295 ),
 .UNSPECIFIED. ) ;
#5353 = EDGE_CURVE ( 'NONE', #581, #8446, #3573, .T. ) ;
#5354 = CARTESIAN_POINT ( 'NONE',  ( -346.2680756768925221, 4.687416699501572914, -169.1568460911446152 ) ) ;
#5355 = CARTESIAN_POINT ( 'NONE',  ( -266.8556549163546379, 3.625000000000000444, 19.70835166313718290 ) ) ;
#5356 = CARTESIAN_POINT ( 'NONE',  ( -307.1309806014495507, 3.625000010541184370, 19.70835166180911457 ) ) ;
#5357 = CARTESIAN_POINT ( 'NONE',  ( -407.8839715321827839, 5.302404540044626913, 19.20125495518886183 ) ) ;
#5358 = CARTESIAN_POINT ( 'NONE',  ( -347.7458156832533973, 5.039695888600659757, 18.42452116067929779 ) ) ;
#5359 = DIRECTION ( 'NONE',  ( -1.000000000000000000, 0.000000000000000000, -0.000000000000000000 ) ) ;
#5360 = ORIENTED_EDGE ( 'NONE', *, *, #9218, .F. ) ;
#5361 = B_SPLINE_CURVE_WITH_KNOTS ( 'NONE', 3,
 ( #7254, #6413, #38, #7110, #8508, #875, #3715, #2228, #7850, #1488, #5857, #737, #3579, #1626, #6553, #3756 ),
 .UNSPECIFIED., .F., .F.,
 ( 4, 2, 2, 2, 2, 2, 2, 4 ),
 ( 0.000000000000000000, 0.0009498534235542482754, 0.001424780135331372467, 0.001899706847108496551, 0.002374633558885620634, 0.002849560270662744935, 0.003324486982439868801, 0.003799413694216993102 ),
 .UNSPECIFIED. ) ;
#5362 = LINE ( 'NONE', #4007, #3805 ) ;
#5363 = CARTESIAN_POINT ( 'NONE',  ( -404.9347999200161325, 5.411312770688230245, 19.13079946506087126 ) ) ;
#5364 = CARTESIAN_POINT ( 'NONE',  ( -266.5778326856142826, 4.529518349318704118, -169.2147865307304357 ) ) ;
#5365 = CARTESIAN_POINT ( 'NONE',  ( -445.8556549163562863, 3.750000000000000000, -1.852432045108863834 ) ) ;
#5366 = FACE_OUTER_BOUND ( 'NONE', #5430, .T. ) ;
#5367 = VERTEX_POINT ( 'NONE', #7144 ) ;
#5368 = EDGE_LOOP ( 'NONE', ( #420, #1432 ) ) ;
#5369 = ORIENTED_EDGE ( 'NONE', *, *, #6288, .T. ) ;
#5370 = ADVANCED_FACE ( 'NONE', ( #9207 ), #3661, .F. ) ;
#5371 = CARTESIAN_POINT ( 'NONE',  ( -428.5565095793086243, 4.800895434974115084, -169.9191317973535433 ) ) ;
#5372 = CARTESIAN_POINT ( 'NONE',  ( -346.7158142648374906, 3.625000007438456517, 19.70835166220001611 ) ) ;
#5373 = CARTESIAN_POINT ( 'NONE',  ( -385.8556549163546379, 5.500000000000000888, 17.87006695409029433 ) ) ;
#5374 = CARTESIAN_POINT ( 'NONE',  ( -307.6369613343886158, 4.872234721371595967, -169.0553227531928258 ) ) ;
#5375 = CARTESIAN_POINT ( 'NONE',  ( -387.5570656760510815, 4.783366251787010803, 18.60397357213507874 ) ) ;
#5376 = EDGE_LOOP ( 'NONE', ( #8919, #446, #1614, #7638 ) ) ;
#5377 = DIRECTION ( 'NONE',  ( 0.000000000000000000, 0.000000000000000000, 1.000000000000000000 ) ) ;
#5378 = CARTESIAN_POINT ( 'NONE',  ( -424.8556549163545810, 8.000000000000000000, -165.2524320451089181 ) ) ;
#5379 = CARTESIAN_POINT ( 'NONE',  ( -425.1540828074996057, 4.802408741466628328, -169.9185304108797254 ) ) ;
#5380 = ORIENTED_EDGE ( 'NONE', *, *, #2684, .F. ) ;
#5381 = VERTEX_POINT ( 'NONE', #2966 ) ;
#5382 = CARTESIAN_POINT ( 'NONE',  ( -267.6369613343886158, 4.872234721371595967, -169.0553227531928258 ) ) ;
#5383 =( BOUNDED_SURFACE ( )  B_SPLINE_SURFACE ( 3, 2, ( 
 ( #6886, #653, #7683 ),
 ( #3495, #5503, #6290 ),
 ( #5546, #7727, #3411 ),
 ( #8373, #7630, #4191 ),
 ( #565, #4103, #4805 ),
 ( #6937, #4055, #8328 ),
 ( #9040, #513, #6336 ),
 ( #6985, #6245, #9085 ),
 ( #1958, #2708, #2839 ),
 ( #4988, #7810, #5684 ),
 ( #5599, #3358, #4857 ),
 ( #1361, #8425, #9177 ),
 ( #2006, #7768, #1317 ),
 ( #3453, #2661, #2141 ),
 ( #6195, #2802, #610 ),
 ( #5648, #8472, #2097 ),
 ( #4947, #9127, #1402 ),
 ( #4237, #7071, #2752 ) ),
 .UNSPECIFIED., .F., .F., .T. ) 
 B_SPLINE_SURFACE_WITH_KNOTS ( ( 4, 2, 2, 2, 2, 2, 2, 2, 4 ),
 ( 3, 3 ),
 ( 0.001323912745242680506, 0.001737514085360032960, 0.002151115425477385414, 0.002564716765594737651, 0.002978318105712089887, 0.003391919445829442124, 0.003805520785946794361, 0.004219122126064146598, 0.004632723466181498835 ),
 ( 0.000000000000000000, 1.000000000000000000 ),
 .UNSPECIFIED. ) 
 GEOMETRIC_REPRESENTATION_ITEM ( )  RATIONAL_B_SPLINE_SURFACE ( (
 ( 1.000000000000000000, 0.7499999999999998890, 1.000000000000000000),
 ( 1.000000000000000000, 0.7499939426360111572, 1.000000000000000000),
 ( 1.000000000000000000, 0.7509329894123278892, 1.000000000000000000),
 ( 1.000000000000000000, 0.7542720948101461209, 1.000000000000000000),
 ( 1.000000000000000000, 0.7567167381700098394, 1.000000000000000000),
 ( 1.000000000000000000, 0.7620345134622253935, 1.000000000000000000),
 ( 1.000000000000000000, 0.7649009816754456237, 1.000000000000000000),
 ( 1.000000000000000000, 0.7698131873218801990, 1.000000000000000000),
 ( 1.000000000000000000, 0.7718027581247290936, 1.000000000000000000),
 ( 1.000000000000000000, 0.7734778044115846463, 1.000000000000000000),
 ( 1.000000000000000000, 0.7731701811038703687, 1.000000000000000000),
 ( 1.000000000000000000, 0.7692320002427167625, 1.000000000000000000),
 ( 1.000000000000000000, 0.7656548337055261166, 1.000000000000000000),
 ( 1.000000000000000000, 0.7548043090983475034, 1.000000000000000000),
 ( 1.000000000000000000, 0.7474974637465782168, 1.000000000000000000),
 ( 1.000000000000000000, 0.7297066597615017303, 1.000000000000000000),
 ( 1.000000000000000000, 0.7191618347197366035, 1.000000000000000000),
 ( 1.000000000000000000, 0.7071067811865501263, 1.000000000000000000) ) ) 
 REPRESENTATION_ITEM ( '' )  SURFACE ( )  );
#5384 = CARTESIAN_POINT ( 'NONE',  ( -345.8600848882931018, 5.389381927037358189, -168.5427051402528775 ) ) ;
#5385 = CARTESIAN_POINT ( 'NONE',  ( -365.1548002534006514, 4.800895434974115972, 19.41426770713571059 ) ) ;
#5386 = CARTESIAN_POINT ( 'NONE',  ( -444.8556549163562295, 0.000000000000000000, -160.2524320451088897 ) ) ;
#5387 = ORIENTED_EDGE ( 'NONE', *, *, #3801, .T. ) ;
#5388 = CARTESIAN_POINT ( 'NONE',  ( -445.8556549163562863, 7.000000000000000000, 156.0000000000000000 ) ) ;
#5389 = ADVANCED_FACE ( 'NONE', ( #5717 ), #6021, .F. ) ;
#5390 = CARTESIAN_POINT ( 'NONE',  ( -306.8556549163546379, 3.500000000000000444, 18.71619492148795771 ) ) ;
#5391 = ORIENTED_EDGE ( 'NONE', *, *, #3175, .F. ) ;
#5392 = CARTESIAN_POINT ( 'NONE',  ( -405.9258535707915030, 5.116383170996374297, -168.8654494467709242 ) ) ;
#5393 = DIRECTION ( 'NONE',  ( -1.000000000000000000, -0.000000000000000000, -0.000000000000000000 ) ) ;
#5394 = CARTESIAN_POINT ( 'NONE',  ( -286.1542441566581942, 4.783366251787010803, -169.1088376623529257 ) ) ;
#5395 = CARTESIAN_POINT ( 'NONE',  ( -385.8556549163545810, 5.499999999999989342, -168.3749310443081413 ) ) ;
#5396 = DIRECTION ( 'NONE',  ( 0.000000000000000000, -0.000000000000000000, -1.000000000000000000 ) ) ;
#5397 = CARTESIAN_POINT ( 'NONE',  ( -287.1656252369824642, 4.546024630548740397, -169.2085473060919298 ) ) ;
#5398 = CARTESIAN_POINT ( 'NONE',  ( -345.4872286992630848, 4.293272472136242079, 19.57877009483503272 ) ) ;
#5399 = CARTESIAN_POINT ( 'NONE',  ( -425.9109257861002220, 5.167696473586342876, 18.30361823599982785 ) ) ;
#5400 = EDGE_CURVE ( 'NONE', #483, #7054, #7945, .T. ) ;
#5401 = EDGE_CURVE ( 'NONE', #8660, #2197, #4845, .T. ) ;
#5402 = CARTESIAN_POINT ( 'NONE',  ( -305.7989918981637061, 5.919283266445281022, -169.3143903733093794 ) ) ;
#5403 = VERTEX_POINT ( 'NONE', #7756 ) ;
#5404 = AXIS2_PLACEMENT_3D ( 'NONE', #6772, #6640, #5343 ) ;
#5405 = CARTESIAN_POINT ( 'NONE',  ( -406.8556549163546379, 3.625000000000000000, -170.2132157533550298 ) ) ;
#5406 = CARTESIAN_POINT ( 'NONE',  ( -405.9461550497259736, 5.029006227352671665, 19.34504571474586143 ) ) ;
#5407 = CARTESIAN_POINT ( 'NONE',  ( -305.8556549163545810, 3.000000000000000000, -165.2524320451089181 ) ) ;
#5408 = DIRECTION ( 'NONE',  ( -6.770840397031247332E-16, 0.7806247497998093365, -0.6249999999999881206 ) ) ;
#5409 = CARTESIAN_POINT ( 'NONE',  ( -387.8891550493725617, 6.023662094633665198, 18.73182695911970441 ) ) ;
#5410 = ORIENTED_EDGE ( 'NONE', *, *, #7207, .F. ) ;
#5411 = EDGE_CURVE ( 'NONE', #426, #3130, #2567, .T. ) ;
#5412 = LINE ( 'NONE', #2360, #2885 ) ;
#5413 = EDGE_LOOP ( 'NONE', ( #1219, #1296, #1822, #1788 ) ) ;
#5414 = ORIENTED_EDGE ( 'NONE', *, *, #7425, .F. ) ;
#5415 = EDGE_CURVE ( 'NONE', #2489, #299, #3144, .T. ) ;
#5416 = CYLINDRICAL_SURFACE ( 'NONE', #2463, 1.000000000000000888 ) ;
#5417 = CARTESIAN_POINT ( 'NONE',  ( -405.9312337697479052, 5.113725464068107129, 18.35733257548620401 ) ) ;
#5418 = CARTESIAN_POINT ( 'NONE',  ( -445.8556549163562863, 1.199999999999999956, 9.747567954891122710 ) ) ;
#5419 = AXIS2_PLACEMENT_3D ( 'NONE', #7218, #6504, #4977 ) ;
#5420 = CARTESIAN_POINT ( 'NONE',  ( -307.1328832646760816, 3.643135913638819723, -170.2110269203438122 ) ) ;
#5421 = DIRECTION ( 'NONE',  ( 0.000000000000000000, 0.000000000000000000, -1.000000000000000000 ) ) ;
#5422 = ORIENTED_EDGE ( 'NONE', *, *, #4346, .T. ) ;
#5423 = DIRECTION ( 'NONE',  ( 1.000000000000000000, 0.000000000000000000, 2.921639538487254261E-16 ) ) ;
#5424 = CARTESIAN_POINT ( 'NONE',  ( -436.8556549163562295, 8.000000000000000000, 14.74756795489104455 ) ) ;
#5425 = MECHANICAL_DESIGN_GEOMETRIC_PRESENTATION_REPRESENTATION (  '', ( #4371 ), #8688 ) ;
#5426 = DIRECTION ( 'NONE',  ( 0.000000000000000000, -0.6249999999999859002, 0.7806247497998110019 ) ) ;
#5427 = ORIENTED_EDGE ( 'NONE', *, *, #294, .T. ) ;
#5428 = EDGE_CURVE ( 'NONE', #1259, #4258, #1568, .T. ) ;
#5429 = VECTOR ( 'NONE', #8096, 1000.000000000000000 ) ;
#5430 = EDGE_LOOP ( 'NONE', ( #541, #7819 ) ) ;
#5431 = DIRECTION ( 'NONE',  ( 0.000000000000000000, 1.000000000000000000, 0.000000000000000000 ) ) ;
#5432 = CARTESIAN_POINT ( 'NONE',  ( -346.8556549163545810, 3.625000000000000444, -170.2132157533550298 ) ) ;
#5433 = CARTESIAN_POINT ( 'NONE',  ( -364.8845655813711346, 5.613761050926164842, 19.02108699399690295 ) ) ;
#5434 = CARTESIAN_POINT ( 'NONE',  ( -427.1292604473475194, 4.535687915297963002, -169.2115169503409788 ) ) ;
#5435 = ORIENTED_EDGE ( 'NONE', *, *, #8526, .F. ) ;
#5436 = CARTESIAN_POINT ( 'NONE',  ( -268.8556549163546379, 3.000000000000000000, 14.74756795489107297 ) ) ;
#5437 = ADVANCED_FACE ( 'NONE', ( #8780 ), #4456, .F. ) ;
#5438 = DIRECTION ( 'NONE',  ( 0.000000000000000000, 0.000000000000000000, 1.000000000000000000 ) ) ;
#5439 = ORIENTED_EDGE ( 'NONE', *, *, #9038, .T. ) ;
#5440 = DIRECTION ( 'NONE',  ( -1.000000000000000000, 0.000000000000000000, 0.000000000000000000 ) ) ;
#5441 = CARTESIAN_POINT ( 'NONE',  ( -347.5934564685669557, 4.807602833729585079, -169.9572802257344222 ) ) ;
#5442 = CARTESIAN_POINT ( 'NONE',  ( -324.8556549163545810, 7.000000000000000000, 19.74756795489107475 ) ) ;
#5443 = CARTESIAN_POINT ( 'NONE',  ( -441.8556549163562295, 3.000000000000000000, -165.2524320451089181 ) ) ;
#5444 = CARTESIAN_POINT ( 'NONE',  ( -266.0743484983213989, 4.872234721370858779, 18.55045866297592383 ) ) ;
#5445 = VECTOR ( 'NONE', #184, 1000.000000000000000 ) ;
#5446 = CARTESIAN_POINT ( 'NONE',  ( -246.8556549163562579, 4.260450763908718130, -53.90484085339652154 ) ) ;
#5447 = AXIS2_PLACEMENT_3D ( 'NONE', #8658, #2979, #220 ) ;
#5448 = FACE_OUTER_BOUND ( 'NONE', #7925, .T. ) ;
#5449 = CARTESIAN_POINT ( 'NONE',  ( -407.8316368210776091, 5.274488668813068770, 18.18564206969831787 ) ) ;
#5450 = CARTESIAN_POINT ( 'NONE',  ( -404.8556549163546379, 5.499999999999956479, 17.87006695409029078 ) ) ;
#5451 = VECTOR ( 'NONE', #5747, 1000.000000000000000 ) ;
#5452 = CARTESIAN_POINT ( 'NONE',  ( -306.7179920740175589, 4.500000000000000888, -169.2210590106588768 ) ) ;
#5453 = ORIENTED_EDGE ( 'NONE', *, *, #9038, .F. ) ;
#5454 = ADVANCED_FACE ( 'NONE', ( #1005 ), #3750, .F. ) ;
#5455 = CARTESIAN_POINT ( 'NONE',  ( -385.7766847069804612, 5.710072106084308707, 18.95463741994086249 ) ) ;
#5456 = CARTESIAN_POINT ( 'NONE',  ( -406.8556549163545810, 4.500000000000000888, 19.59811202517613893 ) ) ;
#5457 = DIRECTION ( 'NONE',  ( 0.000000000000000000, 1.593777193553690256E-14, 1.000000000000000000 ) ) ;
#5458 = CARTESIAN_POINT ( 'NONE',  ( -287.1962908863437747, 4.557275686227510114, -169.2053451122197600 ) ) ;
#5459 = CARTESIAN_POINT ( 'NONE',  ( -387.8160824133250912, 5.214525108020818145, -168.7590172505114765 ) ) ;
#5460 = VERTEX_POINT ( 'NONE', #2403 ) ;
#5461 = DIRECTION ( 'NONE',  ( 0.000000000000000000, 0.000000000000000000, 1.000000000000000000 ) ) ;
#5462 = ORIENTED_EDGE ( 'NONE', *, *, #3101, .F. ) ;
#5463 = ORIENTED_EDGE ( 'NONE', *, *, #8923, .T. ) ;
#5464 = CIRCLE ( 'NONE', #5028, 5.000000000000004441 ) ;
#5465 = EDGE_CURVE ( 'NONE', #3026, #143, #7791, .T. ) ;
#5466 = CARTESIAN_POINT ( 'NONE',  ( -406.8556549163545810, 3.625000000000000444, -170.2132157533550298 ) ) ;
#5467 = LINE ( 'NONE', #3178, #6300 ) ;
#5468 = CARTESIAN_POINT ( 'NONE',  ( -307.1656252369825211, 4.546024630548740397, -169.2085473060919298 ) ) ;
#5469 = VECTOR ( 'NONE', #3769, 1000.000000000000000 ) ;
#5470 = CARTESIAN_POINT ( 'NONE',  ( -285.9312337697479052, 5.113725464068107129, 18.35733257548622177 ) ) ;
#5471 = CARTESIAN_POINT ( 'NONE',  ( -367.9159306177391500, 3.977365129224871509, 19.65314828952651638 ) ) ;
#5472 = VERTEX_POINT ( 'NONE', #4405 ) ;
#5473 = CARTESIAN_POINT ( 'NONE',  ( -246.8556549163562579, 6.184658438426472671, -93.25243204510888972 ) ) ;
#5474 = FACE_OUTER_BOUND ( 'NONE', #5201, .T. ) ;
#5475 = DIRECTION ( 'NONE',  ( 0.000000000000000000, 0.000000000000000000, -1.000000000000000000 ) ) ;
#5476 = ORIENTED_EDGE ( 'NONE', *, *, #7918, .F. ) ;
#5477 = VERTEX_POINT ( 'NONE', #8065 ) ;
#5478 = AXIS2_PLACEMENT_3D ( 'NONE', #543, #6319, #639 ) ;
#5479 = CARTESIAN_POINT ( 'NONE',  ( -267.3225549634628351, 4.613001498401150258, -169.1864013774678028 ) ) ;
#5480 = CARTESIAN_POINT ( 'NONE',  ( -344.9345099126421701, 5.412504818266355322, -169.6350144964297044 ) ) ;
#5481 = CARTESIAN_POINT ( 'NONE',  ( -444.8556549163562295, 0.000000000000000000, -146.2524320451088897 ) ) ;
#5482 = CARTESIAN_POINT ( 'NONE',  ( -428.4182677536560959, 4.555586803580517596, -170.0060454354879482 ) ) ;
#5483 = ORIENTED_EDGE ( 'NONE', *, *, #3079, .F. ) ;
#5484 = CARTESIAN_POINT ( 'NONE',  ( -444.8556549163562295, 0.000000000000000000, 9.747567954891122710 ) ) ;
#5485 = DIRECTION ( 'NONE',  ( 1.000000000000000000, 0.000000000000000000, 2.921639538487254261E-16 ) ) ;
#5486 = ORIENTED_EDGE ( 'NONE', *, *, #815, .T. ) ;
#5487 = CARTESIAN_POINT ( 'NONE',  ( -405.7051140906760907, 4.072590210801840804, -170.1373539892367148 ) ) ;
#5488 = CARTESIAN_POINT ( 'NONE',  ( -348.8556549163546379, 6.124999999999960032, -169.1555557941079542 ) ) ;
#5489 = CARTESIAN_POINT ( 'NONE',  ( -425.2259941808362100, 4.666530572644966846, 19.46353966186139672 ) ) ;
#5490 = DIRECTION ( 'NONE',  ( 1.000000000000000000, 0.000000000000000000, 0.000000000000000000 ) ) ;
#5491 = EDGE_CURVE ( 'NONE', #4121, #5181, #2154, .T. ) ;
#5492 = AXIS2_PLACEMENT_3D ( 'NONE', #8612, #784, #7947 ) ;
#5493 = CARTESIAN_POINT ( 'NONE',  ( -266.7158142648375474, 3.625000007438456517, 19.70835166220002677 ) ) ;
#5494 = CARTESIAN_POINT ( 'NONE',  ( -305.0758246923423940, 4.972866850357480217, 19.34438404256384203 ) ) ;
#5495 = CYLINDRICAL_SURFACE ( 'NONE', #39, 2.000000000000001776 ) ;
#5496 = CARTESIAN_POINT ( 'NONE',  ( -346.7760857499093845, 4.500000000000000888, 18.71619492148795061 ) ) ;
#5497 = CARTESIAN_POINT ( 'NONE',  ( -368.8556549163546379, 5.499999999999960920, -168.3749310443081413 ) ) ;
#5498 = LINE ( 'NONE', #648, #2303 ) ;
#5499 = VECTOR ( 'NONE', #2719, 1000.000000000000000 ) ;
#5500 = DIRECTION ( 'NONE',  ( -1.000000000000000000, 0.000000000000000000, -1.278217298088173739E-16 ) ) ;
#5501 = ORIENTED_EDGE ( 'NONE', *, *, #2324, .F. ) ;
#5502 = CYLINDRICAL_SURFACE ( 'NONE', #7506, 1.349999999999976108 ) ;
#5503 = CARTESIAN_POINT ( 'NONE',  ( -326.7779828394986907, 4.500000003626994705, 19.59811202338651270 ) ) ;
#5504 = CARTESIAN_POINT ( 'NONE',  ( -266.7031920300043453, 4.500000005122825719, -170.1029761128765472 ) ) ;
#5505 = DIRECTION ( 'NONE',  ( 0.000000000000000000, 0.000000000000000000, 1.000000000000000000 ) ) ;
#5506 = EDGE_CURVE ( 'NONE', #204, #5143, #2313, .T. ) ;
#5507 = ORIENTED_EDGE ( 'NONE', *, *, #6966, .F. ) ;
#5508 = DIRECTION ( 'NONE',  ( 0.000000000000000000, 0.000000000000000000, -1.000000000000000000 ) ) ;
#5509 = VERTEX_POINT ( 'NONE', #1866 ) ;
#5510 = ORIENTED_EDGE ( 'NONE', *, *, #8233, .T. ) ;
#5511 = CARTESIAN_POINT ( 'NONE',  ( -446.8556549163562863, 0.000000000000000000, -175.2524320451088897 ) ) ;
#5512 = CARTESIAN_POINT ( 'NONE',  ( -264.8556549163546379, 8.000000000000000000, -7.738127533955578441E-14 ) ) ;
#5513 = CARTESIAN_POINT ( 'NONE',  ( -307.8459639745223626, 5.323809698952789660, -168.6353855492173466 ) ) ;
#5514 = CARTESIAN_POINT ( 'NONE',  ( -308.8556549163546379, 6.124999999999960032, -169.1555557941079542 ) ) ;
#5515 = CARTESIAN_POINT ( 'NONE',  ( -442.8556549163562295, 3.750000000000000000, -0.5024320451088859496 ) ) ;
#5516 = ORIENTED_EDGE ( 'NONE', *, *, #8500, .T. ) ;
#5517 = CARTESIAN_POINT ( 'NONE',  ( -284.8556549163546379, 7.000000000000000000, 19.74756795489107475 ) ) ;
#5518 = DIRECTION ( 'NONE',  ( 1.000000000000000000, 0.000000000000000000, 0.000000000000000000 ) ) ;
#5519 = ORIENTED_EDGE ( 'NONE', *, *, #1982, .T. ) ;
#5520 = EDGE_CURVE ( 'NONE', #5367, #5326, #3924, .T. ) ;
#5521 = ADVANCED_FACE ( 'NONE', ( #1704 ), #4496, .F. ) ;
#5522 = ORIENTED_EDGE ( 'NONE', *, *, #9137, .T. ) ;
#5523 = CARTESIAN_POINT ( 'NONE',  ( -388.6731556672306738, 5.070576912793773872, 19.30101307683660394 ) ) ;
#5524 = CARTESIAN_POINT ( 'NONE',  ( -325.8600848882931018, 5.389381927037358189, -168.5427051402528775 ) ) ;
#5525 = AXIS2_PLACEMENT_3D ( 'NONE', #7878, #7834, #5060 ) ;
#5526 = DIRECTION ( 'NONE',  ( -1.000000000000000000, -0.000000000000000000, -0.000000000000000000 ) ) ;
#5527 = CARTESIAN_POINT ( 'NONE',  ( -386.1542441566581942, 4.783366251787011691, -169.1088376623529257 ) ) ;
#5528 = ORIENTED_EDGE ( 'NONE', *, *, #3733, .T. ) ;
#5529 = DIRECTION ( 'NONE',  ( 0.000000000000000000, 0.000000000000000000, 1.000000000000000000 ) ) ;
#5530 = DIRECTION ( 'NONE',  ( 0.000000000000000000, -1.000000000000000000, 0.000000000000000000 ) ) ;
#5531 = VERTEX_POINT ( 'NONE', #4711 ) ;
#5532 = CARTESIAN_POINT ( 'NONE',  ( -251.8556549163562579, 0.000000000000000000, 14.74756795489107120 ) ) ;
#5533 = CARTESIAN_POINT ( 'NONE',  ( -347.8512076520505616, 5.389166282607971148, -168.5430138961477553 ) ) ;
#5534 = CARTESIAN_POINT ( 'NONE',  ( -366.7779828394986339, 4.500000003626994705, 19.59811202338650560 ) ) ;
#5535 = DIRECTION ( 'NONE',  ( 1.000000000000000000, 0.000000000000000000, 0.000000000000000000 ) ) ;
#5536 = CARTESIAN_POINT ( 'NONE',  ( -266.8556549163546379, 3.625000000000000444, 19.70835166313718290 ) ) ;
#5537 = CARTESIAN_POINT ( 'NONE',  ( -306.0547932183839066, 4.875924695994008573, 19.42011256173977785 ) ) ;
#5538 = CARTESIAN_POINT ( 'NONE',  ( -246.8556549163563432, 3.749765322254016819, -53.64512967456595049 ) ) ;
#5539 = CARTESIAN_POINT ( 'NONE',  ( -345.9312337697479620, 5.113725464068107129, 18.35733257548621467 ) ) ;
#5540 = CARTESIAN_POINT ( 'NONE',  ( -367.6064897249924570, 4.835820077882199364, 18.57392088924699891 ) ) ;
#5541 = CARTESIAN_POINT ( 'NONE',  ( -307.6181761947163977, 3.806447783934348905, 19.68281947754104522 ) ) ;
#5542 = EDGE_CURVE ( 'NONE', #3362, #7735, #5412, .T. ) ;
#5543 = CARTESIAN_POINT ( 'NONE',  ( -246.8556549163562863, 6.151820677578161423, -93.82775967869544331 ) ) ;
#5544 = BREP_WITH_VOIDS ( 'NONE', #3225, ( #2740, #8654 ) );
#5545 = CARTESIAN_POINT ( 'NONE',  ( -385.9657398064161953, 5.039146740865036556, 18.42502082235898797 ) ) ;
#5546 = CARTESIAN_POINT ( 'NONE',  ( -326.5784265680331373, 3.643135913639044432, 19.70616283012592618 ) ) ;
#5547 = CARTESIAN_POINT ( 'NONE',  ( -251.8556549163562579, 0.000000000000000000, -170.2524320451089181 ) ) ;
#5548 = CARTESIAN_POINT ( 'NONE',  ( -286.8556549163546379, 4.500000000000000888, -169.2210590117058189 ) ) ;
#5549 = FACE_OUTER_BOUND ( 'NONE', #3263, .T. ) ;
#5551 = ORIENTED_EDGE ( 'NONE', *, *, #8169, .F. ) ;
#5550 = ADVANCED_FACE ( 'NONE', ( #3100 ), #3053, .F. ) ;
#5552 = CARTESIAN_POINT ( 'NONE',  ( -364.8556549163545810, 6.124999999999972466, -169.1555557941079542 ) ) ;
#5553 = ORIENTED_EDGE ( 'NONE', *, *, #5207, .F. ) ;
#5554 = ORIENTED_EDGE ( 'NONE', *, *, #2997, .F. ) ;
#5555 = EDGE_CURVE ( 'NONE', #1164, #7732, #6896, .T. ) ;
#5556 = CARTESIAN_POINT ( 'NONE',  ( -385.8556549163546379, 7.000000000000000000, 14.74756795489106054 ) ) ;
#5557 = DIRECTION ( 'NONE',  ( -1.000000000000000000, 0.000000000000000000, 0.000000000000000000 ) ) ;
#5558 = CARTESIAN_POINT ( 'NONE',  ( -345.9383153597868272, 5.097004927023504273, 18.37354440211568374 ) ) ;
#5559 = DIRECTION ( 'NONE',  ( 1.000000000000000000, 0.000000000000000000, 0.000000000000000000 ) ) ;
#5560 = B_SPLINE_CURVE_WITH_KNOTS ( 'NONE', 3,
 ( #4285, #7948, #883, #175, #3676, #7116, #136, #8700, #3023, #2978, #2328, #5822, #1632, #2280, #7155, #44 ),
 .UNSPECIFIED., .F., .F.,
 ( 4, 2, 2, 2, 2, 2, 2, 4 ),
 ( 5.632511157154733508E-17, 0.0004712969428269500388, 0.0009425938856538438075, 0.001413890828480737468, 0.001885187771307631236, 0.002356484714134524788, 0.002827781656961418557, 0.003770375542615203492 ),
 .UNSPECIFIED. ) ;
#5561 = CARTESIAN_POINT ( 'NONE',  ( -366.8556549163545810, 4.500000000000000888, 19.59811202517614248 ) ) ;
#5562 = VERTEX_POINT ( 'NONE', #8432 ) ;
#5563 = CARTESIAN_POINT ( 'NONE',  ( -285.8556549163546379, 5.500000000000000888, 17.87006695409030854 ) ) ;
#5564 = CARTESIAN_POINT ( 'NONE',  ( -387.6193619629652858, 3.807091139239944244, -170.1875765360216803 ) ) ;
#5565 = EDGE_LOOP ( 'NONE', ( #5825, #5292 ) ) ;
#5566 = TOROIDAL_SURFACE ( 'NONE', #5246, 4.000000000000000000, 1.000000000000000000 ) ;
#5567 = EDGE_LOOP ( 'NONE', ( #4377, #4246, #1325, #110 ) ) ;
#5568 = LINE ( 'NONE', #4347, #1139 ) ;
#5569 = EDGE_CURVE ( 'NONE', #1984, #2843, #4913, .T. ) ;
#5570 = CARTESIAN_POINT ( 'NONE',  ( -325.8027724493910569, 5.400530990987865820, -169.6508442660102105 ) ) ;
#5571 = DIRECTION ( 'NONE',  ( 1.000000000000000000, 0.000000000000000000, -0.000000000000000000 ) ) ;
#5572 = EDGE_CURVE ( 'NONE', #4772, #4059, #4591, .T. ) ;
#5573 = CIRCLE ( 'NONE', #661, 3.999999999999998224 ) ;
#5574 = CARTESIAN_POINT ( 'NONE',  ( 0.000000000000000000, 8.000000000000000000, -165.2524320451089181 ) ) ;
#5575 = EDGE_LOOP ( 'NONE', ( #6032, #1965, #7818, #7784 ) ) ;
#5576 = DIRECTION ( 'NONE',  ( 0.000000000000000000, 1.000000000000000000, 0.000000000000000000 ) ) ;
#5577 = VECTOR ( 'NONE', #1845, 1000.000000000000000 ) ;
#5578 = DIRECTION ( 'NONE',  ( -1.000000000000000000, 0.000000000000000000, -0.000000000000000000 ) ) ;
#5579 = ORIENTED_EDGE ( 'NONE', *, *, #1764, .F. ) ;
#5580 = VECTOR ( 'NONE', #1647, 1000.000000000000000 ) ;
#5581 = DIRECTION ( 'NONE',  ( 0.000000000000000000, 0.000000000000000000, -1.000000000000000000 ) ) ;
#5582 = DIRECTION ( 'NONE',  ( 1.000000000000000000, 0.000000000000000000, 0.000000000000000000 ) ) ;
#5583 = CARTESIAN_POINT ( 'NONE',  ( -407.7894550112946490, 3.907503744616715124, -170.1698937144555259 ) ) ;
#5584 = AXIS2_PLACEMENT_3D ( 'NONE', #8774, #1744, #6628 ) ;
#5585 = DIRECTION ( 'NONE',  ( -1.000000000000000000, 0.000000000000000000, 0.000000000000000000 ) ) ;
#5586 = VECTOR ( 'NONE', #5943, 1000.000000000000000 ) ;
#5587 = CARTESIAN_POINT ( 'NONE',  ( -266.3084438545032526, 3.714219789345719835, 19.69642408864812211 ) ) ;
#5588 = CARTESIAN_POINT ( 'NONE',  ( -304.9347999200161325, 5.411312770688277318, 19.13079946506085705 ) ) ;
#5589 = B_SPLINE_CURVE_WITH_KNOTS ( 'NONE', 3,
 ( #5899, #5113, #3011, #873, #3713, #8738, #5854, #7294, #2363, #6550, #8689, #916 ),
 .UNSPECIFIED., .F., .F.,
 ( 4, 2, 2, 2, 2, 4 ),
 ( 0.000000000000000000, 0.0004698356480513979621, 0.0009396712961027959242, 0.001174589120128495881, 0.001409506944154195621, 0.001879342592205448734 ),
 .UNSPECIFIED. ) ;
#5590 = EDGE_CURVE ( 'NONE', #3983, #907, #34, .T. ) ;
#5591 = CARTESIAN_POINT ( 'NONE',  ( -446.8556549163562863, 10.00000000000000000, 19.74756795489110317 ) ) ;
#5592 = DIRECTION ( 'NONE',  ( 0.000000000000000000, 0.000000000000000000, -1.000000000000000000 ) ) ;
#5593 = CARTESIAN_POINT ( 'NONE',  ( -308.7192465032959490, 5.206273164145589938, 19.23712735037164379 ) ) ;
#5594 = ADVANCED_FACE ( 'NONE', ( #7772 ), #5144, .F. ) ;
#5595 = CARTESIAN_POINT ( 'NONE',  ( 0.000000000000000000, 8.000000000000000000, -165.2524320451089181 ) ) ;
#5596 = AXIS2_PLACEMENT_3D ( 'NONE', #3775, #2340, #5184 ) ;
#5597 = CIRCLE ( 'NONE', #2024, 1.150000000000012124 ) ;
#5598 = CARTESIAN_POINT ( 'NONE',  ( -386.0338427332812898, 4.926450206952925015, 18.51377697833359193 ) ) ;
#5599 = CARTESIAN_POINT ( 'NONE',  ( -325.2120305543442669, 4.691125519188227955, 19.45532923085621135 ) ) ;
#5600 = CARTESIAN_POINT ( 'NONE',  ( -426.5784265680331941, 3.643135913639011569, 19.70616283012592262 ) ) ;
#5601 = CARTESIAN_POINT ( 'NONE',  ( -286.9255752421617558, 4.500000000000000888, -169.2210590109625343 ) ) ;
#5602 = CARTESIAN_POINT ( 'NONE',  ( -388.4182677536560959, 4.555586803580517596, -170.0060454354879482 ) ) ;
#5603 = ORIENTED_EDGE ( 'NONE', *, *, #8984, .T. ) ;
#5604 = CARTESIAN_POINT ( 'NONE',  ( -305.7051140906760907, 4.072590210801840804, -170.1373539892367148 ) ) ;
#5605 = ORIENTED_EDGE ( 'NONE', *, *, #19, .T. ) ;
#5606 = AXIS2_PLACEMENT_3D ( 'NONE', #4025, #1335, #5426 ) ;
#5607 = ORIENTED_EDGE ( 'NONE', *, *, #3421, .F. ) ;
#5608 = CIRCLE ( 'NONE', #8420, 5.000000000000004441 ) ;
#5609 = EDGE_CURVE ( 'NONE', #5014, #1187, #5041, .T. ) ;
#5610 = CARTESIAN_POINT ( 'NONE',  ( -407.9086614756248537, 3.992597862132107434, -170.1539954553384177 ) ) ;
#5611 =( BOUNDED_SURFACE ( )  B_SPLINE_SURFACE ( 3, 2, ( 
 ( #8552, #9117, #5021 ),
 ( #2086, #8411, #5068 ),
 ( #7188, #1525, #4937 ),
 ( #2176, #7757, #3441 ),
 ( #4976, #731, #2739 ),
 ( #5583, #4179, #7014 ),
 ( #5610, #2017, #4867 ),
 ( #6394, #4247, #6347 ),
 ( #2065, #2811, #7946 ),
 ( #6557, #9095, #8385 ),
 ( #1630, #5122, #1414 ),
 ( #4917, #2326, #3720 ),
 ( #7082, #4956, #620 ),
 ( #7736, #9189, #4422 ),
 ( #2278, #6948, #5862 ),
 ( #2107, #3462, #3505 ),
 ( #7777, #1582, #5171 ),
 ( #8436, #12, #5657 ) ),
 .UNSPECIFIED., .F., .F., .F. ) 
 B_SPLINE_SURFACE_WITH_KNOTS ( ( 4, 2, 2, 2, 2, 2, 2, 2, 4 ),
 ( 3, 3 ),
 ( 0.001323912745242674001, 0.001737514085360025587, 0.002151115425477377174, 0.002564716765594728977, 0.002978318105712080346, 0.003391919445829431716, 0.003805520785946783519, 0.004219122126064135322, 0.004632723466181486692 ),
 ( 0.000000000000000000, 1.000000000000000000 ),
 .UNSPECIFIED. ) 
 GEOMETRIC_REPRESENTATION_ITEM ( )  RATIONAL_B_SPLINE_SURFACE ( (
 ( 1.000000000000000000, 0.7500000000000004441, 1.000000000000000000),
 ( 1.000000000000000000, 0.7499939426361006412, 1.000000000000000000),
 ( 1.000000000000000000, 0.7509329894122050986, 1.000000000000000000),
 ( 1.000000000000000000, 0.7542720948102837886, 1.000000000000000000),
 ( 1.000000000000000000, 0.7567167381700169448, 1.000000000000000000),
 ( 1.000000000000000000, 0.7620345134622171779, 1.000000000000000000),
 ( 1.000000000000000000, 0.7649009816765484082, 1.000000000000000000),
 ( 1.000000000000000000, 0.7698131873207765263, 1.000000000000000000),
 ( 1.000000000000000000, 0.7718027581240511914, 1.000000000000000000),
 ( 1.000000000000000000, 0.7734778044122838647, 1.000000000000000000),
 ( 1.000000000000000000, 0.7731701811039010108, 1.000000000000000000),
 ( 1.000000000000000000, 0.7692320002426856762, 1.000000000000000000),
 ( 1.000000000000000000, 0.7656548337050503861, 1.000000000000000000),
 ( 1.000000000000000000, 0.7548043090988107995, 1.000000000000000000),
 ( 1.000000000000000000, 0.7474974637466318406, 1.000000000000000000),
 ( 1.000000000000000000, 0.7297066597614478844, 1.000000000000000000),
 ( 1.000000000000000000, 0.7191618347197771266, 1.000000000000000000),
 ( 1.000000000000000000, 0.7071067811865511255, 1.000000000000000000) ) ) 
 REPRESENTATION_ITEM ( '' )  SURFACE ( )  );
#5612 = LINE ( 'NONE', #7910, #5445 ) ;
#5613 = CARTESIAN_POINT ( 'NONE',  ( -346.7170407422610765, 4.507254365895950521, 18.71444385685181544 ) ) ;
#5614 = LINE ( 'NONE', #2068, #1974 ) ;
#5615 = DIRECTION ( 'NONE',  ( 0.000000000000000000, 0.000000000000000000, 1.000000000000000000 ) ) ;
#5616 = ORIENTED_EDGE ( 'NONE', *, *, #264, .T. ) ;
#5617 = VECTOR ( 'NONE', #5431, 1000.000000000000000 ) ;
#5618 = VECTOR ( 'NONE', #2036, 1000.000000000000000 ) ;
#5619 = CARTESIAN_POINT ( 'NONE',  ( -250.8556549163562011, 6.099999999999999645, 20.74756795489111028 ) ) ;
#5620 = CARTESIAN_POINT ( 'NONE',  ( -387.0150539045997675, 3.624999999999968914, -170.2132157533550298 ) ) ;
#5621 = ORIENTED_EDGE ( 'NONE', *, *, #9153, .F. ) ;
#5622 = ORIENTED_EDGE ( 'NONE', *, *, #5415, .T. ) ;
#5623 = CIRCLE ( 'NONE', #4889, 1.000000000000000444 ) ;
#5624 = DIRECTION ( 'NONE',  ( -1.000000000000000000, 0.000000000000000000, -0.000000000000000000 ) ) ;
#5625 = CIRCLE ( 'NONE', #4568, 1.150000000000017231 ) ;
#5626 = CARTESIAN_POINT ( 'NONE',  ( -325.0206529386377952, 5.118411189684464624, -169.7844892460059896 ) ) ;
#5627 = CARTESIAN_POINT ( 'NONE',  ( -368.6903340270924332, 5.117512316920580062, -169.7849026007241946 ) ) ;
#5628 = CARTESIAN_POINT ( 'NONE',  ( -428.8467603921963018, 5.847915706122385870, -169.3656593597661981 ) ) ;
#5629 = ORIENTED_EDGE ( 'NONE', *, *, #7874, .T. ) ;
#5630 = CARTESIAN_POINT ( 'NONE',  ( -325.8556549163545810, 7.000000000000000000, 14.74756795489106764 ) ) ;
#5631 = TOROIDAL_SURFACE ( 'NONE', #1609, 4.000000000000000000, 1.000000000000000000 ) ;
#5632 = DIRECTION ( 'NONE',  ( -2.921639538487254261E-16, 0.000000000000000000, 1.000000000000000000 ) ) ;
#5633 = ORIENTED_EDGE ( 'NONE', *, *, #2370, .T. ) ;
#5634 = EDGE_CURVE ( 'NONE', #5326, #2933, #8522, .T. ) ;
#5635 = CARTESIAN_POINT ( 'NONE',  ( 0.000000000000000000, 8.000000000000000000, 0.000000000000000000 ) ) ;
#5636 = CIRCLE ( 'NONE', #2497, 1.000000000000000888 ) ;
#5637 = CARTESIAN_POINT ( 'NONE',  ( -364.8556549052799483, 5.988627236848582669, 18.75987729785373759 ) ) ;
#5638 = CARTESIAN_POINT ( 'NONE',  ( -246.8556549163562295, 2.643805426546558479, -53.32917431799192087 ) ) ;
#5639 = CARTESIAN_POINT ( 'NONE',  ( -266.1178533641422632, 4.807602833727296243, 19.45241613551851145 ) ) ;
#5640 = CARTESIAN_POINT ( 'NONE',  ( -328.8267442513380274, 5.613761050926165730, -169.5259510842147392 ) ) ;
#5641 = CARTESIAN_POINT ( 'NONE',  ( -266.8556549163545810, 4.500000000000000888, -169.2210590117058189 ) ) ;
#5642 = DIRECTION ( 'NONE',  ( -0.000000000000000000, 0.7806247497998098916, 0.6249999999999875655 ) ) ;
#5643 = DIRECTION ( 'NONE',  ( -1.000000000000000000, 0.000000000000000000, 0.000000000000000000 ) ) ;
#5644 = LINE ( 'NONE', #6881, #7342 ) ;
#5645 = EDGE_CURVE ( 'NONE', #2807, #6752, #5790, .T. ) ;
#5646 = CARTESIAN_POINT ( 'NONE',  ( 0.000000000000000000, 8.000000000000000000, -165.2524320451089181 ) ) ;
#5647 = ADVANCED_FACE ( 'NONE', ( #95 ), #843, .T. ) ;
#5648 = CARTESIAN_POINT ( 'NONE',  ( -324.8645494405129170, 5.847915706121072255, 18.86079526954918251 ) ) ;
#5649 = CARTESIAN_POINT ( 'NONE',  ( -425.9218548214145699, 3.907503744616650287, 19.66502962423766832 ) ) ;
#5650 = CARTESIAN_POINT ( 'NONE',  ( -307.8556549163546379, 6.124999999999984013, 18.65069170389008235 ) ) ;
#5651 = CARTESIAN_POINT ( 'NONE',  ( -246.8556549163562579, 0.000000000000000000, -97.25243204510888972 ) ) ;
#5652 = CARTESIAN_POINT ( 'NONE',  ( -387.4941735763149495, 4.727315172673871579, -169.1377181951108355 ) ) ;
#5653 = ORIENTED_EDGE ( 'NONE', *, *, #8022, .T. ) ;
#5654 = CARTESIAN_POINT ( 'NONE',  ( -404.8556549163546379, 6.124999999999945821, 18.65069170389010011 ) ) ;
#5655 = VERTEX_POINT ( 'NONE', #1501 ) ;
#5656 = ORIENTED_EDGE ( 'NONE', *, *, #7358, .F. ) ;
#5657 = CARTESIAN_POINT ( 'NONE',  ( -407.8556549163546379, 5.499999999999984013, -168.3749310443081413 ) ) ;
#5658 = DIRECTION ( 'NONE',  ( 1.000000000000000000, 0.000000000000000000, -0.000000000000000000 ) ) ;
#5659 = CARTESIAN_POINT ( 'NONE',  ( -345.5786175973169065, 4.193287934494549063, 19.60417564810642688 ) ) ;
#5660 = CARTESIAN_POINT ( 'NONE',  ( -327.6023976767530712, 4.799337897231787942, 19.45768888870002300 ) ) ;
#5661 = CARTESIAN_POINT ( 'NONE',  ( -386.8556549163546379, 4.500000000000000888, 18.71619492148794706 ) ) ;
#5662 = DIRECTION ( 'NONE',  ( 1.000000000000000000, 0.000000000000000000, 0.000000000000000000 ) ) ;
#5663 = ORIENTED_EDGE ( 'NONE', *, *, #4044, .F. ) ;
#5664 = EDGE_CURVE ( 'NONE', #9092, #7045, #3369, .T. ) ;
#5665 = VERTEX_POINT ( 'NONE', #1544 ) ;
#5666 = CARTESIAN_POINT ( 'NONE',  ( -324.8556549163545242, 3.000000000000000000, -165.2524320451089181 ) ) ;
#5667 = CARTESIAN_POINT ( 'NONE',  ( -326.1089121559482464, 4.799337897232283545, -169.9625529789191489 ) ) ;
#5668 = CARTESIAN_POINT ( 'NONE',  ( -368.6354851403668818, 4.972866850357087642, -169.8492481327818382 ) ) ;
#5669 = CARTESIAN_POINT ( 'NONE',  ( -326.1042084070909937, 4.836586271791881941, 18.57341617306331472 ) ) ;
#5670 = ORIENTED_EDGE ( 'NONE', *, *, #2356, .T. ) ;
#5671 = CARTESIAN_POINT ( 'NONE',  ( -285.5659239360486481, 4.184638865665688989, -170.1169986375894894 ) ) ;
#5672 = CARTESIAN_POINT ( 'NONE',  ( -444.8556549163562295, 0.000000000000000000, -68.25243204510887551 ) ) ;
#5673 = VERTEX_POINT ( 'NONE', #3592 ) ;
#5674 = DIRECTION ( 'NONE',  ( -0.000000000000000000, -0.000000000000000000, 1.000000000000000000 ) ) ;
#5675 = FACE_OUTER_BOUND ( 'NONE', #8644, .T. ) ;
#5676 = CARTESIAN_POINT ( 'NONE',  ( -246.8556549163562011, 1.946983399106873680, -55.13080788381700614 ) ) ;
#5677 = EDGE_CURVE ( 'NONE', #533, #942, #1257, .T. ) ;
#5678 = CARTESIAN_POINT ( 'NONE',  ( -328.7191130411810036, 5.205896708463899181, -169.7421645164064046 ) ) ;
#5679 = DIRECTION ( 'NONE',  ( -1.000000000000000000, 0.000000000000000000, 0.000000000000000000 ) ) ;
#5680 = FACE_OUTER_BOUND ( 'NONE', #6903, .T. ) ;
#5681 = CARTESIAN_POINT ( 'NONE',  ( -406.9352240827998912, 4.500000000000002665, -169.2210590117058473 ) ) ;
#5682 = CARTESIAN_POINT ( 'NONE',  ( -326.9333269932105850, 4.500000003626995593, -170.1029761136050524 ) ) ;
#5683 = CARTESIAN_POINT ( 'NONE',  ( -285.2246769367355910, 4.668696823349429259, -169.9676676812983089 ) ) ;
#5684 = CARTESIAN_POINT ( 'NONE',  ( -326.0743484983213420, 4.872234721370825916, 18.55045866297567514 ) ) ;
#5685 = CARTESIAN_POINT ( 'NONE',  ( -426.7158142648374906, 3.625000007438456517, 19.70835166220000545 ) ) ;
#5686 = ADVANCED_FACE ( 'NONE', ( #3953 ), #1813, .F. ) ;
#5687 = CARTESIAN_POINT ( 'NONE',  ( -251.8556549163562579, 10.00000000000000000, 19.74756795489110317 ) ) ;
#5688 = EDGE_CURVE ( 'NONE', #6263, #3552, #978, .T. ) ;
#5689 = DIRECTION ( 'NONE',  ( 0.000000000000000000, 1.593777193553690256E-14, 1.000000000000000000 ) ) ;
#5690 = CARTESIAN_POINT ( 'NONE',  ( -267.9159306177391500, 3.977365129224792462, 19.65314828952654480 ) ) ;
#5691 = ORIENTED_EDGE ( 'NONE', *, *, #7378, .T. ) ;
#5692 = DIRECTION ( 'NONE',  ( 1.000000000000000000, 0.000000000000000000, 2.921639538487137411E-16 ) ) ;
#5693 = ORIENTED_EDGE ( 'NONE', *, *, #6243, .F. ) ;
#5694 = TOROIDAL_SURFACE ( 'NONE', #2418, 2.499999999999992006, 2.000000000000000000 ) ;
#5695 = ORIENTED_EDGE ( 'NONE', *, *, #8811, .F. ) ;
#5696 = CARTESIAN_POINT ( 'NONE',  ( -305.8556549163545810, 7.000000000000000000, -165.2524320451089181 ) ) ;
#5697 = DIRECTION ( 'NONE',  ( 0.000000000000000000, 1.734723475976807094E-15, 1.000000000000000000 ) ) ;
#5698 = CARTESIAN_POINT ( 'NONE',  ( -346.5493311088920336, 4.544316436061451192, 19.57651407055114845 ) ) ;
#5699 = CARTESIAN_POINT ( 'NONE',  ( -428.8556549163546379, 5.499999999999956479, 17.87006695409028723 ) ) ;
#5700 = CARTESIAN_POINT ( 'NONE',  ( -307.4432341558165831, 4.687416699501574691, 18.65198200092680381 ) ) ;
#5701 = EDGE_CURVE ( 'NONE', #1187, #4772, #2143, .T. ) ;
#5702 = CARTESIAN_POINT ( 'NONE',  ( -246.8556549163562579, 2.924540235332172777, -97.12292030961117462 ) ) ;
#5703 = ORIENTED_EDGE ( 'NONE', *, *, #3761, .F. ) ;
#5704 = ADVANCED_FACE ( 'NONE', ( #8134 ), #8592, .F. ) ;
#5705 = ORIENTED_EDGE ( 'NONE', *, *, #4049, .F. ) ;
#5706 = CARTESIAN_POINT ( 'NONE',  ( -267.9124047648169835, 5.918887576270607020, -169.3146843188903858 ) ) ;
#5707 = AXIS2_PLACEMENT_3D ( 'NONE', #5947, #1091, #6726 ) ;
#5708 = CARTESIAN_POINT ( 'NONE',  ( -325.7953792149623951, 3.977365129228491725, -170.1580123797437238 ) ) ;
#5709 = CARTESIAN_POINT ( 'NONE',  ( -367.8160824133250912, 5.214525108020818145, -168.7590172505114765 ) ) ;
#5710 = CARTESIAN_POINT ( 'NONE',  ( -427.9341163091267504, 5.603816879088887148, -169.5279948268513976 ) ) ;
#5711 = ORIENTED_EDGE ( 'NONE', *, *, #1573, .T. ) ;
#5712 = CARTESIAN_POINT ( 'NONE',  ( -286.5778326856142826, 4.529518349318704118, -169.2147865307304357 ) ) ;
#5713 = CARTESIAN_POINT ( 'NONE',  ( -287.7259361524282326, 5.003640207569657328, -168.9595324046023848 ) ) ;
#5714 = DIRECTION ( 'NONE',  ( -0.000000000000000000, -1.000000000000000000, -0.000000000000000000 ) ) ;
#5715 = CIRCLE ( 'NONE', #5997, 1.000000000000000888 ) ;
#5716 = ORIENTED_EDGE ( 'NONE', *, *, #6551, .F. ) ;
#5717 = FACE_OUTER_BOUND ( 'NONE', #7917, .T. ) ;
#5718 = CARTESIAN_POINT ( 'NONE',  ( -366.1178533641383979, 4.807602833728543246, 19.45241613552015991 ) ) ;
#5719 = CARTESIAN_POINT ( 'NONE',  ( -248.3854016902688500, 3.263858793372596878, -55.57921737127171014 ) ) ;
#5720 = CARTESIAN_POINT ( 'NONE',  ( -265.8556549163546379, 5.445450499394033805, 17.95741606500001808 ) ) ;
#5721 = EDGE_CURVE ( 'NONE', #9047, #4784, #5644, .T. ) ;
#5722 = CARTESIAN_POINT ( 'NONE',  ( -327.6193619629652289, 3.807091139239944244, -170.1875765360216803 ) ) ;
#5723 = CARTESIAN_POINT ( 'NONE',  ( -384.8556549163545810, 3.000000000000000000, -165.2524320451089181 ) ) ;
#5724 = VECTOR ( 'NONE', #7888, 1000.000000000000000 ) ;
#5725 = CARTESIAN_POINT ( 'NONE',  ( -445.8556549163562863, 3.750000000000000000, 4.647567954891141717 ) ) ;
#5726 = CARTESIAN_POINT ( 'NONE',  ( -445.8556549163562863, 1.199999999999999956, -146.2524320451088897 ) ) ;
#5727 = AXIS2_PLACEMENT_3D ( 'NONE', #4748, #7573, #6137 ) ;
#5728 = CARTESIAN_POINT ( 'NONE',  ( -428.5572270252097269, 4.802408741466612341, 19.41366632066186781 ) ) ;
#5729 = CIRCLE ( 'NONE', #7797, 1.000000000000000444 ) ;
#5730 = CARTESIAN_POINT ( 'NONE',  ( -306.8556549163546379, 3.625000000000000000, 19.70835166313717579 ) ) ;
#5731 = CARTESIAN_POINT ( 'NONE',  ( -445.8556549163562863, 3.750000000000000000, -156.5024320451088897 ) ) ;
#5732 = CARTESIAN_POINT ( 'NONE',  ( -426.5150189463654442, 4.557275686227511002, 18.70048102200165374 ) ) ;
#5733 = CARTESIAN_POINT ( 'NONE',  ( 0.000000000000000000, 8.000000000000000000, 0.000000000000000000 ) ) ;
#5734 = CARTESIAN_POINT ( 'NONE',  ( -288.5565095793085675, 4.800895434974115084, -169.9191317973535433 ) ) ;
#5735 = CARTESIAN_POINT ( 'NONE',  ( -287.6181761947162840, 3.806447783934348017, 19.68281947754104877 ) ) ;
#5736 = ORIENTED_EDGE ( 'NONE', *, *, #4189, .F. ) ;
#5737 = CARTESIAN_POINT ( 'NONE',  ( -366.5803292312538701, 3.625000010539644713, -170.2132157520271392 ) ) ;
#5738 = ORIENTED_EDGE ( 'NONE', *, *, #7493, .T. ) ;
#5739 = EDGE_CURVE ( 'NONE', #3130, #5673, #8470, .T. ) ;
#5740 = FACE_OUTER_BOUND ( 'NONE', #6582, .T. ) ;
#5741 = ADVANCED_FACE ( 'NONE', ( #8421 ), #9173, .F. ) ;
#5742 =( BOUNDED_SURFACE ( )  B_SPLINE_SURFACE ( 3, 2, ( 
 ( #722, #4171, #7656 ),
 ( #7833, #7005, #9064 ),
 ( #22, #3518, #5524 ),
 ( #2859, #633, #2078 ),
 ( #6361, #9108, #9199 ),
 ( #5626, #5570, #8400 ),
 ( #1471, #9154, #2775 ),
 ( #1382, #3565, #1288 ),
 ( #2118, #6404, #8450 ),
 ( #7749, #5667, #4967 ),
 ( #5708, #4127, #1426 ),
 ( #4262, #8541, #4307 ),
 ( #537, #2686, #1980 ),
 ( #4829, #6961, #588 ) ),
 .UNSPECIFIED., .F., .F., .T. ) 
 B_SPLINE_SURFACE_WITH_KNOTS ( ( 4, 2, 2, 2, 2, 2, 4 ),
 ( 3, 3 ),
 ( 0.001015998582458484817, 0.001428449273945002788, 0.001840899965431520759, 0.002253350656918038514, 0.002665801348404556702, 0.003490702731377592644, 0.004315604114350628587 ),
 ( 0.000000000000000000, 1.000000000000000000 ),
 .UNSPECIFIED. ) 
 GEOMETRIC_REPRESENTATION_ITEM ( )  RATIONAL_B_SPLINE_SURFACE ( (
 ( 1.000000000000000000, 0.7071067811865496822, 1.000000000000000000),
 ( 1.000000000000000000, 0.7191539465619442018, 1.000000000000000000),
 ( 1.000000000000000000, 0.7296663882558011016, 1.000000000000000000),
 ( 1.000000000000000000, 0.7474372416597908630, 1.000000000000000000),
 ( 1.000000000000000000, 0.7547518899035197126, 1.000000000000000000),
 ( 1.000000000000000000, 0.7656299723743469343, 1.000000000000000000),
 ( 1.000000000000000000, 0.7691951883259209310, 1.000000000000000000),
 ( 1.000000000000000000, 0.7731396847002443007, 1.000000000000000000),
 ( 1.000000000000000000, 0.7734820014411815103, 1.000000000000000000),
 ( 1.000000000000000000, 0.7709873420233366303, 1.000000000000000000),
 ( 1.000000000000000000, 0.7646994115827951966, 1.000000000000000000),
 ( 1.000000000000000000, 0.7540697026764631161, 1.000000000000000000),
 ( 1.000000000000000000, 0.7498104614824783187, 1.000000000000000000),
 ( 1.000000000000000000, 0.7500000000000004441, 1.000000000000000000) ) ) 
 REPRESENTATION_ITEM ( '' )  SURFACE ( )  );
#5743 = CARTESIAN_POINT ( 'NONE',  ( -347.5578475515901005, 4.784051302019447505, -169.1084858473784038 ) ) ;
#5744 = FACE_OUTER_BOUND ( 'NONE', #7032, .T. ) ;
#5745 = CARTESIAN_POINT ( 'NONE',  ( -327.8839715321789754, 5.302404540044591386, 19.20125495518866998 ) ) ;
#5746 = VECTOR ( 'NONE', #850, 1000.000000000000000 ) ;
#5747 = DIRECTION ( 'NONE',  ( -0.000000000000000000, -0.000000000000000000, 1.000000000000000000 ) ) ;
#5748 = CIRCLE ( 'NONE', #2471, 5.000000000000004441 ) ;
#5749 = CARTESIAN_POINT ( 'NONE',  ( -246.8556549163562579, 6.151768662790167319, -93.82821636878014715 ) ) ;
#5750 = ORIENTED_EDGE ( 'NONE', *, *, #1713, .F. ) ;
#5751 = CIRCLE ( 'NONE', #1440, 4.999999999999999112 ) ;
#5752 = VERTEX_POINT ( 'NONE', #3355 ) ;
#5753 = EDGE_CURVE ( 'NONE', #683, #426, #1399, .T. ) ;
#5754 = CARTESIAN_POINT ( 'NONE',  ( 0.000000000000000000, 8.000000000000000000, 0.000000000000000000 ) ) ;
#5755 = CARTESIAN_POINT ( 'NONE',  ( -250.8556549163562011, 6.099999999999999645, 20.74756795489111028 ) ) ;
#5756 = CARTESIAN_POINT ( 'NONE',  ( -368.8556549274293275, 5.988627236847626101, -169.2647413880723661 ) ) ;
#5757 = VECTOR ( 'NONE', #7794, 1000.000000000000000 ) ;
#5758 = CARTESIAN_POINT ( 'NONE',  ( -326.0199841525925422, 4.946426151581507114, 18.49902245509283105 ) ) ;
#5759 = EDGE_CURVE ( 'NONE', #7243, #1977, #8383, .T. ) ;
#5760 = ORIENTED_EDGE ( 'NONE', *, *, #5809, .T. ) ;
#5761 = CARTESIAN_POINT ( 'NONE',  ( -286.2107894258275564, 4.723855547286908596, -169.1440853282302328 ) ) ;
#5762 = CARTESIAN_POINT ( 'NONE',  ( -286.5784265680331941, 3.643135913639011569, 19.70616283012594039 ) ) ;
#5763 = CARTESIAN_POINT ( 'NONE',  ( -387.3782660746426245, 4.643937170568207762, -169.1747185638574820 ) ) ;
#5764 = CIRCLE ( 'NONE', #1738, 4.999999999999999112 ) ;
#5765 = VERTEX_POINT ( 'NONE', #3305 ) ;
#5766 = FACE_OUTER_BOUND ( 'NONE', #8023, .T. ) ;
#5767 = CARTESIAN_POINT ( 'NONE',  ( -365.8556549163546379, 5.445450499394251409, 17.95741606500014242 ) ) ;
#5768 = TOROIDAL_SURFACE ( 'NONE', #7691, 4.000000000000000000, 1.000000000000000000 ) ;
#5769 = LINE ( 'NONE', #6324, #8081 ) ;
#5770 = CARTESIAN_POINT ( 'NONE',  ( -325.8556549163545810, 4.500000000000000888, 19.74756795489107475 ) ) ;
#5771 = CARTESIAN_POINT ( 'NONE',  ( -425.8273383005340520, 5.302404540044383552, -169.7061190454029429 ) ) ;
#5772 = CARTESIAN_POINT ( 'NONE',  ( -406.2684541023608062, 4.687071811803895649, 18.65216358364154914 ) ) ;
#5773 = CIRCLE ( 'NONE', #6358, 5.000000000000004441 ) ;
#5774 = CARTESIAN_POINT ( 'NONE',  ( -326.8556549163545810, 3.500000000000000444, 18.71619492148795416 ) ) ;
#5775 = AXIS2_PLACEMENT_3D ( 'NONE', #1801, #4601, #3151 ) ;
#5776 = CARTESIAN_POINT ( 'NONE',  ( -446.8556549163562863, 0.000000000000000000, -146.2524320451088897 ) ) ;
#5777 = DIRECTION ( 'NONE',  ( 0.000000000000000000, 0.000000000000000000, 1.000000000000000000 ) ) ;
#5778 = DIRECTION ( 'NONE',  ( 1.000000000000000000, 0.000000000000000000, 0.000000000000000000 ) ) ;
#5779 = B_SPLINE_CURVE_WITH_KNOTS ( 'NONE', 3,
 ( #8778, #8021, #1748, #2400, #8111, #5242, #8063, #2535, #2492, #438, #5379, #8871, #1702, #4541, #6029, #1660 ),
 .UNSPECIFIED., .F., .F.,
 ( 4, 2, 2, 2, 2, 2, 2, 4 ),
 ( 5.632511157154733508E-17, 0.0004712969428269500388, 0.0009425938856538438075, 0.001413890828480737468, 0.001885187771307631236, 0.002356484714134524788, 0.002827781656961418557, 0.003770375542615203492 ),
 .UNSPECIFIED. ) ;
#5780 = EDGE_CURVE ( 'NONE', #3873, #5381, #5573, .T. ) ;
#5781 = AXIS2_PLACEMENT_3D ( 'NONE', #2037, #2780, #5632 ) ;
#5782 = DIRECTION ( 'NONE',  ( -0.000000000000000000, -1.000000000000000000, -0.000000000000000000 ) ) ;
#5783 = DIRECTION ( 'NONE',  ( 0.000000000000000000, 0.000000000000000000, -1.000000000000000000 ) ) ;
#5784 = CARTESIAN_POINT ( 'NONE',  ( -287.5005204068764897, 4.723855547281345046, 18.63922123801330599 ) ) ;
#5785 = DIRECTION ( 'NONE',  ( -1.000000000000000000, 0.000000000000000000, 0.000000000000000000 ) ) ;
#5786 = ORIENTED_EDGE ( 'NONE', *, *, #4044, .T. ) ;
#5787 = CARTESIAN_POINT ( 'NONE',  ( -445.8556549163562863, 7.000000000000000000, -68.25243204510887551 ) ) ;
#5788 = CARTESIAN_POINT ( 'NONE',  ( -267.8839715321790322, 5.302404540044530989, 19.20125495518868064 ) ) ;
#5789 = ORIENTED_EDGE ( 'NONE', *, *, #7664, .T. ) ;
#5790 = LINE ( 'NONE', #7817, #2300 ) ;
#5791 = EDGE_LOOP ( 'NONE', ( #2063, #3840, #1231, #1171 ) ) ;
#5792 = FACE_OUTER_BOUND ( 'NONE', #297, .T. ) ;
#5793 = CARTESIAN_POINT ( 'NONE',  ( -367.8556549163546379, 5.500000000000000888, 17.87006695409029788 ) ) ;
#5794 = EDGE_CURVE ( 'NONE', #5181, #7872, #2794, .T. ) ;
#5795 = DIRECTION ( 'NONE',  ( -2.921639538487254261E-16, 0.000000000000000000, 1.000000000000000000 ) ) ;
#5796 = CARTESIAN_POINT ( 'NONE',  ( -328.6359764537195360, 4.974239720234264972, 19.34375946573907612 ) ) ;
#5797 = CARTESIAN_POINT ( 'NONE',  ( -250.8556549163562011, 6.099999999999999645, 18.64756795489111951 ) ) ;
#5798 = CARTESIAN_POINT ( 'NONE',  ( -246.8556549163562579, 6.184658434996946674, -93.54311233850701512 ) ) ;
#5799 = VERTEX_POINT ( 'NONE', #4800 ) ;
#5800 = ORIENTED_EDGE ( 'NONE', *, *, #6521, .F. ) ;
#5801 = VERTEX_POINT ( 'NONE', #2606 ) ;
#5802 = CARTESIAN_POINT ( 'NONE',  ( -248.2598593555369746, 4.107319444030848032, -56.45363782160998056 ) ) ;
#5803 = DIRECTION ( 'NONE',  ( 0.000000000000000000, 0.000000000000000000, -1.000000000000000000 ) ) ;
#5804 = CARTESIAN_POINT ( 'NONE',  ( -367.2388583010181264, 4.571621889987924625, -170.0682608514823642 ) ) ;
#5805 = CARTESIAN_POINT ( 'NONE',  ( -348.8556549163546379, 3.000000000000000000, 14.74756795489106409 ) ) ;
#5806 = ORIENTED_EDGE ( 'NONE', *, *, #2717, .T. ) ;
#5807 = LINE ( 'NONE', #680, #5757 ) ;
#5808 = CARTESIAN_POINT ( 'NONE',  ( -285.8026483570804999, 3.992597862135470077, 19.64913136511979275 ) ) ;
#5809 = EDGE_CURVE ( 'NONE', #4587, #1365, #7625, .T. ) ;
#5810 = CARTESIAN_POINT ( 'NONE',  ( -256.8556549163562295, 8.000000000000000000, -170.2524320451089181 ) ) ;
#5811 = ORIENTED_EDGE ( 'NONE', *, *, #3051, .F. ) ;
#5812 = DIRECTION ( 'NONE',  ( -0.000000000000000000, -1.000000000000000000, -0.000000000000000000 ) ) ;
#5813 = ORIENTED_EDGE ( 'NONE', *, *, #5861, .F. ) ;
#5814 = FACE_OUTER_BOUND ( 'NONE', #8287, .T. ) ;
#5815 = CARTESIAN_POINT ( 'NONE',  ( -367.8891550493725617, 6.023662094633665198, 18.73182695911970441 ) ) ;
#5816 = CARTESIAN_POINT ( 'NONE',  ( -265.7766847069804044, 5.710072106084365551, 18.95463741994087670 ) ) ;
#5817 = CARTESIAN_POINT ( 'NONE',  ( -444.8556549163562295, 0.000000000000000000, 9.747567954891122710 ) ) ;
#5818 = DIRECTION ( 'NONE',  ( -2.921639538487254261E-16, 0.000000000000000000, 1.000000000000000000 ) ) ;
#5819 = CARTESIAN_POINT ( 'NONE',  ( -305.8556549163545810, 5.500000000000000888, -168.3749310443081413 ) ) ;
#5820 = CARTESIAN_POINT ( 'NONE',  ( -328.2359510929709359, 4.308023494658913322, -170.0800365345099578 ) ) ;
#5821 = FACE_OUTER_BOUND ( 'NONE', #3099, .T. ) ;
#5822 = CARTESIAN_POINT ( 'NONE',  ( -345.0381541654784883, 5.070576912793788971, -169.8058771670545184 ) ) ;
#5823 = CARTESIAN_POINT ( 'NONE',  ( -424.8556549163546379, 6.124999999999970690, 18.65069170389007880 ) ) ;
#5824 = FACE_OUTER_BOUND ( 'NONE', #3171, .T. ) ;
#5825 = ORIENTED_EDGE ( 'NONE', *, *, #4401, .T. ) ;
#5826 = CARTESIAN_POINT ( 'NONE',  ( -288.4853156518730088, 4.666530572644965069, -169.9684037520792401 ) ) ;
#5827 = CARTESIAN_POINT ( 'NONE',  ( -267.0081178026994166, 4.500000005119374258, 19.59811202265062846 ) ) ;
#5828 = EDGE_LOOP ( 'NONE', ( #6568, #2642, #8859, #7951 ) ) ;
#5829 = CARTESIAN_POINT ( 'NONE',  ( -306.1048201077167050, 4.835820077882200252, -169.0787849794647855 ) ) ;
#5830 = ORIENTED_EDGE ( 'NONE', *, *, #8169, .T. ) ;
#5831 = CARTESIAN_POINT ( 'NONE',  ( -445.8556549163562863, 3.750000000000000000, 7.347567954891097486 ) ) ;
#5832 = CARTESIAN_POINT ( 'NONE',  ( -347.7800760629613706, 5.113725464068129334, -168.8621966657040616 ) ) ;
#5833 = DIRECTION ( 'NONE',  ( -1.000000000000000000, 0.000000000000000000, 0.000000000000000000 ) ) ;
#5834 = DIRECTION ( 'NONE',  ( 1.000000000000000000, 0.000000000000000000, 0.000000000000000000 ) ) ;
#5835 = EDGE_CURVE ( 'NONE', #1048, #4612, #1208, .T. ) ;
#5836 = DIRECTION ( 'NONE',  ( -1.000000000000000000, -0.000000000000000000, -0.000000000000000000 ) ) ;
#5837 = CARTESIAN_POINT ( 'NONE',  ( -248.3071970257975920, 3.744600108462459609, -94.56481141130851142 ) ) ;
#5838 = ORIENTED_EDGE ( 'NONE', *, *, #80, .F. ) ;
#5839 = ORIENTED_EDGE ( 'NONE', *, *, #1717, .F. ) ;
#5840 = EDGE_CURVE ( 'NONE', #1007, #8018, #8004, .T. ) ;
#5841 = EDGE_LOOP ( 'NONE', ( #3913, #7467, #2114, #7654 ) ) ;
#5842 = CARTESIAN_POINT ( 'NONE',  ( -287.8556549163546379, 5.500000000000000888, 17.87006695409030854 ) ) ;
#5843 = DIRECTION ( 'NONE',  ( -1.000000000000000000, 0.000000000000000000, 0.000000000000000000 ) ) ;
#5844 = DIRECTION ( 'NONE',  ( 0.000000000000000000, 1.000000000000000000, 0.000000000000000000 ) ) ;
#5845 = ORIENTED_EDGE ( 'NONE', *, *, #1857, .T. ) ;
#5846 = CARTESIAN_POINT ( 'NONE',  ( -285.7953792149623951, 3.977365129228491725, -170.1580123797437238 ) ) ;
#5847 = DIRECTION ( 'NONE',  ( -1.000000000000000000, 0.000000000000000000, 0.000000000000000000 ) ) ;
#5848 = CARTESIAN_POINT ( 'NONE',  ( -386.9352240827998912, 4.500000000000002665, -169.2210590117058473 ) ) ;
#5849 = ORIENTED_EDGE ( 'NONE', *, *, #1586, .T. ) ;
#5850 = EDGE_CURVE ( 'NONE', #4399, #1174, #6379, .T. ) ;
#5851 = ORIENTED_EDGE ( 'NONE', *, *, #8733, .F. ) ;
#5852 = CARTESIAN_POINT ( 'NONE',  ( -246.8556549163562295, 4.956866186363066973, -54.42659375775922825 ) ) ;
#5853 = ADVANCED_FACE ( 'NONE', ( #7853 ), #7924, .F. ) ;
#5854 = CARTESIAN_POINT ( 'NONE',  ( -426.1542441566582511, 4.783366251787010803, -169.1088376623529257 ) ) ;
#5855 = CARTESIAN_POINT ( 'NONE',  ( -388.8556549163546379, 8.000000000000000000, 14.74756795489105876 ) ) ;
#5856 = AXIS2_PLACEMENT_3D ( 'NONE', #699, #3544, #6382 ) ;
#5857 = CARTESIAN_POINT ( 'NONE',  ( -267.8832556423644178, 3.972307589721717935, -170.1577011716906611 ) ) ;
#5858 = DIRECTION ( 'NONE',  ( 1.000000000000000000, 0.000000000000000000, 0.000000000000000000 ) ) ;
#5859 = DIRECTION ( 'NONE',  ( -1.000000000000000000, -0.000000000000000000, -0.000000000000000000 ) ) ;
#5860 = CARTESIAN_POINT ( 'NONE',  ( -327.8556549163545810, 5.445450499394114630, -168.4622801552191902 ) ) ;
#5861 = EDGE_CURVE ( 'NONE', #3991, #759, #5866, .T. ) ;
#5862 = CARTESIAN_POINT ( 'NONE',  ( -407.8315431898163297, 5.274054342412577867, -168.6910333621777056 ) ) ;
#5863 = CARTESIAN_POINT ( 'NONE',  ( -285.4872149242659702, 4.293400979081465785, -170.0835836746730365 ) ) ;
#5864 = DIRECTION ( 'NONE',  ( -1.000000000000000000, -0.000000000000000000, -0.000000000000000000 ) ) ;
#5865 = CARTESIAN_POINT ( 'NONE',  ( -287.8891550493725049, 6.023662094633627007, 18.73182695911979678 ) ) ;
#5866 = CIRCLE ( 'NONE', #7933, 5.000000000000004441 ) ;
#5867 = CARTESIAN_POINT ( 'NONE',  ( -304.8556549163545810, 6.124999999999951150, -169.1555557941079542 ) ) ;
#5868 = ORIENTED_EDGE ( 'NONE', *, *, #8138, .T. ) ;
#5869 = CARTESIAN_POINT ( 'NONE',  ( -288.2240811334461341, 4.293272472136263396, -170.0836341850529436 ) ) ;
#5870 = EDGE_CURVE ( 'NONE', #3650, #6846, #6744, .T. ) ;
#5871 = CARTESIAN_POINT ( 'NONE',  ( -267.8316368210776091, 5.274488668813068770, 18.18564206969833563 ) ) ;
#5872 = CARTESIAN_POINT ( 'NONE',  ( -267.3782660746425677, 4.643937170568207762, -169.1747185638574820 ) ) ;
#5873 = EDGE_LOOP ( 'NONE', ( #3054, #8684, #8680, #377 ) ) ;
#5874 = AXIS2_PLACEMENT_3D ( 'NONE', #7257, #877, #4280 ) ;
#5875 = DIRECTION ( 'NONE',  ( -0.000000000000000000, -0.000000000000000000, -1.000000000000000000 ) ) ;
#5876 = DIRECTION ( 'NONE',  ( 0.000000000000000000, 0.000000000000000000, 1.000000000000000000 ) ) ;
#5877 = PLANE ( 'NONE',  #2428 ) ;
#5878 = AXIS2_PLACEMENT_3D ( 'NONE', #7104, #7885, #3614 ) ;
#5879 = CARTESIAN_POINT ( 'NONE',  ( -287.7854562619177159, 5.116383170996371632, 18.36058535655307011 ) ) ;
#5880 = CARTESIAN_POINT ( 'NONE',  ( -307.0145012863558236, 4.500000000000002665, 18.71619492148796127 ) ) ;
#5881 = CARTESIAN_POINT ( 'NONE',  ( -246.8556549163562011, 4.288945350994384675, -94.58100677654235255 ) ) ;
#5882 = ORIENTED_EDGE ( 'NONE', *, *, #7482, .T. ) ;
#5883 = ORIENTED_EDGE ( 'NONE', *, *, #2527, .T. ) ;
#5884 = ORIENTED_EDGE ( 'NONE', *, *, #7918, .T. ) ;
#5885 = EDGE_CURVE ( 'NONE', #5752, #659, #2676, .T. ) ;
#5886 = CIRCLE ( 'NONE', #827, 1.000000000000000888 ) ;
#5887 = CARTESIAN_POINT ( 'NONE',  ( -405.0206529386377952, 5.118411189684464624, -169.7844892460059896 ) ) ;
#5888 = DIRECTION ( 'NONE',  ( 0.000000000000000000, 0.000000000000000000, 1.000000000000000000 ) ) ;
#5889 = FACE_OUTER_BOUND ( 'NONE', #3467, .T. ) ;
#5890 = VERTEX_POINT ( 'NONE', #2548 ) ;
#5891 = FACE_OUTER_BOUND ( 'NONE', #5054, .T. ) ;
#5892 = CARTESIAN_POINT ( 'NONE',  ( -285.7771935235824117, 5.603816879088945768, 19.02313073663665932 ) ) ;
#5893 = CIRCLE ( 'NONE', #1870, 4.500000000000003553 ) ;
#5894 = CARTESIAN_POINT ( 'NONE',  ( -366.3332601840948541, 4.643806473694051640, -169.1747701886794744 ) ) ;
#5895 = ORIENTED_EDGE ( 'NONE', *, *, #5506, .F. ) ;
#5896 = SURFACE_SIDE_STYLE ('',( #470 ) ) ;
#5897 = ORIENTED_EDGE ( 'NONE', *, *, #8570, .T. ) ;
#5898 = CARTESIAN_POINT ( 'NONE',  ( -246.8556549163562295, 4.729444688208487513, -57.25243204510888972 ) ) ;
#5899 = CARTESIAN_POINT ( 'NONE',  ( -425.8556549163545810, 5.500000000000000888, -168.3749310443081413 ) ) ;
#5900 = CARTESIAN_POINT ( 'NONE',  ( -347.8556549163546379, 5.500000000000000888, 17.87006695409029788 ) ) ;
#5901 = ORIENTED_EDGE ( 'NONE', *, *, #5520, .F. ) ;
#5902 = PLANE ( 'NONE',  #3077 ) ;
#5903 = EDGE_CURVE ( 'NONE', #7580, #1737, #1846, .T. ) ;
#5904 = DIRECTION ( 'NONE',  ( -1.000000000000000000, -0.000000000000000000, -0.000000000000000000 ) ) ;
#5905 = CARTESIAN_POINT ( 'NONE',  ( -265.8556549163546379, 5.416358229831103266, -168.5088650666895091 ) ) ;
#5906 = CIRCLE ( 'NONE', #8876, 1.000000000000000888 ) ;
#5907 = ADVANCED_FACE ( 'NONE', ( #8213 ), #1716, .T. ) ;
#5908 = CARTESIAN_POINT ( 'NONE',  ( -347.1328832646760816, 3.643135913638819723, -170.2110269203438122 ) ) ;
#5909 = AXIS2_PLACEMENT_3D ( 'NONE', #1453, #1828, #6340 ) ;
#5910 = CARTESIAN_POINT ( 'NONE',  ( -386.0329310716495570, 4.927818611583308694, -169.0176293865097534 ) ) ;
#5911 = CARTESIAN_POINT ( 'NONE',  ( -308.6730116749450872, 5.070098603588712116, -169.8061121740519752 ) ) ;
#5912 = FACE_OUTER_BOUND ( 'NONE', #1500, .T. ) ;
#5913 = DIRECTION ( 'NONE',  ( -1.000000000000000000, 0.000000000000000000, 0.000000000000000000 ) ) ;
#5914 = ORIENTED_EDGE ( 'NONE', *, *, #8603, .F. ) ;
#5915 = CARTESIAN_POINT ( 'NONE',  ( -288.0046369833598305, 4.071125995611724058, -170.1376911892802468 ) ) ;
#5916 = CARTESIAN_POINT ( 'NONE',  ( -348.7767999200669919, 5.412504818267938056, 19.13015040621105101 ) ) ;
#5917 = VECTOR ( 'NONE', #8248, 1000.000000000000000 ) ;
#5918 = ADVANCED_FACE ( 'NONE', ( #3856 ), #1099, .F. ) ;
#5919 = ORIENTED_EDGE ( 'NONE', *, *, #2733, .F. ) ;
#5920 = CIRCLE ( 'NONE', #412, 1.150000000000012124 ) ;
#5921 = DIRECTION ( 'NONE',  ( 0.000000000000000000, -0.000000000000000000, -1.000000000000000000 ) ) ;
#5922 = CARTESIAN_POINT ( 'NONE',  ( -386.8556549163546379, 4.500000000000000888, 18.71619492148794350 ) ) ;
#5923 = DIRECTION ( 'NONE',  ( -1.000000000000000000, -0.000000000000000000, -0.000000000000000000 ) ) ;
#5924 = CARTESIAN_POINT ( 'NONE',  ( -265.0753333789934914, 4.974239720232511708, -169.8486235559576585 ) ) ;
#5925 = DIRECTION ( 'NONE',  ( -0.000000000000000000, -0.7806247497998084484, 0.6249999999999892308 ) ) ;
#5926 = CARTESIAN_POINT ( 'NONE',  ( -386.8556549163546379, 4.500000000000000888, 18.71619492148794350 ) ) ;
#5927 = EDGE_LOOP ( 'NONE', ( #1268, #4303, #7138, #4821 ) ) ;
#5928 = ORIENTED_EDGE ( 'NONE', *, *, #6505, .T. ) ;
#5929 = VERTEX_POINT ( 'NONE', #2368 ) ;
#5930 = VECTOR ( 'NONE', #5844, 1000.000000000000000 ) ;
#5931 = CARTESIAN_POINT ( 'NONE',  ( -405.9453488993511883, 5.030307165849416506, -169.8492616367375661 ) ) ;
#5932 = CARTESIAN_POINT ( 'NONE',  ( -406.5456845957266978, 4.546024630548740397, 18.70368321587406157 ) ) ;
#5933 = DIRECTION ( 'NONE',  ( 0.000000000000000000, 0.000000000000000000, -1.000000000000000000 ) ) ;
#5934 = CARTESIAN_POINT ( 'NONE',  ( -306.6981921440525980, 4.509365819018567478, 18.71396276295645222 ) ) ;
#5935 = FACE_OUTER_BOUND ( 'NONE', #3429, .T. ) ;
#5936 = EDGE_LOOP ( 'NONE', ( #1867, #5243, #5622, #4764 ) ) ;
#5937 = CARTESIAN_POINT ( 'NONE',  ( -436.8556549163562295, 8.000000000000000000, -165.2524320451089181 ) ) ;
#5938 = ADVANCED_FACE ( 'NONE', ( #6733 ), #1282, .F. ) ;
#5939 = CARTESIAN_POINT ( 'NONE',  ( -286.8556549163546379, 3.625000000000000444, 19.70835166313717934 ) ) ;
#5940 = AXIS2_PLACEMENT_3D ( 'NONE', #6806, #476, #4720 ) ;
#5941 = CARTESIAN_POINT ( 'NONE',  ( -365.9771489546599810, 5.002226165318923279, -168.9661219778111558 ) ) ;
#5942 = ORIENTED_EDGE ( 'NONE', *, *, #963, .T. ) ;
#5943 = DIRECTION ( 'NONE',  ( -2.921639538487254261E-16, 0.000000000000000000, 1.000000000000000000 ) ) ;
#5944 = ORIENTED_EDGE ( 'NONE', *, *, #7343, .F. ) ;
#5945 = CARTESIAN_POINT ( 'NONE',  ( -248.3071086532474965, 3.745271593363690865, -55.94093983272198045 ) ) ;
#5946 = CARTESIAN_POINT ( 'NONE',  ( -445.8556549163562863, 3.750000000000000000, -73.35243204510885562 ) ) ;
#5947 = CARTESIAN_POINT ( 'NONE',  ( -268.8556549163546379, 5.499999999999960920, -168.3749310443081413 ) ) ;
#5948 = DIRECTION ( 'NONE',  ( 1.000000000000000000, 0.000000000000000000, 2.921639538487137411E-16 ) ) ;
#5949 = EDGE_CURVE ( 'NONE', #1076, #6989, #2594, .T. ) ;
#5950 = DIRECTION ( 'NONE',  ( -1.000000000000000000, 0.000000000000000000, 0.000000000000000000 ) ) ;
#5951 = CARTESIAN_POINT ( 'NONE',  ( -428.8076187213023900, 5.561221672467643984, 19.04516059758636004 ) ) ;
#5952 = CARTESIAN_POINT ( 'NONE',  ( -347.4028659782060231, 3.714219789345969858, -170.2012881788659513 ) ) ;
#5953 = EDGE_CURVE ( 'NONE', #2711, #3247, #2041, .T. ) ;
#5954 = CARTESIAN_POINT ( 'NONE',  ( -387.8556549163546379, 3.000000000000000000, 14.74756795489105876 ) ) ;
#5955 = CARTESIAN_POINT ( 'NONE',  ( -308.2240811334461341, 4.293272472136263396, -170.0836341850529436 ) ) ;
#5956 = CARTESIAN_POINT ( 'NONE',  ( -288.4196393853989093, 4.557655364780686114, 19.50052010153131121 ) ) ;
#5957 = CARTESIAN_POINT ( 'NONE',  ( -288.8556549163546379, 3.000000000000000000, 14.74756795489107120 ) ) ;
#5958 = FACE_OUTER_BOUND ( 'NONE', #6657, .T. ) ;
#5959 = CARTESIAN_POINT ( 'NONE',  ( -347.9159306177391500, 3.977365129224792462, 19.65314828952653414 ) ) ;
#5960 = CARTESIAN_POINT ( 'NONE',  ( -286.6962559281095082, 3.624999999999966693, 19.70835166313719000 ) ) ;
#5961 = ORIENTED_EDGE ( 'NONE', *, *, #4916, .F. ) ;
#5962 = ADVANCED_FACE ( 'NONE', ( #8973 ), #4232, .F. ) ;
#5963 = CARTESIAN_POINT ( 'NONE',  ( -408.3192064024752881, 4.413286528475440562, -170.0503831160281436 ) ) ;
#5964 = CARTESIAN_POINT ( 'NONE',  ( -406.4724515316910356, 4.571621889987041776, 19.56339676126327376 ) ) ;
#5965 = CYLINDRICAL_SURFACE ( 'NONE', #7319, 5.000000000000004441 ) ;
#5966 = DIRECTION ( 'NONE',  ( 0.000000000000000000, 0.000000000000000000, -1.000000000000000000 ) ) ;
#5967 = PLANE ( 'NONE',  #75 ) ;
#5968 = ORIENTED_EDGE ( 'NONE', *, *, #2502, .F. ) ;
#5969 = ORIENTED_EDGE ( 'NONE', *, *, #7391, .F. ) ;
#5970 = ORIENTED_EDGE ( 'NONE', *, *, #4880, .F. ) ;
#5971 = EDGE_CURVE ( 'NONE', #7332, #3315, #5267, .T. ) ;
#5972 = CARTESIAN_POINT ( 'NONE',  ( -427.1725692415430444, 3.649012588301082882, -170.2103416934246525 ) ) ;
#5973 = CARTESIAN_POINT ( 'NONE',  ( -327.8832556423643041, 3.972307589721717935, -170.1577011716906611 ) ) ;
#5974 = CARTESIAN_POINT ( 'NONE',  ( -328.8556549163545810, 7.000000000000000000, -165.2524320451089181 ) ) ;
#5975 = CARTESIAN_POINT ( 'NONE',  ( -327.4432341558165263, 4.687416699501574691, 18.65198200092680025 ) ) ;
#5976 = CARTESIAN_POINT ( 'NONE',  ( -366.0199841525925990, 4.946426151581507114, 18.49902245509282395 ) ) ;
#5977 = ORIENTED_EDGE ( 'NONE', *, *, #160, .F. ) ;
#5978 = CARTESIAN_POINT ( 'NONE',  ( -444.8556549163562295, 1.199999999999999956, -82.25243204510888972 ) ) ;
#5979 = DIRECTION ( 'NONE',  ( 1.000000000000000000, 0.000000000000000000, 0.000000000000000000 ) ) ;
#5980 = CARTESIAN_POINT ( 'NONE',  ( -305.8556549163546379, 7.000000000000000000, 19.74756795489107475 ) ) ;
#5981 = ADVANCED_FACE ( 'NONE', ( #1844 ), #1256, .F. ) ;
#5982 = ORIENTED_EDGE ( 'NONE', *, *, #3668, .F. ) ;
#5983 = DIRECTION ( 'NONE',  ( -2.921639538487254261E-16, 0.000000000000000000, 1.000000000000000000 ) ) ;
#5984 = ORIENTED_EDGE ( 'NONE', *, *, #8713, .T. ) ;
#5985 = AXIS2_PLACEMENT_3D ( 'NONE', #7893, #2973, #826 ) ;
#5986 = CARTESIAN_POINT ( 'NONE',  ( -387.1706563213436425, 3.648547497292133013, 19.70553982308454266 ) ) ;
#5987 = AXIS2_PLACEMENT_3D ( 'NONE', #8185, #1168, #7536 ) ;
#5988 = FACE_OUTER_BOUND ( 'NONE', #2607, .T. ) ;
#5989 = LINE ( 'NONE', #2407, #2135 ) ;
#5990 = EDGE_LOOP ( 'NONE', ( #544, #1680, #3367, #1567 ) ) ;
#5991 = DIRECTION ( 'NONE',  ( 0.000000000000000000, 0.000000000000000000, -1.000000000000000000 ) ) ;
#5992 = DIRECTION ( 'NONE',  ( -1.000000000000000000, -0.000000000000000000, -0.000000000000000000 ) ) ;
#5993 = ORIENTED_EDGE ( 'NONE', *, *, #1764, .T. ) ;
#5994 = CARTESIAN_POINT ( 'NONE',  ( -265.9258535707914461, 5.116383170996373408, -168.8654494467709242 ) ) ;
#5995 = CARTESIAN_POINT ( 'NONE',  ( -346.8556549163546379, 3.625000000000000444, -170.2132157533550298 ) ) ;
#5996 = ADVANCED_FACE ( 'NONE', ( #4691 ), #3295, .F. ) ;
#5997 = AXIS2_PLACEMENT_3D ( 'NONE', #7303, #926, #87 ) ;
#5998 = CARTESIAN_POINT ( 'NONE',  ( -256.8556549163562295, 0.000000000000000000, 19.74756795489107475 ) ) ;
#5999 = DIRECTION ( 'NONE',  ( 1.000000000000000000, 0.000000000000000000, 0.000000000000000000 ) ) ;
#6000 = CARTESIAN_POINT ( 'NONE',  ( -287.4112993772124582, 3.698795873749040730, 19.70051105391998547 ) ) ;
#6001 = CARTESIAN_POINT ( 'NONE',  ( -287.8556549163546379, 5.500000000000000888, -168.3749310443081413 ) ) ;
#6002 = CARTESIAN_POINT ( 'NONE',  ( -407.5005204068764328, 4.723855547281281098, 18.63922123801376785 ) ) ;
#6003 = CARTESIAN_POINT ( 'NONE',  ( -348.6359764537195929, 4.974239720234266748, 19.34375946573907257 ) ) ;
#6004 = CIRCLE ( 'NONE', #6449, 5.000000000000000888 ) ;
#6005 = CARTESIAN_POINT ( 'NONE',  ( -305.8950824154304655, 5.215001926881828176, -168.7584980031488442 ) ) ;
#6006 = VERTEX_POINT ( 'NONE', #386 ) ;
#6007 = AXIS2_PLACEMENT_3D ( 'NONE', #6132, #6116, #5285 ) ;
#6008 = CARTESIAN_POINT ( 'NONE',  ( -408.5565095793086812, 4.800895434974115084, -169.9191317973535433 ) ) ;
#6009 = CARTESIAN_POINT ( 'NONE',  ( -405.8275480452114721, 5.301471067488782829, 19.20178546512134332 ) ) ;
#6010 = CIRCLE ( 'NONE', #7935, 1.349999999999977884 ) ;
#6011 = CARTESIAN_POINT ( 'NONE',  ( -441.8556549163562295, 0.000000000000000000, 24.74756795489111028 ) ) ;
#6012 = DIRECTION ( 'NONE',  ( 0.000000000000000000, 0.000000000000000000, -1.000000000000000000 ) ) ;
#6013 = EDGE_CURVE ( 'NONE', #886, #4837, #6604, .T. ) ;
#6014 = AXIS2_PLACEMENT_3D ( 'NONE', #2323, #307, #4556 ) ;
#6015 = CARTESIAN_POINT ( 'NONE',  ( -387.7458156832534542, 5.039695888600658868, 18.42452116067953583 ) ) ;
#6016 = ORIENTED_EDGE ( 'NONE', *, *, #7619, .F. ) ;
#6017 = ORIENTED_EDGE ( 'NONE', *, *, #3905, .T. ) ;
#6018 = ADVANCED_FACE ( 'NONE', ( #5935 ), #7498, .T. ) ;
#6019 = TOROIDAL_SURFACE ( 'NONE', #8393, 4.000000000000000000, 1.000000000000000000 ) ;
#6020 = ORIENTED_EDGE ( 'NONE', *, *, #1642, .T. ) ;
#6021 = TOROIDAL_SURFACE ( 'NONE', #8397, 4.000000000000000000, 1.000000000000000000 ) ;
#6022 = DIRECTION ( 'NONE',  ( 0.000000000000000000, 0.000000000000000000, -1.000000000000000000 ) ) ;
#6023 = CARTESIAN_POINT ( 'NONE',  ( -305.3921034302338740, 4.413286528475444115, 19.54551902581030376 ) ) ;
#6024 = CARTESIAN_POINT ( 'NONE',  ( -285.8653458581868563, 5.323809698952779002, 18.13052145899955292 ) ) ;
#6025 = DIRECTION ( 'NONE',  ( -1.000000000000000000, -0.000000000000000000, -0.000000000000000000 ) ) ;
#6026 = ORIENTED_EDGE ( 'NONE', *, *, #264, .F. ) ;
#6027 = CARTESIAN_POINT ( 'NONE',  ( -385.7051140906760338, 4.072590210801840804, -170.1373539892367148 ) ) ;
#6028 = CARTESIAN_POINT ( 'NONE',  ( -324.9920633294132131, 5.206273164145624577, -169.7419914405895156 ) ) ;
#6029 = CARTESIAN_POINT ( 'NONE',  ( -424.8556549163544105, 5.877655079465398558, -169.3535902214992745 ) ) ;
#6030 = ORIENTED_EDGE ( 'NONE', *, *, #2917, .F. ) ;
#6031 = ADVANCED_FACE ( 'NONE', ( #1787 ), #8153, .F. ) ;
#6032 = ORIENTED_EDGE ( 'NONE', *, *, #8834, .F. ) ;
#6033 = VECTOR ( 'NONE', #2518, 1000.000000000000000 ) ;
#6034 = CARTESIAN_POINT ( 'NONE',  ( -388.0061957420330145, 4.072590210801798172, 19.63248989901885366 ) ) ;
#6035 = VECTOR ( 'NONE', #4667, 1000.000000000000000 ) ;
#6036 =( BOUNDED_SURFACE ( )  B_SPLINE_SURFACE ( 3, 2, ( 
 ( #2803, #5650, #3588 ),
 ( #8518, #2932, #7264 ),
 ( #2144, #8474, #2099 ),
 ( #787, #47, #4990 ),
 ( #5, #6422, #2886 ),
 ( #7859, #8568, #2191 ),
 ( #5039, #6469, #5082 ),
 ( #8615, #2237, #1768 ),
 ( #4562, #8702, #1809 ),
 ( #7348, #3069, #2330 ),
 ( #4511, #6605, #1063 ),
 ( #7395, #1675, #2465 ),
 ( #5356, #6052, #8131 ),
 ( #7476, #1721, #6561 ) ),
 .UNSPECIFIED., .F., .F., .F. ) 
 B_SPLINE_SURFACE_WITH_KNOTS ( ( 4, 2, 2, 2, 2, 2, 4 ),
 ( 3, 3 ),
 ( 0.001015998582458477444, 0.001428449273944988693, 0.001840899965431500159, 0.002253350656918011626, 0.002665801348404522875, 0.003490702731377545807, 0.004315604114350568739 ),
 ( 0.000000000000000000, 1.000000000000000000 ),
 .UNSPECIFIED. ) 
 GEOMETRIC_REPRESENTATION_ITEM ( )  RATIONAL_B_SPLINE_SURFACE ( (
 ( 1.000000000000000000, 0.7071067811865494601, 1.000000000000000000),
 ( 1.000000000000000000, 0.7191539465619846139, 1.000000000000000000),
 ( 1.000000000000000000, 0.7296663882557382630, 1.000000000000000000),
 ( 1.000000000000000000, 0.7474372416598501490, 1.000000000000000000),
 ( 1.000000000000000000, 0.7547518899039969975, 1.000000000000000000),
 ( 1.000000000000000000, 0.7656299723738685392, 1.000000000000000000),
 ( 1.000000000000000000, 0.7691951883262585499, 1.000000000000000000),
 ( 1.000000000000000000, 0.7731396846999082362, 1.000000000000000000),
 ( 1.000000000000000000, 0.7734820014422115753, 1.000000000000000000),
 ( 1.000000000000000000, 0.7709873420212794981, 1.000000000000000000),
 ( 1.000000000000000000, 0.7646994115825965777, 1.000000000000000000),
 ( 1.000000000000000000, 0.7540697026766637334, 1.000000000000000000),
 ( 1.000000000000000000, 0.7498104614823301040, 1.000000000000000000),
 ( 1.000000000000000000, 0.7499999999999998890, 1.000000000000000000) ) ) 
 REPRESENTATION_ITEM ( '' )  SURFACE ( )  );
#6037 = CARTESIAN_POINT ( 'NONE',  ( -345.7771466374571787, 5.604658406164471529, -169.5274669064345971 ) ) ;
#6038 = DIRECTION ( 'NONE',  ( 2.921639538487254261E-16, -0.000000000000000000, -1.000000000000000000 ) ) ;
#6039 = CARTESIAN_POINT ( 'NONE',  ( -444.8556549163562295, 3.750000000000000000, -72.00243204510887551 ) ) ;
#6040 = CARTESIAN_POINT ( 'NONE',  ( -308.8556549163546379, 5.499999999999954703, 17.87006695409030499 ) ) ;
#6041 = DIRECTION ( 'NONE',  ( -1.000000000000000000, -0.000000000000000000, -0.000000000000000000 ) ) ;
#6042 = EDGE_LOOP ( 'NONE', ( #955, #5968, #8673, #6193 ) ) ;
#6043 = VECTOR ( 'NONE', #5153, 1000.000000000000000 ) ;
#6044 = CARTESIAN_POINT ( 'NONE',  ( -428.7767999200669919, 5.412504818268084605, 19.13015040621096574 ) ) ;
#6045 = CARTESIAN_POINT ( 'NONE',  ( -347.7894550112946490, 3.907503744616715124, -170.1698937144555259 ) ) ;
#6046 = CARTESIAN_POINT ( 'NONE',  ( -366.7017651815500585, 4.508727177064884017, 19.59378512594899746 ) ) ;
#6047 = VECTOR ( 'NONE', #5836, 1000.000000000000000 ) ;
#6048 = CARTESIAN_POINT ( 'NONE',  ( -327.8556549163545810, 5.500000000000000888, 17.87006695409030144 ) ) ;
#6049 = DIRECTION ( 'NONE',  ( 0.000000000000000000, 0.000000000000000000, 1.000000000000000000 ) ) ;
#6050 = AXIS2_PLACEMENT_3D ( 'NONE', #9107, #8399, #7831 ) ;
#6051 = CIRCLE ( 'NONE', #7525, 5.000000000000000888 ) ;
#6052 = CARTESIAN_POINT ( 'NONE',  ( -307.0081178026993598, 4.500000005119374258, 19.59811202265062136 ) ) ;
#6053 = CARTESIAN_POINT ( 'NONE',  ( -408.8076187213023900, 5.561221672467643984, 19.04516059758636359 ) ) ;
#6054 = CARTESIAN_POINT ( 'NONE',  ( -347.1334771471020417, 4.529518349321822512, 18.70992244051403119 ) ) ;
#6055 = EDGE_CURVE ( 'NONE', #2759, #5265, #3277, .T. ) ;
#6056 = CIRCLE ( 'NONE', #101, 1.000000000000000888 ) ;
#6057 = CARTESIAN_POINT ( 'NONE',  ( -306.3000104555045482, 3.698795873745365892, -170.2053751441384293 ) ) ;
#6058 = EDGE_LOOP ( 'NONE', ( #5387, #6068, #3613, #8391 ) ) ;
#6059 = AXIS2_PLACEMENT_3D ( 'NONE', #2239, #5040, #1589 ) ;
#6060 = CARTESIAN_POINT ( 'NONE',  ( -407.6193619629651721, 3.807091139239944244, -170.1875765360216803 ) ) ;
#6061 = CARTESIAN_POINT ( 'NONE',  ( -256.8556549163562295, 3.000000000000000000, 14.74756795489107475 ) ) ;
#6062 = CARTESIAN_POINT ( 'NONE',  ( 0.000000000000000000, 8.000000000000000000, 0.000000000000000000 ) ) ;
#6063 = VECTOR ( 'NONE', #939, 1000.000000000000000 ) ;
#6064 = CARTESIAN_POINT ( 'NONE',  ( -256.8556549163562295, 3.000000000000000000, -165.2524320451089181 ) ) ;
#6065 = AXIS2_PLACEMENT_3D ( 'NONE', #262, #5299, #5347 ) ;
#6066 = CYLINDRICAL_SURFACE ( 'NONE', #7055, 1.000000000000000888 ) ;
#6067 = VERTEX_POINT ( 'NONE', #245 ) ;
#6068 = ORIENTED_EDGE ( 'NONE', *, *, #2881, .F. ) ;
#6069 = ORIENTED_EDGE ( 'NONE', *, *, #5609, .T. ) ;
#6070 = EDGE_CURVE ( 'NONE', #6488, #3419, #3115, .T. ) ;
#6071 = LINE ( 'NONE', #3916, #3949 ) ;
#6072 = CARTESIAN_POINT ( 'NONE',  ( -345.8556549163545810, 7.000000000000000000, -165.2524320451089181 ) ) ;
#6073 = CARTESIAN_POINT ( 'NONE',  ( -385.8653458581869131, 5.323809698952779002, 18.13052145899954226 ) ) ;
#6074 = DIRECTION ( 'NONE',  ( 0.000000000000000000, 1.170938346284343684E-14, -1.000000000000000000 ) ) ;
#6075 = CARTESIAN_POINT ( 'NONE',  ( -387.4432341558166968, 4.687416699501575579, 18.65198200092679670 ) ) ;
#6076 = EDGE_LOOP ( 'NONE', ( #7042, #1013, #3871, #964 ) ) ;
#6077 = DIRECTION ( 'NONE',  ( -2.921639538487254261E-16, 0.000000000000000000, 1.000000000000000000 ) ) ;
#6078 = CARTESIAN_POINT ( 'NONE',  ( -326.2379236663685447, 3.739288344263323349, -170.1976875133409237 ) ) ;
#6079 = CARTESIAN_POINT ( 'NONE',  ( -444.8556549163562295, 3.750000000000000000, -155.1524320451088954 ) ) ;
#6080 = EDGE_LOOP ( 'NONE', ( #8731, #7610, #5603, #471 ) ) ;
#6081 = ORIENTED_EDGE ( 'NONE', *, *, #6551, .T. ) ;
#6082 = FACE_OUTER_BOUND ( 'NONE', #3326, .T. ) ;
#6083 = CARTESIAN_POINT ( 'NONE',  ( -346.5803292312540975, 3.625000010539644713, -170.2132157520271392 ) ) ;
#6084 = CARTESIAN_POINT ( 'NONE',  ( -425.8556549163545810, 7.000000000000000000, -165.2524320451089181 ) ) ;
#6085 = EDGE_CURVE ( 'NONE', #8757, #1888, #3137, .T. ) ;
#6086 = AXIS2_PLACEMENT_3D ( 'NONE', #5079, #3585, #6466 ) ;
#6087 = CARTESIAN_POINT ( 'NONE',  ( -427.4941735763173938, 4.727315172675698562, -169.1377181951108355 ) ) ;
#6088 = EDGE_CURVE ( 'NONE', #807, #7099, #5022, .T. ) ;
#6089 = DIRECTION ( 'NONE',  ( 0.000000000000000000, 0.000000000000000000, -1.000000000000000000 ) ) ;
#6090 = ORIENTED_EDGE ( 'NONE', *, *, #372, .T. ) ;
#6091 = CARTESIAN_POINT ( 'NONE',  ( -427.5005204068764897, 4.723855547281281098, 18.63922123801376429 ) ) ;
#6092 = DIRECTION ( 'NONE',  ( 1.000000000000000000, 0.000000000000000000, 0.000000000000000000 ) ) ;
#6093 = DIRECTION ( 'NONE',  ( 0.000000000000000000, 0.000000000000000000, 1.000000000000000000 ) ) ;
#6094 = CARTESIAN_POINT ( 'NONE',  ( -285.8653422389340335, 5.324007913114984447, -168.6350940073689628 ) ) ;
#6095 = CARTESIAN_POINT ( 'NONE',  ( -385.7767238698797314, 5.710848127066449287, -169.4589822817108882 ) ) ;
#6096 = EDGE_CURVE ( 'NONE', #1145, #3152, #8084, .T. ) ;
#6097 = CARTESIAN_POINT ( 'NONE',  ( -442.8556549163562295, 3.750000000000000000, 5.997567954891120046 ) ) ;
#6098 = CARTESIAN_POINT ( 'NONE',  ( -304.8556549163546379, 7.000000000000000000, 14.74756795489107120 ) ) ;
#6099 = CARTESIAN_POINT ( 'NONE',  ( -408.1453858966529538, 4.184638865657097639, 19.61213454737422168 ) ) ;
#6100 = CARTESIAN_POINT ( 'NONE',  ( -347.9085373833142398, 5.400530990987543412, 19.14598017579336897 ) ) ;
#6101 = CARTESIAN_POINT ( 'NONE',  ( -305.7767238698797883, 5.710848127064479307, -169.4589822817070512 ) ) ;
#6102 = ORIENTED_EDGE ( 'NONE', *, *, #6635, .T. ) ;
#6103 = LINE ( 'NONE', #279, #6033 ) ;
#6104 = CARTESIAN_POINT ( 'NONE',  ( -405.8797666428928324, 5.274054342412983765, 18.18616927195839494 ) ) ;
#6105 = CARTESIAN_POINT ( 'NONE',  ( -445.8556549163562863, 3.750000000000000000, -157.8524320451088840 ) ) ;
#6106 = CARTESIAN_POINT ( 'NONE',  ( -328.8556549163545810, 7.000000000000000000, 14.74756795489106764 ) ) ;
#6107 = DIRECTION ( 'NONE',  ( 0.000000000000000000, 0.000000000000000000, 1.000000000000000000 ) ) ;
#6108 = ORIENTED_EDGE ( 'NONE', *, *, #3421, .T. ) ;
#6109 = ORIENTED_EDGE ( 'NONE', *, *, #913, .T. ) ;
#6110 = VERTEX_POINT ( 'NONE', #291 ) ;
#6111 = EDGE_CURVE ( 'NONE', #1942, #7447, #4537, .T. ) ;
#6112 = FACE_OUTER_BOUND ( 'NONE', #2517, .T. ) ;
#6113 = DIRECTION ( 'NONE',  ( 0.000000000000000000, 0.6249999999999882316, 0.7806247497998093365 ) ) ;
#6114 = DIRECTION ( 'NONE',  ( 0.000000000000000000, 0.6249999999999882316, 0.7806247497998093365 ) ) ;
#6115 = FACE_OUTER_BOUND ( 'NONE', #2658, .T. ) ;
#6116 = DIRECTION ( 'NONE',  ( -1.000000000000000000, -0.000000000000000000, -0.000000000000000000 ) ) ;
#6117 = ORIENTED_EDGE ( 'NONE', *, *, #3051, .T. ) ;
#6118 = LINE ( 'NONE', #3976, #2187 ) ;
#6119 = CARTESIAN_POINT ( 'NONE',  ( -326.5406535113654627, 3.648547497292145447, -170.2104039133024003 ) ) ;
#6120 = DIRECTION ( 'NONE',  ( -0.000000000000000000, 1.000000000000000000, -0.000000000000000000 ) ) ;
#6121 = ORIENTED_EDGE ( 'NONE', *, *, #2219, .T. ) ;
#6122 = ORIENTED_EDGE ( 'NONE', *, *, #2100, .T. ) ;
#6123 = CARTESIAN_POINT ( 'NONE',  ( -444.8556549163562295, 3.750000000000000000, -73.15243204510889541 ) ) ;
#6124 = CARTESIAN_POINT ( 'NONE',  ( -345.2916704473142318, 4.557655364776424634, -170.0053841917504371 ) ) ;
#6125 = CARTESIAN_POINT ( 'NONE',  ( -365.3921034302339876, 4.413286528475445891, 19.54551902581030021 ) ) ;
#6126 = CARTESIAN_POINT ( 'NONE',  ( -426.9255752421620969, 4.500000000000000888, -169.2210590109625343 ) ) ;
#6127 = ORIENTED_EDGE ( 'NONE', *, *, #1392, .F. ) ;
#6128 = CARTESIAN_POINT ( 'NONE',  ( -444.8556549163562295, 0.000000000000000000, -160.2524320451088897 ) ) ;
#6129 = ORIENTED_EDGE ( 'NONE', *, *, #4090, .F. ) ;
#6130 = ADVANCED_FACE ( 'NONE', ( #1041 ), #1876, .T. ) ;
#6131 = CARTESIAN_POINT ( 'NONE',  ( -406.1542441566581942, 4.783366251787010803, -169.1088376623529257 ) ) ;
#6132 = CARTESIAN_POINT ( 'NONE',  ( -444.8556549163562295, 3.750000000000000000, 5.997567954891120046 ) ) ;
#6133 = DIRECTION ( 'NONE',  ( -2.921639538487254261E-16, 0.000000000000000000, 1.000000000000000000 ) ) ;
#6134 = B_SPLINE_CURVE_WITH_KNOTS ( 'NONE', 3,
 ( #4796, #8269, #6283, #1904, #8416, #503, #3488, #4749, #7620, #7574, #1305, #9028, #7673, #1252, #9078, #2091 ),
 .UNSPECIFIED., .F., .F.,
 ( 4, 2, 2, 2, 2, 2, 2, 4 ),
 ( 0.000000000000000000, 0.0004712969428269021713, 0.0009425938856538043425, 0.001413890828480705592, 0.001885187771307606950, 0.002356484714134507875, 0.002827781656961409450, 0.003770375542615212166 ),
 .UNSPECIFIED. ) ;
#6135 = CARTESIAN_POINT ( 'NONE',  ( -265.1548002534006514, 4.800895434974115084, 19.41426770713572125 ) ) ;
#6136 = CARTESIAN_POINT ( 'NONE',  ( -266.8556549163546379, 4.500000000000000888, 18.71619492148796127 ) ) ;
#6137 = DIRECTION ( 'NONE',  ( -2.921639538487254261E-16, 0.000000000000000000, 1.000000000000000000 ) ) ;
#6138 = CARTESIAN_POINT ( 'NONE',  ( -246.8556549163562295, 6.184658438426472671, -57.25243204510889683 ) ) ;
#6139 = DIRECTION ( 'NONE',  ( -1.000000000000000000, -0.000000000000000000, -0.000000000000000000 ) ) ;
#6140 = CARTESIAN_POINT ( 'NONE',  ( -407.4112993772124582, 3.698795873749177954, 19.70051105391994994 ) ) ;
#6141 = CARTESIAN_POINT ( 'NONE',  ( -308.8270090655929607, 5.615024101080702046, 19.02036426553761217 ) ) ;
#6142 = CARTESIAN_POINT ( 'NONE',  ( -405.8556549163546379, 3.000000000000000000, 14.74756795489105698 ) ) ;
#6143 = ORIENTED_EDGE ( 'NONE', *, *, #8256, .F. ) ;
#6144 = ADVANCED_FACE ( 'NONE', ( #8106 ), #1304, .F. ) ;
#6145 = AXIS2_PLACEMENT_3D ( 'NONE', #8362, #552, #6830 ) ;
#6146 = CARTESIAN_POINT ( 'NONE',  ( -326.8556549163545810, 3.625000000000000000, -170.2132157533550298 ) ) ;
#6147 = CARTESIAN_POINT ( 'NONE',  ( -405.8601021806587141, 5.389166282607561698, 18.03814980593133299 ) ) ;
#6148 = FACE_OUTER_BOUND ( 'NONE', #2903, .T. ) ;
#6149 = CARTESIAN_POINT ( 'NONE',  ( -288.8074314588282050, 5.560135856428987999, -169.5506836905861405 ) ) ;
#6150 = AXIS2_PLACEMENT_3D ( 'NONE', #4066, #6898, #3372 ) ;
#6151 = FACE_OUTER_BOUND ( 'NONE', #26, .T. ) ;
#6152 = EDGE_LOOP ( 'NONE', ( #392, #1831, #7080 ) ) ;
#6153 =( LENGTH_UNIT ( ) NAMED_UNIT ( * ) SI_UNIT ( .MILLI., .METRE. ) );
#6154 = ORIENTED_EDGE ( 'NONE', *, *, #5491, .F. ) ;
#6155 = ORIENTED_EDGE ( 'NONE', *, *, #6301, .T. ) ;
#6156 = DIRECTION ( 'NONE',  ( 0.000000000000000000, 0.000000000000000000, -1.000000000000000000 ) ) ;
#6157 = DIRECTION ( 'NONE',  ( -0.000000000000000000, -0.7806247497998088924, 0.6249999999999886757 ) ) ;
#6158 = CARTESIAN_POINT ( 'NONE',  ( -307.8556549163545810, 5.416284592704887046, -168.5089829804601607 ) ) ;
#6159 = CIRCLE ( 'NONE', #6900, 1.000000000000000888 ) ;
#6160 = CARTESIAN_POINT ( 'NONE',  ( -307.7729944729223348, 5.097004927023129461, -168.8784084923340174 ) ) ;
#6161 = DIRECTION ( 'NONE',  ( 0.000000000000000000, -1.000000000000000000, 0.000000000000000000 ) ) ;
#6162 = ORIENTED_EDGE ( 'NONE', *, *, #3500, .F. ) ;
#6163 = DIRECTION ( 'NONE',  ( 2.921639538487254261E-16, -0.000000000000000000, -1.000000000000000000 ) ) ;
#6164 = CARTESIAN_POINT ( 'NONE',  ( -324.8556549163543536, 5.877655079465398558, -169.3535902214992745 ) ) ;
#6165 = CARTESIAN_POINT ( 'NONE',  ( -248.2402703009716163, 4.281686611218325389, -93.25243204510888972 ) ) ;
#6166 = VERTEX_POINT ( 'NONE', #4847 ) ;
#6167 = ADVANCED_FACE ( 'NONE', ( #7672 ), #2231, .F. ) ;
#6168 = AXIS2_PLACEMENT_3D ( 'NONE', #2093, #4943, #2878 ) ;
#6169 = ORIENTED_EDGE ( 'NONE', *, *, #6931, .T. ) ;
#6170 = CARTESIAN_POINT ( 'NONE',  ( -442.8556549163562295, 3.750000000000000000, -72.00243204510887551 ) ) ;
#6171 = LINE ( 'NONE', #1050, #8254 ) ;
#6172 = CARTESIAN_POINT ( 'NONE',  ( -366.8556549163546379, 3.625000000000000000, 19.70835166313716869 ) ) ;
#6173 = CARTESIAN_POINT ( 'NONE',  ( -428.1326922353961777, 4.193287934497922365, -170.1090397383235597 ) ) ;
#6174 = ORIENTED_EDGE ( 'NONE', *, *, #2277, .F. ) ;
#6175 = DIRECTION ( 'NONE',  ( -1.000000000000000000, 0.000000000000000000, 0.000000000000000000 ) ) ;
#6176 = FACE_OUTER_BOUND ( 'NONE', #4997, .T. ) ;
#6177 = EDGE_LOOP ( 'NONE', ( #8642, #4703 ) ) ;
#6178 = CARTESIAN_POINT ( 'NONE',  ( -308.8556549163546379, 3.000000000000000000, 14.74756795489106942 ) ) ;
#6179 = CARTESIAN_POINT ( 'NONE',  ( -347.6565166143253123, 4.875924695995476732, -169.9249766519588434 ) ) ;
#6180 = CARTESIAN_POINT ( 'NONE',  ( -426.2377123859574795, 3.739460732190677650, 19.69279628593737641 ) ) ;
#6181 = LINE ( 'NONE', #3442, #8540 ) ;
#6182 = EDGE_CURVE ( 'NONE', #3783, #2767, #3789, .T. ) ;
#6183 = DIRECTION ( 'NONE',  ( 0.000000000000000000, 1.000000000000000000, 0.000000000000000000 ) ) ;
#6184 = CARTESIAN_POINT ( 'NONE',  ( -305.2930420790493713, 4.555586803579796396, 19.50118134527031444 ) ) ;
#6185 = AXIS2_PLACEMENT_3D ( 'NONE', #8712, #6614, #2944 ) ;
#6186 = CARTESIAN_POINT ( 'NONE',  ( -248.8556549163562579, 0.000000000000000000, -97.25243204510888972 ) ) ;
#6187 = CIRCLE ( 'NONE', #4855, 1.000000000000000444 ) ;
#6188 = CARTESIAN_POINT ( 'NONE',  ( -287.4428557303486400, 4.687071811803892984, -169.1570276738594316 ) ) ;
#6189 = CARTESIAN_POINT ( 'NONE',  ( -367.1715777490388177, 4.538726258075911346, 18.70822841259225910 ) ) ;
#6190 = CARTESIAN_POINT ( 'NONE',  ( -264.8556549163545810, 6.124999999999951150, -169.1555557941079542 ) ) ;
#6191 = AXIS2_PLACEMENT_3D ( 'NONE', #424, #8853, #5966 ) ;
#6192 = CARTESIAN_POINT ( 'NONE',  ( -444.8556549163562295, 3.750000000000000000, -78.50243204510888972 ) ) ;
#6193 = ORIENTED_EDGE ( 'NONE', *, *, #1812, .T. ) ;
#6194 = CARTESIAN_POINT ( 'NONE',  ( -385.8029079935204209, 5.399915996860463530, 19.14633273389459944 ) ) ;
#6195 = CARTESIAN_POINT ( 'NONE',  ( -324.9038783738810139, 5.560135856430292733, 19.04581960036746935 ) ) ;
#6196 = CYLINDRICAL_SURFACE ( 'NONE', #2618, 1.000000000000000888 ) ;
#6197 = ADVANCED_FACE ( 'NONE', ( #4275 ), #7366, .T. ) ;
#6198 = CARTESIAN_POINT ( 'NONE',  ( -368.8556549163546379, 5.499999999999955591, 17.87006695409029788 ) ) ;
#6199 = EDGE_CURVE ( 'NONE', #1798, #2390, #7108, .T. ) ;
#6200 =( BOUNDED_SURFACE ( )  B_SPLINE_SURFACE ( 3, 2, ( 
 ( #3081, #1031, #6616 ),
 ( #2385, #3868, #7314 ),
 ( #8715, #1684, #323 ),
 ( #2342, #8670, #8802 ),
 ( #5186, #7357, #3824 ),
 ( #938, #6663, #234 ),
 ( #5924, #8762, #1730 ),
 ( #2426, #6705, #2247 ),
 ( #4387, #5094, #7912 ),
 ( #7221, #852, #2295 ),
 ( #3693, #6530, #148 ),
 ( #2991, #7583, #5364 ),
 ( #1212, #5504, #4616 ),
 ( #2475, #6887, #6840 ) ),
 .UNSPECIFIED., .F., .F., .F. ) 
 B_SPLINE_SURFACE_WITH_KNOTS ( ( 4, 2, 2, 2, 2, 2, 4 ),
 ( 3, 3 ),
 ( 0.001015998582458484817, 0.001428449273945002788, 0.001840899965431520759, 0.002253350656918038514, 0.002665801348404556702, 0.003490702731377592644, 0.004315604114350628587 ),
 ( 0.000000000000000000, 1.000000000000000000 ),
 .UNSPECIFIED. ) 
 GEOMETRIC_REPRESENTATION_ITEM ( )  RATIONAL_B_SPLINE_SURFACE ( (
 ( 1.000000000000000000, 0.7071067811865496822, 1.000000000000000000),
 ( 1.000000000000000000, 0.7191539465619442018, 1.000000000000000000),
 ( 1.000000000000000000, 0.7296663882558011016, 1.000000000000000000),
 ( 1.000000000000000000, 0.7474372416597908630, 1.000000000000000000),
 ( 1.000000000000000000, 0.7547518899035197126, 1.000000000000000000),
 ( 1.000000000000000000, 0.7656299723743469343, 1.000000000000000000),
 ( 1.000000000000000000, 0.7691951883259209310, 1.000000000000000000),
 ( 1.000000000000000000, 0.7731396847002443007, 1.000000000000000000),
 ( 1.000000000000000000, 0.7734820014411815103, 1.000000000000000000),
 ( 1.000000000000000000, 0.7709873420233366303, 1.000000000000000000),
 ( 1.000000000000000000, 0.7646994115827951966, 1.000000000000000000),
 ( 1.000000000000000000, 0.7540697026764631161, 1.000000000000000000),
 ( 1.000000000000000000, 0.7498104614824783187, 1.000000000000000000),
 ( 1.000000000000000000, 0.7500000000000004441, 1.000000000000000000) ) ) 
 REPRESENTATION_ITEM ( '' )  SURFACE ( )  );
#6201 = CARTESIAN_POINT ( 'NONE',  ( -387.1962908863438315, 4.557275686227510114, -169.2053451122197600 ) ) ;
#6202 = ORIENTED_EDGE ( 'NONE', *, *, #7173, .T. ) ;
#6203 = CARTESIAN_POINT ( 'NONE',  ( -304.9920633294132699, 5.206273164145624577, -169.7419914405895156 ) ) ;
#6204 = ORIENTED_EDGE ( 'NONE', *, *, #207, .F. ) ;
#6205 = AXIS2_PLACEMENT_3D ( 'NONE', #920, #3108, #5948 ) ;
#6206 = EDGE_LOOP ( 'NONE', ( #7125, #2937, #708, #8961 ) ) ;
#6207 = AXIS2_PLACEMENT_3D ( 'NONE', #5273, #7443, #7315 ) ;
#6208 = CARTESIAN_POINT ( 'NONE',  ( -368.2240949084432486, 4.293400979081427593, 19.57871958445520377 ) ) ;
#6209 = LINE ( 'NONE', #8862, #360 ) ;
#6210 = CARTESIAN_POINT ( 'NONE',  ( -386.0199841525926558, 4.946426151581507114, 18.49902245509282395 ) ) ;
#6211 = CIRCLE ( 'NONE', #4882, 4.000000000000003553 ) ;
#6212 = CARTESIAN_POINT ( 'NONE',  ( -307.8556549163546379, 6.124999999999970690, -169.1555557941079542 ) ) ;
#6213 = CARTESIAN_POINT ( 'NONE',  ( -367.5005204068765465, 4.723855547281345046, 18.63922123801329533 ) ) ;
#6214 = ORIENTED_EDGE ( 'NONE', *, *, #3853, .F. ) ;
#6215 = LINE ( 'NONE', #4256, #5134 ) ;
#6216 = CARTESIAN_POINT ( 'NONE',  ( -366.5406535113655195, 3.648547497292145447, -170.2104039133024003 ) ) ;
#6217 = ORIENTED_EDGE ( 'NONE', *, *, #917, .F. ) ;
#6218 = VECTOR ( 'NONE', #7040, 1000.000000000000000 ) ;
#6219 = EDGE_LOOP ( 'NONE', ( #8899, #7902, #7371, #3046 ) ) ;
#6220 = VECTOR ( 'NONE', #5530, 1000.000000000000000 ) ;
#6221 = CARTESIAN_POINT ( 'NONE',  ( -267.7651547829832452, 5.029006227352299518, -169.8499098049644829 ) ) ;
#6222 = CARTESIAN_POINT ( 'NONE',  ( -345.8556549163546379, 7.000000000000000000, 19.74756795489107475 ) ) ;
#6223 = EDGE_CURVE ( 'NONE', #4310, #6260, #7063, .T. ) ;
#6224 = CARTESIAN_POINT ( 'NONE',  ( -348.8556549163546379, 8.000000000000000000, 0.000000000000000000 ) ) ;
#6225 = ORIENTED_EDGE ( 'NONE', *, *, #6306, .F. ) ;
#6226 = DIRECTION ( 'NONE',  ( -0.000000000000000000, 1.000000000000000000, -0.000000000000000000 ) ) ;
#6227 = CARTESIAN_POINT ( 'NONE',  ( -445.8556549163562863, 7.000000000000000000, 0.000000000000000000 ) ) ;
#6228 = ORIENTED_EDGE ( 'NONE', *, *, #8183, .T. ) ;
#6229 = CARTESIAN_POINT ( 'NONE',  ( -427.1309806014496644, 3.625000010541184370, 19.70835166180910036 ) ) ;
#6230 = CARTESIAN_POINT ( 'NONE',  ( -347.9346251257288714, 5.710072106083486254, -169.4595015101596402 ) ) ;
#6231 = DIRECTION ( 'NONE',  ( -1.000000000000000000, 0.000000000000000000, -0.000000000000000000 ) ) ;
#6232 = CARTESIAN_POINT ( 'NONE',  ( -265.7066728493493315, 4.071125995611701853, 19.63282709906238210 ) ) ;
#6233 = VECTOR ( 'NONE', #8278, 1000.000000000000000 ) ;
#6234 = CARTESIAN_POINT ( 'NONE',  ( -386.3255170659738269, 4.640946051870844080, -169.1768963064188824 ) ) ;
#6235 = ADVANCED_FACE ( 'NONE', ( #5072 ), #6019, .F. ) ;
#6236 = CARTESIAN_POINT ( 'NONE',  ( -328.8556549163544673, 5.877829809576795128, -169.3534503254485060 ) ) ;
#6237 = CARTESIAN_POINT ( 'NONE',  ( -246.8556549163562579, 3.478463703444234945, -53.53999384666416006 ) ) ;
#6238 = DIRECTION ( 'NONE',  ( 1.000000000000000000, 0.000000000000000000, 0.000000000000000000 ) ) ;
#6239 = CARTESIAN_POINT ( 'NONE',  ( -367.8556549163546379, 5.500000000000000888, 17.87006695409029788 ) ) ;
#6240 = CARTESIAN_POINT ( 'NONE',  ( -308.2240949084433623, 4.293400979081429369, 19.57871958445522509 ) ) ;
#6241 = DIRECTION ( 'NONE',  ( 1.000000000000000000, 0.000000000000000000, 2.921639538487254261E-16 ) ) ;
#6242 = ORIENTED_EDGE ( 'NONE', *, *, #9019, .T. ) ;
#6243 = EDGE_CURVE ( 'NONE', #1145, #8809, #2750, .T. ) ;
#6244 = FACE_OUTER_BOUND ( 'NONE', #8993, .T. ) ;
#6245 = CARTESIAN_POINT ( 'NONE',  ( -326.1178533641422064, 4.807602833727296243, 19.45241613551850435 ) ) ;
#6246 = CARTESIAN_POINT ( 'NONE',  ( -425.0758246923423940, 4.972866850357532620, 19.34438404256380295 ) ) ;
#6247 = CARTESIAN_POINT ( 'NONE',  ( -384.8556549163546379, 6.124999999999944933, 18.65069170389010367 ) ) ;
#6248 = CARTESIAN_POINT ( 'NONE',  ( -388.8556549274293275, 5.988627236847626101, -169.2647413880723661 ) ) ;
#6249 = ORIENTED_EDGE ( 'NONE', *, *, #5120, .T. ) ;
#6250 = CARTESIAN_POINT ( 'NONE',  ( -404.8845655813710209, 5.613761050926164842, 19.02108699399691005 ) ) ;
#6251 = ORIENTED_EDGE ( 'NONE', *, *, #8861, .F. ) ;
#6252 = ADVANCED_FACE ( 'NONE', ( #4320 ), #6375, .F. ) ;
#6253 = ORIENTED_EDGE ( 'NONE', *, *, #8526, .T. ) ;
#6254 = EDGE_CURVE ( 'NONE', #4245, #4915, #2893, .T. ) ;
#6255 = DIRECTION ( 'NONE',  ( -1.000000000000000000, -0.000000000000000000, -0.000000000000000000 ) ) ;
#6256 = CARTESIAN_POINT ( 'NONE',  ( -368.8270090655929607, 5.615024101080702046, 19.02036426553760151 ) ) ;
#6257 = DIRECTION ( 'NONE',  ( 0.000000000000000000, 1.000000000000000000, 0.000000000000000000 ) ) ;
#6258 = CARTESIAN_POINT ( 'NONE',  ( -385.9109257861002789, 5.167696473586343764, 18.30361823599982429 ) ) ;
#6259 = FACE_OUTER_BOUND ( 'NONE', #6264, .T. ) ;
#6260 = VERTEX_POINT ( 'NONE', #3578 ) ;
#6261 = CARTESIAN_POINT ( 'NONE',  ( -428.8556549163546379, 8.000000000000000000, -165.2524320451089181 ) ) ;
#6262 = CARTESIAN_POINT ( 'NONE',  ( -248.3473622205776792, 3.480898462337798538, -94.79078028604817518 ) ) ;
#6263 = VERTEX_POINT ( 'NONE', #6412 ) ;
#6264 = EDGE_LOOP ( 'NONE', ( #380, #2215, #7161, #3458 ) ) ;
#6265 = ADVANCED_FACE ( 'NONE', ( #242 ), #825, .F. ) ;
#6266 = CARTESIAN_POINT ( 'NONE',  ( -268.6354851403668818, 4.972866850357087642, -169.8492481327818382 ) ) ;
#6267 = B_SPLINE_CURVE_WITH_KNOTS ( 'NONE', 3,
 ( #4499, #1707, #7333, #7380, #4408, #959, #8687, #3887, #3800, #7249, #254, #3010, #1010, #3847, #3191, #1754 ),
 .UNSPECIFIED., .F., .F.,
 ( 4, 2, 2, 2, 2, 2, 2, 4 ),
 ( 5.632511157154733508E-17, 0.0004712969428269500388, 0.0009425938856538438075, 0.001413890828480737468, 0.001885187771307631236, 0.002356484714134524788, 0.002827781656961418557, 0.003770375542615203492 ),
 .UNSPECIFIED. ) ;
#6268 = DIRECTION ( 'NONE',  ( -1.000000000000000000, 8.673617379884027583E-16, 0.000000000000000000 ) ) ;
#6269 = VECTOR ( 'NONE', #6626, 1000.000000000000000 ) ;
#6270 = CARTESIAN_POINT ( 'NONE',  ( -366.6962559281096787, 3.624999999999968914, 19.70835166313718290 ) ) ;
#6271 = CARTESIAN_POINT ( 'NONE',  ( -428.4992792783649520, 4.691125519188566351, -169.9601933210739162 ) ) ;
#6272 = EDGE_CURVE ( 'NONE', #856, #3130, #5278, .T. ) ;
#6273 = VERTEX_POINT ( 'NONE', #3788 ) ;
#6274 = DIRECTION ( 'NONE',  ( 0.000000000000000000, 0.000000000000000000, 1.000000000000000000 ) ) ;
#6275 = PLANE ( 'NONE',  #6952 ) ;
#6276 = ORIENTED_EDGE ( 'NONE', *, *, #4912, .T. ) ;
#6277 = CARTESIAN_POINT ( 'NONE',  ( -406.5397320836704012, 4.538726258075907793, -169.2130925028100989 ) ) ;
#6278 = B_SPLINE_CURVE_WITH_KNOTS ( 'NONE', 3,
 ( #9014, #4030, #5433, #4782, #4830, #5385, #3332, #6125, #8925, #1236, #8255, #3386, #4078, #2635, #6270, #6172 ),
 .UNSPECIFIED., .F., .F.,
 ( 4, 2, 2, 2, 2, 2, 2, 4 ),
 ( 0.000000000000000000, 0.0009498534235542426376, 0.001424780135331366396, 0.001899706847108490262, 0.002374633558885614129, 0.002849560270662737996, 0.003324486982439861862, 0.003799413694216985729 ),
 .UNSPECIFIED. ) ;
#6279 = CARTESIAN_POINT ( 'NONE',  ( -365.9461550497300095, 5.029006227351503711, 19.34504571474396073 ) ) ;
#6280 = DIRECTION ( 'NONE',  ( 1.000000000000000000, 0.000000000000000000, 0.000000000000000000 ) ) ;
#6281 = CARTESIAN_POINT ( 'NONE',  ( -266.7779828394987476, 4.500000003626994705, 19.59811202338651626 ) ) ;
#6282 = CARTESIAN_POINT ( 'NONE',  ( -306.3291516371583612, 4.647039145978594021, 18.66881868764273378 ) ) ;
#6283 = CARTESIAN_POINT ( 'NONE',  ( -327.1706563213435857, 3.648547497292132569, 19.70553982308454977 ) ) ;
#6284 = DIRECTION ( 'NONE',  ( -1.000000000000000000, 0.000000000000000000, -1.278217298088173739E-16 ) ) ;
#6285 = CYLINDRICAL_SURFACE ( 'NONE', #563, 1.000000000000000888 ) ;
#6286 = CARTESIAN_POINT ( 'NONE',  ( -426.4707025613211044, 4.573837122825699986, 18.69542757550805590 ) ) ;
#6287 = CARTESIAN_POINT ( 'NONE',  ( -427.8827340277301801, 3.971882637441339625, 19.65292316721478016 ) ) ;
#6288 = EDGE_CURVE ( 'NONE', #3329, #2933, #7650, .T. ) ;
#6289 = CARTESIAN_POINT ( 'NONE',  ( -246.8556549163562295, 1.500000000000142331, -53.25243204510888972 ) ) ;
#6290 = CARTESIAN_POINT ( 'NONE',  ( -326.7857345905475768, 4.500000000000000888, 18.71619492074467317 ) ) ;
#6291 = CARTESIAN_POINT ( 'NONE',  ( -425.8601021806587141, 5.389166282607560809, 18.03814980593133299 ) ) ;
#6292 = CARTESIAN_POINT ( 'NONE',  ( -287.2388583010181833, 4.571621889987042664, -170.0682608514804599 ) ) ;
#6293 = CARTESIAN_POINT ( 'NONE',  ( -387.3225549634628351, 4.613001498401150258, -169.1864013774678028 ) ) ;
#6294 = EDGE_LOOP ( 'NONE', ( #277, #5897 ) ) ;
#6295 = CARTESIAN_POINT ( 'NONE',  ( -406.0919478697440468, 3.807091139239946909, 19.68271244580378365 ) ) ;
#6296 = ORIENTED_EDGE ( 'NONE', *, *, #733, .F. ) ;
#6297 = ORIENTED_EDGE ( 'NONE', *, *, #3863, .T. ) ;
#6298 = DIRECTION ( 'NONE',  ( 0.000000000000000000, 0.000000000000000000, 1.000000000000000000 ) ) ;
#6299 = DIRECTION ( 'NONE',  ( 0.000000000000000000, 0.000000000000000000, 1.000000000000000000 ) ) ;
#6300 = VECTOR ( 'NONE', #6805, 1000.000000000000000 ) ;
#6301 = EDGE_CURVE ( 'NONE', #6723, #5381, #1009, .T. ) ;
#6302 = CARTESIAN_POINT ( 'NONE',  ( -345.0209758056167857, 5.117512316921498439, 19.28003851050590356 ) ) ;
#6303 = CARTESIAN_POINT ( 'NONE',  ( -327.4601476881188660, 4.682572633561749242, 19.51099171489872930 ) ) ;
#6304 = CARTESIAN_POINT ( 'NONE',  ( -366.8556549163546947, 3.625000000000000444, 19.70835166313716869 ) ) ;
#6305 = ORIENTED_EDGE ( 'NONE', *, *, #8983, .F. ) ;
#6306 = EDGE_CURVE ( 'NONE', #8296, #2968, #1895, .T. ) ;
#6307 = LINE ( 'NONE', #4207, #6218 ) ;
#6308 = LINE ( 'NONE', #583, #8417 ) ;
#6309 = ORIENTED_EDGE ( 'NONE', *, *, #5400, .T. ) ;
#6310 = ORIENTED_EDGE ( 'NONE', *, *, #6911, .T. ) ;
#6311 = CARTESIAN_POINT ( 'NONE',  ( -268.8556549163546379, 6.124999999999960032, -169.1555557941079542 ) ) ;
#6312 = DIRECTION ( 'NONE',  ( 0.000000000000000000, 0.000000000000000000, -1.000000000000000000 ) ) ;
#6313 = CARTESIAN_POINT ( 'NONE',  ( -367.8837617874939383, 5.301471067487186772, -169.7066495553371794 ) ) ;
#6314 = VECTOR ( 'NONE', #8573, 1000.000000000000000 ) ;
#6315 = CARTESIAN_POINT ( 'NONE',  ( -427.7455700262930804, 5.039146740864987706, -168.9298849125770801 ) ) ;
#6316 = ORIENTED_EDGE ( 'NONE', *, *, #5298, .T. ) ;
#6317 = DIRECTION ( 'NONE',  ( 1.000000000000000000, 0.000000000000000000, 0.000000000000000000 ) ) ;
#6318 = ADVANCED_FACE ( 'NONE', ( #1784 ), #382, .F. ) ;
#6319 = DIRECTION ( 'NONE',  ( 0.000000000000000000, 1.000000000000000000, 0.000000000000000000 ) ) ;
#6320 = EDGE_LOOP ( 'NONE', ( #6500, #7400, #9135, #903 ) ) ;
#6321 = CARTESIAN_POINT ( 'NONE',  ( -406.8556549163545810, 4.500000000000000888, -169.2210590117058189 ) ) ;
#6322 = CARTESIAN_POINT ( 'NONE',  ( -365.9218548214145699, 3.907503744616679597, 19.66502962423767187 ) ) ;
#6323 = AXIS2_PLACEMENT_3D ( 'NONE', #4626, #1129, #3974 ) ;
#6324 = CARTESIAN_POINT ( 'NONE',  ( -436.8556549163562295, 0.000000000000000000, -170.2524320451089181 ) ) ;
#6325 = AXIS2_PLACEMENT_3D ( 'NONE', #6178, #1893, #5581 ) ;
#6326 = CARTESIAN_POINT ( 'NONE',  ( -266.3291516371583612, 4.647039145978594021, 18.66881868764274088 ) ) ;
#6327 = CARTESIAN_POINT ( 'NONE',  ( -306.2531023996461954, 4.692344901073206564, 19.50662440208317605 ) ) ;
#6328 = CARTESIAN_POINT ( 'NONE',  ( -246.8556549163562295, 1.500000000000142331, -53.25243204510888972 ) ) ;
#6329 = DIRECTION ( 'NONE',  ( -1.000000000000000000, -0.000000000000000000, -2.921639538487254261E-16 ) ) ;
#6330 = CARTESIAN_POINT ( 'NONE',  ( -426.7760857499093845, 4.500000000000000888, 18.71619492148793995 ) ) ;
#6331 = CARTESIAN_POINT ( 'NONE',  ( -246.8556549163562863, 5.674919600214744619, -95.17909524897501683 ) ) ;
#6332 = AXIS2_PLACEMENT_3D ( 'NONE', #3969, #2621, #8191 ) ;
#6333 = TOROIDAL_SURFACE ( 'NONE', #5447, 4.000000000000000000, 1.000000000000000000 ) ;
#6334 =( BOUNDED_SURFACE ( )  B_SPLINE_SURFACE ( 3, 2, ( 
 ( #8843, #8981, #7576 ),
 ( #6738, #459, #7527 ),
 ( #315, #8795, #362 ),
 ( #6053, #7477, #5449 ),
 ( #1722, #2420, #1064 ),
 ( #3206, #8896, #6787 ),
 ( #4001, #5357, #5311 ),
 ( #2513, #416, #3303 ),
 ( #3259, #6834, #1906 ),
 ( #6099, #3159, #6002 ),
 ( #5261, #8223, #1852 ),
 ( #6140, #8177, #1022 ),
 ( #4751, #2604, #4563 ),
 ( #8132, #1810, #1769 ) ),
 .UNSPECIFIED., .F., .F., .F. ) 
 B_SPLINE_SURFACE_WITH_KNOTS ( ( 4, 2, 2, 2, 2, 2, 4 ),
 ( 3, 3 ),
 ( 0.001015998582458477011, 0.001428449273944988693, 0.001840899965431500376, 0.002253350656918012059, 0.002665801348404523742, 0.003490702731377547108, 0.004315604114350570474 ),
 ( 0.000000000000000000, 1.000000000000000000 ),
 .UNSPECIFIED. ) 
 GEOMETRIC_REPRESENTATION_ITEM ( )  RATIONAL_B_SPLINE_SURFACE ( (
 ( 1.000000000000000000, 0.7071067811865492381, 1.000000000000000000),
 ( 1.000000000000000000, 0.7191539465619883886, 1.000000000000000000),
 ( 1.000000000000000000, 0.7296663882557381520, 1.000000000000000000),
 ( 1.000000000000000000, 0.7474372416598500379, 1.000000000000000000),
 ( 1.000000000000000000, 0.7547518899039892259, 1.000000000000000000),
 ( 1.000000000000000000, 0.7656299723738763108, 1.000000000000000000),
 ( 1.000000000000000000, 0.7691951883262786449, 1.000000000000000000),
 ( 1.000000000000000000, 0.7731396846999130101, 1.000000000000000000),
 ( 1.000000000000000000, 0.7734820014414743872, 1.000000000000000000),
 ( 1.000000000000000000, 0.7709873420227539853, 1.000000000000000000),
 ( 1.000000000000000000, 0.7646994115825965777, 1.000000000000000000),
 ( 1.000000000000000000, 0.7540697026766637334, 1.000000000000000000),
 ( 1.000000000000000000, 0.7498104614823326575, 1.000000000000000000),
 ( 1.000000000000000000, 0.7499999999999998890, 1.000000000000000000) ) ) 
 REPRESENTATION_ITEM ( '' )  SURFACE ( )  );
#6335 = CARTESIAN_POINT ( 'NONE',  ( -385.8221357381985968, 6.023604503296589030, 18.73187307252263167 ) ) ;
#6336 = CARTESIAN_POINT ( 'NONE',  ( -326.3291516371583043, 4.647039145978594021, 18.66881868764273378 ) ) ;
#6337 = CARTESIAN_POINT ( 'NONE',  ( -425.2120305543443237, 4.691125519188145354, 19.45532923085623267 ) ) ;
#6338 = EDGE_CURVE ( 'NONE', #5509, #1737, #2451, .T. ) ;
#6339 = CARTESIAN_POINT ( 'NONE',  ( -287.8556549163546379, 5.499999999999984013, -168.3749310443081413 ) ) ;
#6340 = DIRECTION ( 'NONE',  ( -1.000000000000000000, 0.000000000000000000, 0.000000000000000000 ) ) ;
#6341 = CARTESIAN_POINT ( 'NONE',  ( -387.5934564685669557, 4.807602833729585079, -169.9572802257344222 ) ) ;
#6342 = ORIENTED_EDGE ( 'NONE', *, *, #6301, .F. ) ;
#6343 = CARTESIAN_POINT ( 'NONE',  ( -347.8556549163546379, 3.000000000000000000, 14.74756795489106409 ) ) ;
#6344 = ORIENTED_EDGE ( 'NONE', *, *, #3033, .F. ) ;
#6345 = PRODUCT_DEFINITION_FORMATION_WITH_SPECIFIED_SOURCE ( 'ไป', '', #7533, .NOT_KNOWN. ) ;
#6346 = ORIENTED_EDGE ( 'NONE', *, *, #7093, .T. ) ;
#6347 = CARTESIAN_POINT ( 'NONE',  ( -407.4941735763173938, 4.727315172675698562, -169.1377181951108355 ) ) ;
#6348 = CARTESIAN_POINT ( 'NONE',  ( -368.8556549163546379, 6.124999999999944045, 18.65069170389010722 ) ) ;
#6349 = CARTESIAN_POINT ( 'NONE',  ( -346.2531023996499471, 4.692344901072043051, 19.50662440208145298 ) ) ;
#6350 = CARTESIAN_POINT ( 'NONE',  ( -328.7767999200669919, 5.412504818268084605, 19.13015040621097995 ) ) ;
#6351 = PLANE ( 'NONE',  #983 ) ;
#6352 = CIRCLE ( 'NONE', #396, 4.000000000000003553 ) ;
#6353 = AXIS2_PLACEMENT_3D ( 'NONE', #6965, #6175, #5529 ) ;
#6354 = DIRECTION ( 'NONE',  ( -1.000000000000000000, 0.000000000000000000, 0.000000000000000000 ) ) ;
#6355 = ORIENTED_EDGE ( 'NONE', *, *, #509, .F. ) ;
#6356 = EDGE_CURVE ( 'NONE', #9145, #7427, #6209, .T. ) ;
#6357 = ORIENTED_EDGE ( 'NONE', *, *, #4378, .F. ) ;
#6358 = AXIS2_PLACEMENT_3D ( 'NONE', #3815, #5913, #5176 ) ;
#6359 = DIRECTION ( 'NONE',  ( 0.000000000000000000, -1.000000000000000000, 0.000000000000000000 ) ) ;
#6360 = CIRCLE ( 'NONE', #8124, 5.000000000000004441 ) ;
#6361 = CARTESIAN_POINT ( 'NONE',  ( -324.9345099126421701, 5.412504818266355322, -169.6350144964297044 ) ) ;
#6362 = CARTESIAN_POINT ( 'NONE',  ( -367.3225549634628351, 4.613001498401150258, -169.1864013774678028 ) ) ;
#6363 = CARTESIAN_POINT ( 'NONE',  ( -427.6774670994279859, 4.926450206952964983, -169.0186410685512044 ) ) ;
#6364 = EDGE_LOOP ( 'NONE', ( #4525, #5439, #1919, #1242 ) ) ;
#6365 = DIRECTION ( 'NONE',  ( -0.000000000000000000, -0.000000000000000000, 1.000000000000000000 ) ) ;
#6366 = AXIS2_PLACEMENT_3D ( 'NONE', #5424, #4024, #1879 ) ;
#6367 = CARTESIAN_POINT ( 'NONE',  ( -445.8556549163562863, 3.750000000000000000, -77.15243204510890962 ) ) ;
#6368 = ORIENTED_EDGE ( 'NONE', *, *, #310, .T. ) ;
#6369 = LINE ( 'NONE', #1433, #366 ) ;
#6370 = VECTOR ( 'NONE', #4890, 1000.000000000000000 ) ;
#6371 = CARTESIAN_POINT ( 'NONE',  ( -365.8797666428928324, 5.274054342412982876, 18.18616927195840205 ) ) ;
#6372 = DIRECTION ( 'NONE',  ( 0.000000000000000000, 0.000000000000000000, -1.000000000000000000 ) ) ;
#6373 = EDGE_CURVE ( 'NONE', #1737, #1555, #9000, .T. ) ;
#6374 = CARTESIAN_POINT ( 'NONE',  ( -265.8275480452115858, 5.301471067487108613, 19.20178546511899853 ) ) ;
#6375 = PLANE ( 'NONE',  #1708 ) ;
#6376 = CARTESIAN_POINT ( 'NONE',  ( -246.8556549163562011, 4.954673226924043661, -54.42456889778959805 ) ) ;
#6377 = DIRECTION ( 'NONE',  ( 0.000000000000000000, 0.000000000000000000, 1.000000000000000000 ) ) ;
#6378 = PLANE ( 'NONE',  #1261 ) ;
#6379 = LINE ( 'NONE', #5167, #1556 ) ;
#6380 = ADVANCED_FACE ( 'NONE', ( #6849 ), #3639, .F. ) ;
#6381 = CARTESIAN_POINT ( 'NONE',  ( -286.5406535113654627, 3.648547497292145447, -170.2104039133024003 ) ) ;
#6382 = DIRECTION ( 'NONE',  ( 0.000000000000000000, 0.000000000000000000, 1.000000000000000000 ) ) ;
#6383 = CARTESIAN_POINT ( 'NONE',  ( -424.9347999200161325, 5.411312770688183171, 19.13079946506088902 ) ) ;
#6384 = AXIS2_PLACEMENT_3D ( 'NONE', #432, #2675, #5559 ) ;
#6385 = CARTESIAN_POINT ( 'NONE',  ( -424.8556549163545810, 3.000000000000000000, -165.2524320451089181 ) ) ;
#6386 = CARTESIAN_POINT ( 'NONE',  ( -408.6731556672306169, 5.070576912793776536, 19.30101307683661460 ) ) ;
#6387 = EDGE_CURVE ( 'NONE', #4724, #803, #4842, .T. ) ;
#6388 = CARTESIAN_POINT ( 'NONE',  ( -444.8556549163562295, 3.750000000000000000, -79.85243204510885562 ) ) ;
#6389 = ORIENTED_EDGE ( 'NONE', *, *, #7192, .T. ) ;
#6390 = B_SPLINE_CURVE_WITH_KNOTS ( 'NONE', 3,
 ( #437, #3280, #6119, #6078, #7455, #1044, #2578, #337, #3184, #7553, #481, #6855, #6028, #1185, #6164, #5335 ),
 .UNSPECIFIED., .F., .F.,
 ( 4, 2, 2, 2, 2, 2, 2, 4 ),
 ( 5.632511157154733508E-17, 0.0004712969428269500388, 0.0009425938856538438075, 0.001413890828480737468, 0.001885187771307631236, 0.002356484714134524788, 0.002827781656961418557, 0.003770375542615203492 ),
 .UNSPECIFIED. ) ;
#6391 = CARTESIAN_POINT ( 'NONE',  ( -365.8221547833343834, 6.023662094629176345, -169.2366910493328760 ) ) ;
#6392 = ORIENTED_EDGE ( 'NONE', *, *, #146, .T. ) ;
#6393 = VERTEX_POINT ( 'NONE', #6072 ) ;
#6394 = CARTESIAN_POINT ( 'NONE',  ( -408.1326922353961777, 4.193287934497922365, -170.1090397383235597 ) ) ;
#6395 = CARTESIAN_POINT ( 'NONE',  ( -364.8556549163545810, 5.499999999999960920, -168.3749310443081413 ) ) ;
#6396 = CARTESIAN_POINT ( 'NONE',  ( -344.8556549163546379, 6.124999999999971578, 18.65069170389008946 ) ) ;
#6397 = CARTESIAN_POINT ( 'NONE',  ( -327.7659609333619528, 5.030307165849404960, 19.34439754652043675 ) ) ;
#6398 = CARTESIAN_POINT ( 'NONE',  ( -286.8556549163546379, 4.500000000000000888, 0.000000000000000000 ) ) ;
#6399 = DIRECTION ( 'NONE',  ( 0.000000000000000000, 0.000000000000000000, 1.000000000000000000 ) ) ;
#6400 = ORIENTED_EDGE ( 'NONE', *, *, #9076, .T. ) ;
#6401 = ORIENTED_EDGE ( 'NONE', *, *, #3904, .F. ) ;
#6402 = EDGE_CURVE ( 'NONE', #5673, #683, #5467, .T. ) ;
#6403 = DIRECTION ( 'NONE',  ( 0.000000000000000000, -0.000000000000000000, -1.000000000000000000 ) ) ;
#6404 = CARTESIAN_POINT ( 'NONE',  ( -325.9453488993511883, 5.030307165849416506, -169.8492616367375661 ) ) ;
#6405 = CARTESIAN_POINT ( 'NONE',  ( -325.9312337697477915, 5.113725464068107129, 18.35733257548621111 ) ) ;
#6406 = ORIENTED_EDGE ( 'NONE', *, *, #6711, .F. ) ;
#6407 = CARTESIAN_POINT ( 'NONE',  ( -285.8221547833344403, 6.023662094631602848, -169.2366910493347234 ) ) ;
#6408 = DIRECTION ( 'NONE',  ( -1.000000000000000000, 0.000000000000000000, -1.278217298088173739E-16 ) ) ;
#6409 = ORIENTED_EDGE ( 'NONE', *, *, #8183, .F. ) ;
#6410 = CARTESIAN_POINT ( 'NONE',  ( -246.8556549163562295, 3.480004831194952963, -53.54052068293489697 ) ) ;
#6411 = CARTESIAN_POINT ( 'NONE',  ( -425.7767238698797314, 5.710848127064479307, -169.4589822817070512 ) ) ;
#6412 = CARTESIAN_POINT ( 'NONE',  ( -348.8556549163546379, 8.000000000000000000, 14.74756795489106409 ) ) ;
#6413 = CARTESIAN_POINT ( 'NONE',  ( -268.8556549163546379, 5.877829809576795128, -169.3534503254485060 ) ) ;
#6414 = EDGE_CURVE ( 'NONE', #2580, #3991, #1543, .T. ) ;
#6415 = DIRECTION ( 'NONE',  ( 0.000000000000000000, 0.6249999999999882316, 0.7806247497998093365 ) ) ;
#6416 = CARTESIAN_POINT ( 'NONE',  ( -251.8556549163562579, 3.000000000000000000, -170.2524320451089181 ) ) ;
#6417 = EDGE_CURVE ( 'NONE', #8884, #2251, #6883, .T. ) ;
#6418 = CARTESIAN_POINT ( 'NONE',  ( -327.7651547829831884, 5.029006227352299518, -169.8499098049644829 ) ) ;
#6419 = CARTESIAN_POINT ( 'NONE',  ( -256.8556549163562295, 3.000000000000000000, -170.2524320451089181 ) ) ;
#6420 = CARTESIAN_POINT ( 'NONE',  ( -446.8556549163562863, 0.000000000000000000, -175.2524320451088897 ) ) ;
#6421 = CARTESIAN_POINT ( 'NONE',  ( -425.8026483570805567, 3.992597862135470077, 19.64913136511977498 ) ) ;
#6422 = CARTESIAN_POINT ( 'NONE',  ( -307.9341631952597709, 5.604658406166725726, 19.02260281621917670 ) ) ;
#6423 = CARTESIAN_POINT ( 'NONE',  ( -427.8556549163546379, 7.000000000000000000, 19.74756795489107475 ) ) ;
#6424 = CARTESIAN_POINT ( 'NONE',  ( -267.1334771471020417, 4.529518349321822512, 18.70992244051404185 ) ) ;
#6425 = ORIENTED_EDGE ( 'NONE', *, *, #6646, .F. ) ;
#6426 = ADVANCED_FACE ( 'NONE', ( #8102 ), #2525, .F. ) ;
#6427 = CARTESIAN_POINT ( 'NONE',  ( -365.5659239360486481, 4.184638865665688989, -170.1169986375894894 ) ) ;
#6428 = ORIENTED_EDGE ( 'NONE', *, *, #4535, .T. ) ;
#6429 = DIRECTION ( 'NONE',  ( 0.000000000000000000, 0.000000000000000000, 1.000000000000000000 ) ) ;
#6430 = DIRECTION ( 'NONE',  ( 0.000000000000000000, 0.000000000000000000, -1.000000000000000000 ) ) ;
#6431 = CARTESIAN_POINT ( 'NONE',  ( -345.8556549163545810, 6.124999999999978684, 18.65069170389008235 ) ) ;
#6432 = CARTESIAN_POINT ( 'NONE',  ( -327.7731559061448365, 5.097364476297975067, 18.37321371862613972 ) ) ;
#6433 = DIRECTION ( 'NONE',  ( 0.000000000000000000, -0.000000000000000000, 1.000000000000000000 ) ) ;
#6434 = CARTESIAN_POINT ( 'NONE',  ( -344.8556549163545810, 6.124999999999951150, -169.1555557941079542 ) ) ;
#6435 = ORIENTED_EDGE ( 'NONE', *, *, #888, .T. ) ;
#6436 =( BOUNDED_SURFACE ( )  B_SPLINE_SURFACE ( 3, 2, ( 
 ( #1526, #4358, #8505 ),
 ( #2224, #8645, #7800 ),
 ( #2830, #5676, #7189 ),
 ( #7758, #1438, #5638 ),
 ( #4273, #2177, #732 ),
 ( #2269, #3576, #6410 ),
 ( #822, #1351, #2871 ),
 ( #5719, #2786, #3664 ),
 ( #8553, #8460, #2405 ),
 ( #3103, #4545, #5852 ),
 ( #5945, #5247, #6590 ),
 ( #1663, #915, #3146 ),
 ( #2315, #5112, #7983 ),
 ( #8070, #8737, #4458 ),
 ( #206, #3055, #8874 ),
 ( #344, #166, #5293 ),
 ( #1621, #3752, #872 ),
 ( #3712, #5898, #1571 ) ),
 .UNSPECIFIED., .F., .F., .F. ) 
 B_SPLINE_SURFACE_WITH_KNOTS ( ( 4, 2, 2, 2, 2, 2, 2, 2, 4 ),
 ( 3, 3 ),
 ( 0.002499996395061256701, 0.003365822798910363296, 0.004231649202759470325, 0.005097475606608576487, 0.005963302010457683516, 0.006829128414306790545, 0.007694954818155896707, 0.008560781222005002869, 0.009426607625854109898 ),
 ( 0.000000000000000000, 1.000000000000000000 ),
 .UNSPECIFIED. ) 
 GEOMETRIC_REPRESENTATION_ITEM ( )  RATIONAL_B_SPLINE_SURFACE ( (
 ( 1.000000000000000000, 0.7071067811865512365, 1.000000000000000000),
 ( 1.000000000000000000, 0.7194380164637060870, 1.000000000000000000),
 ( 1.000000000000000000, 0.7306739626602444249, 1.000000000000000000),
 ( 1.000000000000000000, 0.7497968659755079868, 1.000000000000000000),
 ( 1.000000000000000000, 0.7577566207783758001, 1.000000000000000000),
 ( 1.000000000000000000, 0.7712541683373032031, 1.000000000000000000),
 ( 1.000000000000000000, 0.7767475944508588359, 1.000000000000000000),
 ( 1.000000000000000000, 0.7858651851143956257, 1.000000000000000000),
 ( 1.000000000000000000, 0.7895763431341769056, 1.000000000000000000),
 ( 1.000000000000000000, 0.7957737611431952018, 1.000000000000000000),
 ( 1.000000000000000000, 0.7982108955557589702, 1.000000000000000000),
 ( 1.000000000000000000, 0.8022447713056590768, 1.000000000000000000),
 ( 1.000000000000000000, 0.8038433219343777969, 1.000000000000000000),
 ( 1.000000000000000000, 0.8062890761398952000, 1.000000000000000000),
 ( 1.000000000000000000, 0.8071604907250251593, 1.000000000000000000),
 ( 1.000000000000000000, 0.8083298585150398008, 1.000000000000000000),
 ( 1.000000000000000000, 0.8086065669631979924, 1.000000000000000000),
 ( 1.000000000000000000, 0.8086075400626417942, 1.000000000000000000) ) ) 
 REPRESENTATION_ITEM ( '' )  SURFACE ( )  );
#6437 = ORIENTED_EDGE ( 'NONE', *, *, #5269, .F. ) ;
#6438 = B_SPLINE_CURVE_WITH_KNOTS ( 'NONE', 3,
 ( #2274, #1667, #7894, #2182, #170, #5163, #7851, #7940, #2877, #6460, #1489, #8693 ),
 .UNSPECIFIED., .F., .F.,
 ( 4, 2, 2, 2, 2, 4 ),
 ( 0.000000000000000000, 0.0004698356480513694476, 0.0009396712961027388952, 0.001174589120128379655, 0.001409506944154020197, 0.001879342592205448083 ),
 .UNSPECIFIED. ) ;
#6439 = CARTESIAN_POINT ( 'NONE',  ( -268.8074314588282618, 5.560135856428987999, -169.5506836905861405 ) ) ;
#6440 = VECTOR ( 'NONE', #2372, 1000.000000000000000 ) ;
#6441 = CARTESIAN_POINT ( 'NONE',  ( -405.8273383005339952, 5.302404540044383552, -169.7061190454029429 ) ) ;
#6442 = CARTESIAN_POINT ( 'NONE',  ( -368.1326922353961777, 4.193287934497922365, -170.1090397383235597 ) ) ;
#6443 = CARTESIAN_POINT ( 'NONE',  ( -428.8556549274293275, 5.988627236847579027, -169.2647413880723946 ) ) ;
#6444 = ORIENTED_EDGE ( 'NONE', *, *, #356, .T. ) ;
#6445 = CARTESIAN_POINT ( 'NONE',  ( -286.0329310716495002, 4.927818611583308694, -169.0176293865097534 ) ) ;
#6446 = EDGE_CURVE ( 'NONE', #4789, #1588, #2067, .T. ) ;
#6447 = CARTESIAN_POINT ( 'NONE',  ( -286.8556549163546379, 4.500000000000000888, 18.71619492148795771 ) ) ;
#6448 = CARTESIAN_POINT ( 'NONE',  ( -368.8267442513379706, 5.613761050926165730, -169.5259510842147392 ) ) ;
#6449 = AXIS2_PLACEMENT_3D ( 'NONE', #2744, #9169, #4848 ) ;
#6450 = EDGE_LOOP ( 'NONE', ( #5519, #6108 ) ) ;
#6451 = DIRECTION ( 'NONE',  ( 1.000000000000000000, 0.000000000000000000, 0.000000000000000000 ) ) ;
#6452 = CARTESIAN_POINT ( 'NONE',  ( -366.0743484983213420, 4.872234721370890753, 18.55045866297567159 ) ) ;
#6453 = CARTESIAN_POINT ( 'NONE',  ( -442.8556549163562295, 3.750000000000000000, -155.3524320451088840 ) ) ;
#6454 = AXIS2_PLACEMENT_3D ( 'NONE', #1172, #3845, #5461 ) ;
#6455 = AXIS2_PLACEMENT_3D ( 'NONE', #2646, #1991, #3254 ) ;
#6456 = CARTESIAN_POINT ( 'NONE',  ( -264.9347999200161894, 5.411312770688134322, 19.13079946506093876 ) ) ;
#6457 = CARTESIAN_POINT ( 'NONE',  ( -406.7760857499094982, 4.500000000000000888, 18.71619492148793995 ) ) ;
#6458 = DIRECTION ( 'NONE',  ( -1.000000000000000000, 0.000000000000000000, 0.000000000000000000 ) ) ;
#6459 = AXIS2_PLACEMENT_3D ( 'NONE', #6461, #5643, #5777 ) ;
#6460 = CARTESIAN_POINT ( 'NONE',  ( -326.5397320836705148, 4.538726258075907793, -169.2130925028101842 ) ) ;
#6461 = CARTESIAN_POINT ( 'NONE',  ( -444.8556549163562295, 3.750000000000000000, -150.0024320451088897 ) ) ;
#6462 = VECTOR ( 'NONE', #3620, 1000.000000000000000 ) ;
#6463 = CARTESIAN_POINT ( 'NONE',  ( -327.8837617874938815, 5.301471067487164568, -169.7066495553370942 ) ) ;
#6464 = EDGE_CURVE ( 'NONE', #2149, #8825, #2289, .T. ) ;
#6465 = CIRCLE ( 'NONE', #672, 4.000000000000003553 ) ;
#6466 = DIRECTION ( 'NONE',  ( 0.000000000000000000, -0.6249999999999859002, 0.7806247497998110019 ) ) ;
#6467 = DIRECTION ( 'NONE',  ( 0.000000000000000000, 0.000000000000000000, 1.000000000000000000 ) ) ;
#6468 = CARTESIAN_POINT ( 'NONE',  ( -288.8556549222436161, 5.988703185082311364, 18.75981649060148371 ) ) ;
#6469 = CARTESIAN_POINT ( 'NONE',  ( -307.8839715321789754, 5.302404540044469705, 19.20125495518891157 ) ) ;
#6470 = ORIENTED_EDGE ( 'NONE', *, *, #4933, .F. ) ;
#6471 = CARTESIAN_POINT ( 'NONE',  ( -428.8556549163546379, 6.124999999999945821, 18.65069170389009656 ) ) ;
#6472 = CARTESIAN_POINT ( 'NONE',  ( -285.8556549163546379, 7.000000000000000000, 14.74756795489107120 ) ) ;
#6473 = EDGE_LOOP ( 'NONE', ( #8069, #5895, #5111, #4665 ) ) ;
#6474 = CARTESIAN_POINT ( 'NONE',  ( -365.9654941494569584, 5.039695888598653362, -168.9293852508969280 ) ) ;
#6475 = VERTEX_POINT ( 'NONE', #3423 ) ;
#6476 = VECTOR ( 'NONE', #7365, 1000.000000000000000 ) ;
#6477 = CARTESIAN_POINT ( 'NONE',  ( -266.8556549163546379, 4.500000000000000888, 18.71619492148796127 ) ) ;
#6478 = EDGE_CURVE ( 'NONE', #1270, #2856, #4817, .T. ) ;
#6479 = CARTESIAN_POINT ( 'NONE',  ( -366.8556549163546379, 5.500000000000000888, -1.247118358630493074E-13 ) ) ;
#6480 = CARTESIAN_POINT ( 'NONE',  ( -268.6731556672306169, 5.070576912793773872, 19.30101307683662171 ) ) ;
#6481 = CARTESIAN_POINT ( 'NONE',  ( -327.8556549163545810, 5.445482461464623114, 17.95736487927648994 ) ) ;
#6482 = FACE_OUTER_BOUND ( 'NONE', #1035, .T. ) ;
#6483 = CARTESIAN_POINT ( 'NONE',  ( -246.8556549163562863, 1.731299572627230665, -95.32012950309407984 ) ) ;
#6484 = EDGE_LOOP ( 'NONE', ( #7747, #3730, #7180, #8857, #6958, #9071, #2493, #1122 ) ) ;
#6485 = ORIENTED_EDGE ( 'NONE', *, *, #2836, .F. ) ;
#6486 = AXIS2_PLACEMENT_3D ( 'NONE', #3036, #105, #2205 ) ;
#6487 = APPLICATION_CONTEXT ( 'automotive_design' ) ;
#6488 = VERTEX_POINT ( 'NONE', #6950 ) ;
#6489 = CARTESIAN_POINT ( 'NONE',  ( -248.2402703009715879, 4.281686611218326277, -57.08638069597284925 ) ) ;
#6490 = FACE_OUTER_BOUND ( 'NONE', #2503, .T. ) ;
#6491 = CARTESIAN_POINT ( 'NONE',  ( -367.3868111759328485, 4.645770204742692755, -170.0332380380694417 ) ) ;
#6492 = CIRCLE ( 'NONE', #3672, 5.000000000000000888 ) ;
#6493 = B_SPLINE_CURVE_WITH_KNOTS ( 'NONE', 3,
 ( #8838, #4647, #1807, #413, #8892, #2461, #1718, #5354, #6649, #5257, #8174, #266 ),
 .UNSPECIFIED., .F., .F.,
 ( 4, 2, 2, 2, 2, 4 ),
 ( 0.000000000000000000, 0.0004698356480513694476, 0.0009396712961027388952, 0.001174589120128379655, 0.001409506944154020197, 0.001879342592205448083 ),
 .UNSPECIFIED. ) ;
#6494 = CARTESIAN_POINT ( 'NONE',  ( -326.8556549163545810, 4.500000000000000888, 18.71619492148795416 ) ) ;
#6495 = ORIENTED_EDGE ( 'NONE', *, *, #619, .T. ) ;
#6496 = CARTESIAN_POINT ( 'NONE',  ( -285.8981480614780253, 5.118084154113605955, -169.8049107095002626 ) ) ;
#6497 = FACE_OUTER_BOUND ( 'NONE', #5841, .T. ) ;
#6498 = CARTESIAN_POINT ( 'NONE',  ( -387.2406072713883987, 4.573837122825717749, -169.2002916657260130 ) ) ;
#6499 = AXIS2_PLACEMENT_3D ( 'NONE', #3731, #7471, #6429 ) ;
#6500 = ORIENTED_EDGE ( 'NONE', *, *, #6536, .F. ) ;
#6501 = DIRECTION ( 'NONE',  ( -1.387778780781445676E-16, -0.000000000000000000, -1.000000000000000000 ) ) ;
#6502 = ORIENTED_EDGE ( 'NONE', *, *, #2949, .T. ) ;
#6503 = VECTOR ( 'NONE', #5178, 1000.000000000000000 ) ;
#6504 = DIRECTION ( 'NONE',  ( -1.000000000000000000, 0.000000000000000000, 0.000000000000000000 ) ) ;
#6505 = EDGE_CURVE ( 'NONE', #6393, #6110, #1832, .T. ) ;
#6506 = CARTESIAN_POINT ( 'NONE',  ( -325.4872286992630848, 4.293272472136242968, 19.57877009483503628 ) ) ;
#6507 = CARTESIAN_POINT ( 'NONE',  ( -426.2107894258275564, 4.723855547286908596, -169.1440853282302328 ) ) ;
#6508 = CIRCLE ( 'NONE', #3662, 5.000000000000000888 ) ;
#6509 = DIRECTION ( 'NONE',  ( 0.000000000000000000, 0.000000000000000000, -1.000000000000000000 ) ) ;
#6510 = CIRCLE ( 'NONE', #3542, 1.150000000000012124 ) ;
#6511 = LINE ( 'NONE', #4365, #4434 ) ;
#6512 = FACE_BOUND ( 'NONE', #6610, .T. ) ;
#6513 = CARTESIAN_POINT ( 'NONE',  ( -428.8556549163545810, 5.877655079465403887, 18.84872613128139918 ) ) ;
#6514 = AXIS2_PLACEMENT_3D ( 'NONE', #3338, #8312, #1941 ) ;
#6515 = EDGE_CURVE ( 'NONE', #6752, #4789, #2019, .T. ) ;
#6516 = DIRECTION ( 'NONE',  ( 0.000000000000000000, 1.691355389077385339E-14, -1.000000000000000000 ) ) ;
#6517 = DIRECTION ( 'NONE',  ( -1.000000000000000000, 0.000000000000000000, 0.000000000000000000 ) ) ;
#6518 = CARTESIAN_POINT ( 'NONE',  ( -425.8556549163546379, 5.445450499394247856, 17.95741606500014242 ) ) ;
#6519 = ORIENTED_EDGE ( 'NONE', *, *, #2429, .T. ) ;
#6520 = CYLINDRICAL_SURFACE ( 'NONE', #1151, 1.000000000000000888 ) ;
#6521 = EDGE_CURVE ( 'NONE', #6992, #8931, #2014, .T. ) ;
#6522 = CARTESIAN_POINT ( 'NONE',  ( -268.1453858966530106, 4.184638865657229090, 19.61213454737419681 ) ) ;
#6523 = ORIENTED_EDGE ( 'NONE', *, *, #5238, .T. ) ;
#6524 = CARTESIAN_POINT ( 'NONE',  ( -366.0736626820214497, 4.873062145400256284, -169.0547937578537301 ) ) ;
#6525 = ORIENTED_EDGE ( 'NONE', *, *, #6414, .F. ) ;
#6526 = DIRECTION ( 'NONE',  ( 0.000000000000000000, -1.000000000000000000, 0.000000000000000000 ) ) ;
#6527 = VECTOR ( 'NONE', #86, 1000.000000000000000 ) ;
#6528 = CARTESIAN_POINT ( 'NONE',  ( -347.8556549163546379, 5.500000000000000888, -168.3749310443081413 ) ) ;
#6529 = CARTESIAN_POINT ( 'NONE',  ( -446.8556549163562863, 7.000000000000000000, -68.25243204510887551 ) ) ;
#6530 = CARTESIAN_POINT ( 'NONE',  ( -266.2511621445829064, 4.682572633563386155, -170.0158558051184343 ) ) ;
#6531 = CARTESIAN_POINT ( 'NONE',  ( -327.8459639745224194, 5.323809698952789660, -168.6353855492173466 ) ) ;
#6532 = EDGE_CURVE ( 'NONE', #683, #9145, #1400, .T. ) ;
#6533 = CARTESIAN_POINT ( 'NONE',  ( -246.8556549163562579, 1.500000000000047740, -97.25243204510888972 ) ) ;
#6534 = VERTEX_POINT ( 'NONE', #3692 ) ;
#6535 = ORIENTED_EDGE ( 'NONE', *, *, #4437, .T. ) ;
#6536 = EDGE_CURVE ( 'NONE', #343, #2711, #8216, .T. ) ;
#6537 = ORIENTED_EDGE ( 'NONE', *, *, #1871, .T. ) ;
#6538 = CARTESIAN_POINT ( 'NONE',  ( -407.8556549163546379, 5.500000000000000888, -168.3749310443081413 ) ) ;
#6539 = DIRECTION ( 'NONE',  ( 0.000000000000000000, 0.000000000000000000, -1.000000000000000000 ) ) ;
#6540 = CARTESIAN_POINT ( 'NONE',  ( -364.8556549163545810, 8.000000000000000000, -165.2524320451089181 ) ) ;
#6541 = VERTEX_POINT ( 'NONE', #6529 ) ;
#6542 = CARTESIAN_POINT ( 'NONE',  ( -388.8556549163546379, 8.000000000000000000, 0.000000000000000000 ) ) ;
#6543 = CARTESIAN_POINT ( 'NONE',  ( -427.8556549163546379, 5.500000000000000888, 17.87006695409028723 ) ) ;
#6544 = DIRECTION ( 'NONE',  ( -0.000000000000000000, 1.000000000000000000, -0.000000000000000000 ) ) ;
#6545 = ORIENTED_EDGE ( 'NONE', *, *, #5590, .F. ) ;
#6546 = FILL_AREA_STYLE ('',( #870 ) ) ;
#6547 = EDGE_CURVE ( 'NONE', #8663, #7231, #185, .T. ) ;
#6548 = VERTEX_POINT ( 'NONE', #7220 ) ;
#6549 = CARTESIAN_POINT ( 'NONE',  ( -304.8556549163546379, 8.000000000000000000, 14.74756795489107120 ) ) ;
#6550 = CARTESIAN_POINT ( 'NONE',  ( -426.5397320836702875, 4.538726258075907793, -169.2130925028100989 ) ) ;
#6551 = EDGE_CURVE ( 'NONE', #5929, #4931, #8625, .T. ) ;
#6552 = CARTESIAN_POINT ( 'NONE',  ( -425.7989918981637629, 5.919283266445281022, -169.3143903733093794 ) ) ;
#6553 = CARTESIAN_POINT ( 'NONE',  ( -267.0150539045998244, 3.624999999999968914, -170.2132157533550298 ) ) ;
#6554 = CARTESIAN_POINT ( 'NONE',  ( -1.885059646467264690E-15, 8.000000000000000000, 14.74756795489110850 ) ) ;
#6555 = DIRECTION ( 'NONE',  ( 0.000000000000000000, 0.000000000000000000, 1.000000000000000000 ) ) ;
#6556 = CARTESIAN_POINT ( 'NONE',  ( -328.7765099126930863, 5.411312770689274743, -169.6356635552781995 ) ) ;
#6557 = CARTESIAN_POINT ( 'NONE',  ( -408.4182677536560959, 4.555586803580517596, -170.0060454354879482 ) ) ;
#6558 = CARTESIAN_POINT ( 'NONE',  ( -445.8556549163562863, 3.750000000000000000, -70.65243204510890962 ) ) ;
#6559 = DIRECTION ( 'NONE',  ( 1.000000000000000000, 0.000000000000000000, 0.000000000000000000 ) ) ;
#6560 = FACE_OUTER_BOUND ( 'NONE', #4457, .T. ) ;
#6561 = CARTESIAN_POINT ( 'NONE',  ( -306.8556549163546947, 4.500000000000000888, 18.71619492148795416 ) ) ;
#6562 = ORIENTED_EDGE ( 'NONE', *, *, #5794, .T. ) ;
#6563 = DIRECTION ( 'NONE',  ( -0.000000000000000000, -0.000000000000000000, 1.000000000000000000 ) ) ;
#6564 = CARTESIAN_POINT ( 'NONE',  ( -267.9341631952598277, 5.604658406166606710, 19.02260281621942184 ) ) ;
#6566 = ORIENTED_EDGE ( 'NONE', *, *, #1652, .T. ) ;
#6565 = EDGE_CURVE ( 'NONE', #4579, #8622, #51, .T. ) ;
#6567 = CARTESIAN_POINT ( 'NONE',  ( -444.8556549163562295, 3.750000000000000000, -70.65243204510890962 ) ) ;
#6568 = ORIENTED_EDGE ( 'NONE', *, *, #932, .T. ) ;
#6569 = DIRECTION ( 'NONE',  ( 1.000000000000000000, 0.000000000000000000, 0.000000000000000000 ) ) ;
#6570 = CARTESIAN_POINT ( 'NONE',  ( -445.8556549163562863, 0.000000000000000000, 156.0000000000000000 ) ) ;
#6571 = CARTESIAN_POINT ( 'NONE',  ( -442.8556549163562295, 0.000000000000000000, 156.0000000000000000 ) ) ;
#6572 = DIRECTION ( 'NONE',  ( 0.000000000000000000, 0.000000000000000000, 1.000000000000000000 ) ) ;
#6573 = CARTESIAN_POINT ( 'NONE',  ( -246.8556549163562579, 5.520753151687820548, -95.42343381509621736 ) ) ;
#6574 = ORIENTED_EDGE ( 'NONE', *, *, #3267, .F. ) ;
#6575 = EDGE_LOOP ( 'NONE', ( #2526, #1408, #3233, #5984, #3430, #6955 ) ) ;
#6576 = ORIENTED_EDGE ( 'NONE', *, *, #1491, .T. ) ;
#6577 = EDGE_CURVE ( 'NONE', #3885, #7243, #7167, .T. ) ;
#6578 = CARTESIAN_POINT ( 'NONE',  ( -405.7989918981637061, 5.919283266445281022, -169.3143903733093794 ) ) ;
#6579 = CARTESIAN_POINT ( 'NONE',  ( -428.8556549163546379, 8.000000000000000000, 14.74756795489105343 ) ) ;
#6580 = ADVANCED_FACE ( 'NONE', ( #5744 ), #4221, .F. ) ;
#6581 = CARTESIAN_POINT ( 'NONE',  ( -327.3780496486144216, 4.643806473694055192, 18.66990609846163807 ) ) ;
#6582 = EDGE_LOOP ( 'NONE', ( #8074, #8097, #5838, #8189 ) ) ;
#6583 = CARTESIAN_POINT ( 'NONE',  ( -368.8556549163546379, 6.124999999999944045, 18.65069170389010722 ) ) ;
#6584 = CARTESIAN_POINT ( 'NONE',  ( -285.9218548214145699, 3.907503744616679597, 19.66502962423768253 ) ) ;
#6585 = CARTESIAN_POINT ( 'NONE',  ( -368.8556549163545810, 5.877829809576795128, -169.3534503254485060 ) ) ;
#6586 = EDGE_LOOP ( 'NONE', ( #8523, #8353, #8779, #182 ) ) ;
#6587 = CARTESIAN_POINT ( 'NONE',  ( -444.8556549163562295, 3.750000000000000000, -72.00243204510887551 ) ) ;
#6588 = VECTOR ( 'NONE', #2552, 1000.000000000000000 ) ;
#6589 = EDGE_LOOP ( 'NONE', ( #3007, #7931, #2291, #1421 ) ) ;
#6590 = CARTESIAN_POINT ( 'NONE',  ( -246.8556549163562295, 5.159123322977403170, -54.62944761991644782 ) ) ;
#6591 = CARTESIAN_POINT ( 'NONE',  ( -367.8512249444161739, 5.389381927037760533, 18.03784105003429872 ) ) ;
#6592 = CARTESIAN_POINT ( 'NONE',  ( -348.5572270252096700, 4.802408741466615005, 19.41366632066188558 ) ) ;
#6593 = ADVANCED_FACE ( 'NONE', ( #3080 ), #1549, .T. ) ;
#6594 = EDGE_CURVE ( 'NONE', #108, #8122, #3035, .T. ) ;
#6595 = CIRCLE ( 'NONE', #4816, 1.000000000000000888 ) ;
#6596 = ORIENTED_EDGE ( 'NONE', *, *, #7719, .T. ) ;
#6597 = DIRECTION ( 'NONE',  ( 0.000000000000000000, 1.000000000000000000, 0.000000000000000000 ) ) ;
#6598 = CARTESIAN_POINT ( 'NONE',  ( -388.8556549163546379, 5.499999999999960920, -168.3749310443081413 ) ) ;
#6599 = CARTESIAN_POINT ( 'NONE',  ( -348.2240811334461341, 4.293272472136263396, -170.0836341850529436 ) ) ;
#6600 = CARTESIAN_POINT ( 'NONE',  ( -385.9654941494569584, 5.039695888598653362, -168.9293852508969280 ) ) ;
#6601 = AXIS2_PLACEMENT_3D ( 'NONE', #5023, #7847, #2087 ) ;
#6602 = CARTESIAN_POINT ( 'NONE',  ( -308.8267442513380274, 5.613761050926165730, -169.5259510842147392 ) ) ;
#6603 = FACE_OUTER_BOUND ( 'NONE', #238, .T. ) ;
#6604 = CIRCLE ( 'NONE', #5584, 4.000000000000001776 ) ;
#6605 = CARTESIAN_POINT ( 'NONE',  ( -307.4601476881188091, 4.682572633561749242, 19.51099171489872930 ) ) ;
#6606 = ORIENTED_EDGE ( 'NONE', *, *, #2537, .T. ) ;
#6607 = DIRECTION ( 'NONE',  ( -1.000000000000000000, 0.000000000000000000, 0.000000000000000000 ) ) ;
#6608 = CARTESIAN_POINT ( 'NONE',  ( -347.8512249444161739, 5.389381927037762310, 18.03784105003430227 ) ) ;
#6609 = CARTESIAN_POINT ( 'NONE',  ( -366.0329310716495002, 4.927818611583308694, -169.0176293865097534 ) ) ;
#6610 = EDGE_LOOP ( 'NONE', ( #5462, #3687 ) ) ;
#6611 = AXIS2_PLACEMENT_3D ( 'NONE', #9056, #4166, #2680 ) ;
#6612 = CARTESIAN_POINT ( 'NONE',  ( -288.8556549163546379, 7.000000000000000000, 19.74756795489107475 ) ) ;
#6613 = ADVANCED_FACE ( 'NONE', ( #2945 ), #5877, .F. ) ;
#6614 = DIRECTION ( 'NONE',  ( -0.000000000000000000, -0.7806247497998098916, -0.6249999999999875655 ) ) ;
#6615 = CARTESIAN_POINT ( 'NONE',  ( -268.2240949084434192, 4.293400979081429369, 19.57871958445521798 ) ) ;
#6616 = CARTESIAN_POINT ( 'NONE',  ( -265.8556549163545810, 5.499999999999989342, -168.3749310443081413 ) ) ;
#6617 = DIRECTION ( 'NONE',  ( -0.000000000000000000, 1.000000000000000000, -0.000000000000000000 ) ) ;
#6618 = CARTESIAN_POINT ( 'NONE',  ( -388.5011026021951466, 4.694546530220844005, 19.45406462802898773 ) ) ;
#6619 = ORIENTED_EDGE ( 'NONE', *, *, #6692, .T. ) ;
#6620 = VERTEX_POINT ( 'NONE', #1644 ) ;
#6621 = ORIENTED_EDGE ( 'NONE', *, *, #5341, .T. ) ;
#6622 = AXIS2_PLACEMENT_3D ( 'NONE', #55, #1597, #4439 ) ;
#6623 = DIRECTION ( 'NONE',  ( 1.000000000000000000, 0.000000000000000000, 0.000000000000000000 ) ) ;
#6624 = CARTESIAN_POINT ( 'NONE',  ( -327.0150539045997107, 3.624999999999968914, -170.2132157533550298 ) ) ;
#6625 = AXIS2_PLACEMENT_3D ( 'NONE', #2905, #7321, #6623 ) ;
#6626 = DIRECTION ( 'NONE',  ( -0.000000000000000000, -0.000000000000000000, 1.000000000000000000 ) ) ;
#6627 = CARTESIAN_POINT ( 'NONE',  ( -327.8556549163545810, 5.500000000000000888, 17.87006695409030144 ) ) ;
#6628 = DIRECTION ( 'NONE',  ( 0.000000000000000000, 0.000000000000000000, 1.000000000000000000 ) ) ;
#6629 = ORIENTED_EDGE ( 'NONE', *, *, #6182, .T. ) ;
#6630 = PLANE ( 'NONE',  #8736 ) ;
#6631 = CARTESIAN_POINT ( 'NONE',  ( -285.8601021806587141, 5.389166282607560809, 18.03814980593135076 ) ) ;
#6632 = VECTOR ( 'NONE', #6617, 1000.000000000000000 ) ;
#6633 = CARTESIAN_POINT ( 'NONE',  ( -366.1048201077166482, 4.835820077882202028, -169.0787849794648139 ) ) ;
#6634 = VERTEX_POINT ( 'NONE', #8761 ) ;
#6635 = EDGE_CURVE ( 'NONE', #6992, #8160, #193, .T. ) ;
#6636 = DIRECTION ( 'NONE',  ( 0.000000000000000000, 0.000000000000000000, 1.000000000000000000 ) ) ;
#6637 = ORIENTED_EDGE ( 'NONE', *, *, #5861, .T. ) ;
#6638 = DIRECTION ( 'NONE',  ( 0.000000000000000000, 0.000000000000000000, -1.000000000000000000 ) ) ;
#6639 = DIRECTION ( 'NONE',  ( 0.000000000000000000, 0.6249999999999882316, 0.7806247497998093365 ) ) ;
#6640 = DIRECTION ( 'NONE',  ( -1.000000000000000000, 0.000000000000000000, 0.000000000000000000 ) ) ;
#6641 = CARTESIAN_POINT ( 'NONE',  ( -256.8556549163562295, 3.000000000000000000, 14.74756795489107475 ) ) ;
#6642 = CARTESIAN_POINT ( 'NONE',  ( -427.7800760629614842, 5.113725464068129334, -168.8621966657040616 ) ) ;
#6643 = CARTESIAN_POINT ( 'NONE',  ( -265.9771489546600378, 5.002226165318923279, -168.9661219778111558 ) ) ;
#6644 = AXIS2_PLACEMENT_3D ( 'NONE', #8454, #2082, #3336 ) ;
#6645 = CARTESIAN_POINT ( 'NONE',  ( -327.8556549163545810, 6.124999999999970690, -169.1555557941079542 ) ) ;
#6646 = EDGE_CURVE ( 'NONE', #3152, #6488, #1987, .T. ) ;
#6647 = AXIS2_PLACEMENT_3D ( 'NONE', #973, #8176, #221 ) ;
#6648 = CIRCLE ( 'NONE', #3827, 1.000000000000000888 ) ;
#6649 = CARTESIAN_POINT ( 'NONE',  ( -346.3332601840947973, 4.643806473694051640, -169.1747701886794744 ) ) ;
#6650 = DIRECTION ( 'NONE',  ( -1.000000000000000000, -0.000000000000000000, -0.000000000000000000 ) ) ;
#6651 = CARTESIAN_POINT ( 'NONE',  ( -287.6783787610585250, 4.927818611581360919, 18.51276529629140555 ) ) ;
#6652 = DIRECTION ( 'NONE',  ( -1.000000000000000000, 0.000000000000000000, 0.000000000000000000 ) ) ;
#6653 = CARTESIAN_POINT ( 'NONE',  ( -288.7191130411810036, 5.205896708463899181, -169.7421645164064046 ) ) ;
#6654 = CARTESIAN_POINT ( 'NONE',  ( -347.8316368210776091, 5.274488668813068770, 18.18564206969832497 ) ) ;
#6655 = CIRCLE ( 'NONE', #5034, 2.099999999999990763 ) ;
#6656 = CARTESIAN_POINT ( 'NONE',  ( -306.0736626820214497, 4.873062145400256284, -169.0547937578537301 ) ) ;
#6657 = EDGE_LOOP ( 'NONE', ( #8112, #7226, #8262, #7215 ) ) ;
#6658 = VECTOR ( 'NONE', #2590, 1000.000000000000000 ) ;
#6659 = ADVANCED_FACE ( 'NONE', ( #5050 ), #7867, .F. ) ;
#6660 = CARTESIAN_POINT ( 'NONE',  ( -385.2930420790494281, 4.555586803579795507, 19.50118134527030378 ) ) ;
#6661 = EDGE_CURVE ( 'NONE', #1827, #9004, #945, .T. ) ;
#6662 = CARTESIAN_POINT ( 'NONE',  ( -406.7158142648377748, 3.625000007438456517, 19.70835166220000900 ) ) ;
#6663 = CARTESIAN_POINT ( 'NONE',  ( -265.8027724493911137, 5.400530990987865820, -169.6508442660102105 ) ) ;
#6664 = DIRECTION ( 'NONE',  ( -1.000000000000000000, 0.000000000000000000, 0.000000000000000000 ) ) ;
#6665 = CARTESIAN_POINT ( 'NONE',  ( -387.1309806014496644, 3.625000010541184370, 19.70835166180910392 ) ) ;
#6666 = ORIENTED_EDGE ( 'NONE', *, *, #3370, .F. ) ;
#6667 = ORIENTED_EDGE ( 'NONE', *, *, #5428, .F. ) ;
#6668 = VERTEX_POINT ( 'NONE', #8279 ) ;
#6669 = AXIS2_PLACEMENT_3D ( 'NONE', #8988, #2608, #6516 ) ;
#6670 = CARTESIAN_POINT ( 'NONE',  ( -265.8556549163545810, 7.000000000000000000, -165.2524320451089181 ) ) ;
#6671 = CARTESIAN_POINT ( 'NONE',  ( -328.4853156518730657, 4.666530572644965069, -169.9684037520792401 ) ) ;
#6672 = FACE_OUTER_BOUND ( 'NONE', #5104, .T. ) ;
#6673 = CARTESIAN_POINT ( 'NONE',  ( -386.2377123859575363, 3.739460732190677650, 19.69279628593738352 ) ) ;
#6674 = CARTESIAN_POINT ( 'NONE',  ( -366.5456845957267547, 4.546024630548740397, 18.70368321587406868 ) ) ;
#6675 = ORIENTED_EDGE ( 'NONE', *, *, #8088, .F. ) ;
#6676 = LINE ( 'NONE', #7372, #8434 ) ;
#6677 = DIRECTION ( 'NONE',  ( 0.000000000000000000, 0.000000000000000000, 1.000000000000000000 ) ) ;
#6678 = CIRCLE ( 'NONE', #1175, 2.000000000000001776 ) ;
#6679 = DIRECTION ( 'NONE',  ( 0.000000000000000000, 0.000000000000000000, 1.000000000000000000 ) ) ;
#6680 = ORIENTED_EDGE ( 'NONE', *, *, #8100, .F. ) ;
#6681 = DIRECTION ( 'NONE',  ( 0.000000000000000000, 0.000000000000000000, 1.000000000000000000 ) ) ;
#6682 = EDGE_CURVE ( 'NONE', #3050, #4168, #3265, .T. ) ;
#6683 = ORIENTED_EDGE ( 'NONE', *, *, #8667, .F. ) ;
#6684 = DIRECTION ( 'NONE',  ( -1.000000000000000000, 0.000000000000000000, 0.000000000000000000 ) ) ;
#6685 = DIRECTION ( 'NONE',  ( -2.921639538487254261E-16, 0.000000000000000000, 1.000000000000000000 ) ) ;
#6686 = LINE ( 'NONE', #302, #1396 ) ;
#6687 = ORIENTED_EDGE ( 'NONE', *, *, #9137, .F. ) ;
#6688 = CARTESIAN_POINT ( 'NONE',  ( -367.1656252369824642, 4.546024630548740397, -169.2085473060919298 ) ) ;
#6689 = DIRECTION ( 'NONE',  ( 0.000000000000000000, 0.000000000000000000, -1.000000000000000000 ) ) ;
#6690 = CARTESIAN_POINT ( 'NONE',  ( -266.2680756768924653, 4.687416699501572914, -169.1568460911446152 ) ) ;
#6691 = CARTESIAN_POINT ( 'NONE',  ( -346.8556549163546379, 4.500000000000000888, -169.2210590117058189 ) ) ;
#6692 = EDGE_CURVE ( 'NONE', #8430, #7908, #4065, .T. ) ;
#6693 = CARTESIAN_POINT ( 'NONE',  ( -385.8600848882931587, 5.389381927037358189, -168.5427051402528775 ) ) ;
#6694 = CARTESIAN_POINT ( 'NONE',  ( -246.8556549163562863, 6.151467139288341990, -56.67318709604558080 ) ) ;
#6695 = CARTESIAN_POINT ( 'NONE',  ( -286.8556549163546947, 4.500000000000000888, 19.59811202517615314 ) ) ;
#6696 = ADVANCED_FACE ( 'NONE', ( #1211 ), #3238, .F. ) ;
#6697 = DIRECTION ( 'NONE',  ( 0.000000000000000000, 0.000000000000000000, -1.000000000000000000 ) ) ;
#6698 = CARTESIAN_POINT ( 'NONE',  ( -346.6962559281094514, 3.624999999999966693, 19.70835166313718290 ) ) ;
#6699 = CARTESIAN_POINT ( 'NONE',  ( -347.4601476881344411, 4.682572633565379228, 19.51099171490390560 ) ) ;
#6700 = CARTESIAN_POINT ( 'NONE',  ( -285.7066728493494452, 4.071125995611704518, 19.63282709906238921 ) ) ;
#6701 = ORIENTED_EDGE ( 'NONE', *, *, #4549, .F. ) ;
#6702 = AXIS2_PLACEMENT_3D ( 'NONE', #487, #1981, #7006 ) ;
#6703 = CARTESIAN_POINT ( 'NONE',  ( -408.8267442513380274, 5.613761050926165730, -169.5259510842147392 ) ) ;
#6704 = CARTESIAN_POINT ( 'NONE',  ( -406.0743484983213420, 4.872234721370825916, 18.55045866297566448 ) ) ;
#6705 = CARTESIAN_POINT ( 'NONE',  ( -265.8981480614780253, 5.118084154113605955, -169.8049107095002626 ) ) ;
#6706 = LINE ( 'NONE', #8803, #5304 ) ;
#6707 = ADVANCED_FACE ( 'NONE', ( #4149 ), #5383, .F. ) ;
#6708 = CARTESIAN_POINT ( 'NONE',  ( -388.8467949769759571, 5.848454817159480790, 18.86040932463384578 ) ) ;
#6709 = EDGE_LOOP ( 'NONE', ( #5849, #7965, #6893, #8491 ) ) ;
#6710 = ORIENTED_EDGE ( 'NONE', *, *, #3719, .T. ) ;
#6711 = EDGE_CURVE ( 'NONE', #5460, #2390, #651, .T. ) ;
#6712 = ORIENTED_EDGE ( 'NONE', *, *, #2917, .T. ) ;
#6713 = CARTESIAN_POINT ( 'NONE',  ( -427.8556549163546379, 4.500000000000000888, 19.74756795489107475 ) ) ;
#6714 = CARTESIAN_POINT ( 'NONE',  ( -346.5784265680331941, 3.643135913639073298, 19.70616283012592262 ) ) ;
#6715 = CARTESIAN_POINT ( 'NONE',  ( -444.8556549163562295, 1.199999999999999956, 0.000000000000000000 ) ) ;
#6716 = CARTESIAN_POINT ( 'NONE',  ( -286.2684541023606926, 4.687071811803895649, 18.65216358364156335 ) ) ;
#6717 = CARTESIAN_POINT ( 'NONE',  ( -366.1042084070910505, 4.836586271791883718, 18.57341617306331116 ) ) ;
#6718 = ORIENTED_EDGE ( 'NONE', *, *, #7043, .T. ) ;
#6719 = LINE ( 'NONE', #7287, #7248 ) ;
#6720 = DIRECTION ( 'NONE',  ( -1.000000000000000000, 0.000000000000000000, 0.000000000000000000 ) ) ;
#6721 = CARTESIAN_POINT ( 'NONE',  ( -267.8556549163546379, 5.500000000000000888, -168.3749310443081413 ) ) ;
#6722 = ORIENTED_EDGE ( 'NONE', *, *, #4300, .T. ) ;
#6723 = VERTEX_POINT ( 'NONE', #2930 ) ;
#6724 = CARTESIAN_POINT ( 'NONE',  ( -387.0152978225283391, 3.625000000000000000, 19.70835166313716869 ) ) ;
#6725 = CARTESIAN_POINT ( 'NONE',  ( -268.8556549163546379, 6.124999999999951150, -169.1555557941079542 ) ) ;
#6726 = DIRECTION ( 'NONE',  ( 0.000000000000000000, -0.6249999999999859002, 0.7806247497998110019 ) ) ;
#6727 = EDGE_CURVE ( 'NONE', #3210, #5655, #8565, .T. ) ;
#6728 = CARTESIAN_POINT ( 'NONE',  ( -445.8556549163562863, 0.000000000000000000, -4.252432045108889724 ) ) ;
#6729 = DIRECTION ( 'NONE',  ( 0.000000000000000000, -0.6249999999999859002, 0.7806247497998110019 ) ) ;
#6730 = FACE_OUTER_BOUND ( 'NONE', #6586, .T. ) ;
#6731 = ORIENTED_EDGE ( 'NONE', *, *, #4153, .T. ) ;
#6732 = DIRECTION ( 'NONE',  ( 1.000000000000000000, 0.000000000000000000, 0.000000000000000000 ) ) ;
#6733 = FACE_OUTER_BOUND ( 'NONE', #7268, .T. ) ;
#6734 = VECTOR ( 'NONE', #5923, 1000.000000000000000 ) ;
#6735 = CARTESIAN_POINT ( 'NONE',  ( -385.7771466374572356, 5.604658406164471529, -169.5274669064345971 ) ) ;
#6736 = CARTESIAN_POINT ( 'NONE',  ( -324.8556549163545242, 3.000000000000000000, -165.2524320451089181 ) ) ;
#6737 = CARTESIAN_POINT ( 'NONE',  ( -256.8556549163562295, 8.000000000000000000, 14.74756795489107475 ) ) ;
#6738 = CARTESIAN_POINT ( 'NONE',  ( -408.8556549222436161, 5.988703185082463243, 18.75981649060134870 ) ) ;
#6739 = CARTESIAN_POINT ( 'NONE',  ( -347.8556549163546379, 6.124999999999985789, 18.65069170389007525 ) ) ;
#6740 = AXIS2_PLACEMENT_3D ( 'NONE', #5307, #1808, #7523 ) ;
#6741 = CARTESIAN_POINT ( 'NONE',  ( -306.2107894258275564, 4.723855547286908596, -169.1440853282302328 ) ) ;
#6742 = ORIENTED_EDGE ( 'NONE', *, *, #8994, .F. ) ;
#6743 = EDGE_CURVE ( 'NONE', #6263, #7732, #6595, .T. ) ;
#6744 = CIRCLE ( 'NONE', #5126, 1.349999999999977884 ) ;
#6745 = CARTESIAN_POINT ( 'NONE',  ( -386.7170407422610765, 4.507254365895947856, 18.71444385685204992 ) ) ;
#6746 = CARTESIAN_POINT ( 'NONE',  ( -405.0209758056167857, 5.117512316921644988, 19.28003851050582185 ) ) ;
#6747 = VECTOR ( 'NONE', #7787, 1000.000000000000000 ) ;
#6748 = CARTESIAN_POINT ( 'NONE',  ( -444.8556549163562295, 3.750000000000000000, -150.0024320451088897 ) ) ;
#6749 = CARTESIAN_POINT ( 'NONE',  ( -366.8556549163546379, 3.625000000000000000, 19.70835166313716869 ) ) ;
#6750 = CARTESIAN_POINT ( 'NONE',  ( -388.4196393853989093, 4.557655364780696772, 19.50052010153129345 ) ) ;
#6751 = VERTEX_POINT ( 'NONE', #2189 ) ;
#6752 = VERTEX_POINT ( 'NONE', #1584 ) ;
#6753 = AXIS2_PLACEMENT_3D ( 'NONE', #2436, #7762, #2180 ) ;
#6754 = ORIENTED_EDGE ( 'NONE', *, *, #6536, .T. ) ;
#6755 = ADVANCED_FACE ( 'NONE', ( #1450 ), #2735, .F. ) ;
#6756 = EDGE_CURVE ( 'NONE', #8873, #2542, #8613, .T. ) ;
#6757 = AXIS2_PLACEMENT_3D ( 'NONE', #5635, #4178, #3482 ) ;
#6758 = DIRECTION ( 'NONE',  ( 0.000000000000000000, 0.000000000000000000, 1.000000000000000000 ) ) ;
#6759 = DIRECTION ( 'NONE',  ( 0.000000000000000000, 0.000000000000000000, -1.000000000000000000 ) ) ;
#6760 = CARTESIAN_POINT ( 'NONE',  ( -248.8556549163562295, 0.000000000000000000, -53.25243204510888972 ) ) ;
#6761 = CARTESIAN_POINT ( 'NONE',  ( -307.1292604473475194, 4.535687915297963002, -169.2115169503409788 ) ) ;
#6762 = CARTESIAN_POINT ( 'NONE',  ( -387.1715777490386472, 4.538726258075910458, 18.70822841259224845 ) ) ;
#6763 = ORIENTED_EDGE ( 'NONE', *, *, #7409, .F. ) ;
#6764 = DIRECTION ( 'NONE',  ( -0.000000000000000000, -1.000000000000000000, -0.000000000000000000 ) ) ;
#6765 = DIRECTION ( 'NONE',  ( -6.770840397031243387E-16, 0.7806247497998088924, -0.6249999999999886757 ) ) ;
#6766 = CARTESIAN_POINT ( 'NONE',  ( -406.8556549163546379, 4.500000000000000888, 0.000000000000000000 ) ) ;
#6767 = ORIENTED_EDGE ( 'NONE', *, *, #2997, .T. ) ;
#6768 = ORIENTED_EDGE ( 'NONE', *, *, #7904, .T. ) ;
#6769 = AXIS2_PLACEMENT_3D ( 'NONE', #7778, #7737, #5697 ) ;
#6770 = CARTESIAN_POINT ( 'NONE',  ( -267.7455700262931373, 5.039146740864987706, -168.9298849125770801 ) ) ;
#6771 = CARTESIAN_POINT ( 'NONE',  ( -345.8981480614779116, 5.118084154113605955, -169.8049107095002626 ) ) ;
#6772 = CARTESIAN_POINT ( 'NONE',  ( -444.8556549163562295, 3.750000000000000000, -156.5024320451088897 ) ) ;
#6773 = CARTESIAN_POINT ( 'NONE',  ( -386.5397320836705148, 4.538726258075907793, -169.2130925028101842 ) ) ;
#6774 = ORIENTED_EDGE ( 'NONE', *, *, #5222, .F. ) ;
#6775 = DIRECTION ( 'NONE',  ( 1.000000000000000000, 0.000000000000000000, 0.000000000000000000 ) ) ;
#6776 = CARTESIAN_POINT ( 'NONE',  ( -444.8556549163562295, 3.750000000000000000, -78.50243204510888972 ) ) ;
#6777 = EDGE_LOOP ( 'NONE', ( #2771, #6344, #7379, #65, #2243, #788 ) ) ;
#6778 = CARTESIAN_POINT ( 'NONE',  ( -405.1540828074995488, 4.802408741466628328, -169.9185304108797254 ) ) ;
#6779 = CARTESIAN_POINT ( 'NONE',  ( -347.1962908863437747, 4.557275686227510114, -169.2053451122197600 ) ) ;
#6780 = CARTESIAN_POINT ( 'NONE',  ( -425.3921034302340445, 4.413286528475444115, 19.54551902581028600 ) ) ;
#6781 = DIRECTION ( 'NONE',  ( 0.000000000000000000, 0.000000000000000000, 1.000000000000000000 ) ) ;
#6782 = CARTESIAN_POINT ( 'NONE',  ( -385.8221547833343834, 6.023662094629174568, -169.2366910493328760 ) ) ;
#6783 = CARTESIAN_POINT ( 'NONE',  ( -250.8556549163562011, 6.099999999999999645, 22.84756795489110104 ) ) ;
#6784 = CIRCLE ( 'NONE', #4713, 5.000000000000004441 ) ;
#6785 = AXIS2_PLACEMENT_3D ( 'NONE', #2308, #5151, #4311 ) ;
#6786 = DIRECTION ( 'NONE',  ( -1.000000000000000000, -0.000000000000000000, -0.000000000000000000 ) ) ;
#6787 = CARTESIAN_POINT ( 'NONE',  ( -407.7731559061448365, 5.097364476297975067, 18.37321371862612907 ) ) ;
#6788 = DIRECTION ( 'NONE',  ( 0.000000000000000000, 0.000000000000000000, 1.000000000000000000 ) ) ;
#6789 = CARTESIAN_POINT ( 'NONE',  ( -305.8556549163545810, 5.499999999999989342, -168.3749310443081413 ) ) ;
#6790 = ORIENTED_EDGE ( 'NONE', *, *, #6661, .F. ) ;
#6791 = EDGE_CURVE ( 'NONE', #7973, #4587, #7627, .T. ) ;
#6792 = CIRCLE ( 'NONE', #2495, 4.000000000000000000 ) ;
#6793 = VECTOR ( 'NONE', #3793, 1000.000000000000000 ) ;
#6794 = CARTESIAN_POINT ( 'NONE',  ( -386.3084438545032526, 3.714219789345782008, 19.69642408864809369 ) ) ;
#6795 = CARTESIAN_POINT ( 'NONE',  ( -405.7766847069766527, 5.710072106086367505, 18.95463741994385387 ) ) ;
#6796 = DIRECTION ( 'NONE',  ( -1.000000000000000000, -0.000000000000000000, -0.000000000000000000 ) ) ;
#6797 = AXIS2_PLACEMENT_3D ( 'NONE', #670, #5662, #1420 ) ;
#6798 = DIRECTION ( 'NONE',  ( 0.000000000000000000, 0.000000000000000000, 1.000000000000000000 ) ) ;
#6799 = CARTESIAN_POINT ( 'NONE',  ( -387.3857927667284002, 4.640946051867747890, 18.67203221619958597 ) ) ;
#6800 = ORIENTED_EDGE ( 'NONE', *, *, #1177, .F. ) ;
#6801 = ORIENTED_EDGE ( 'NONE', *, *, #3211, .T. ) ;
#6802 = ORIENTED_EDGE ( 'NONE', *, *, #6874, .T. ) ;
#6803 = LINE ( 'NONE', #430, #6035 ) ;
#6804 = EDGE_CURVE ( 'NONE', #3697, #8950, #7262, .T. ) ;
#6805 = DIRECTION ( 'NONE',  ( -0.000000000000000000, -0.000000000000000000, 1.000000000000000000 ) ) ;
#6806 = CARTESIAN_POINT ( 'NONE',  ( -444.8556549163562295, 0.000000000000000000, -160.2524320451088897 ) ) ;
#6807 = CARTESIAN_POINT ( 'NONE',  ( -286.8556549163546379, 4.500000000000000888, 18.71619492148795771 ) ) ;
#6808 = CARTESIAN_POINT ( 'NONE',  ( -365.9312337697479620, 5.113725464068107129, 18.35733257548620756 ) ) ;
#6809 = ORIENTED_EDGE ( 'NONE', *, *, #4756, .T. ) ;
#6810 = PLANE ( 'NONE',  #5316 ) ;
#6811 = EDGE_CURVE ( 'NONE', #70, #6634, #8976, .T. ) ;
#6812 = CARTESIAN_POINT ( 'NONE',  ( -425.8556549163546379, 7.000000000000000000, 14.74756795489105521 ) ) ;
#6813 = CARTESIAN_POINT ( 'NONE',  ( -366.6968085463535658, 4.500000000000002665, -169.2210590117058473 ) ) ;
#6814 = ORIENTED_EDGE ( 'NONE', *, *, #2787, .F. ) ;
#6815 = ORIENTED_EDGE ( 'NONE', *, *, #1651, .T. ) ;
#6816 = CARTESIAN_POINT ( 'NONE',  ( -267.4028659782060799, 3.714219789345969858, -170.2012881788659513 ) ) ;
#6817 = PLANE ( 'NONE',  #9163 ) ;
#6818 = CARTESIAN_POINT ( 'NONE',  ( -284.8556549163546379, 5.499999999999955591, 17.87006695409030854 ) ) ;
#6819 = CARTESIAN_POINT ( 'NONE',  ( -386.8556549163545810, 4.500000000000000888, -169.2210590117058189 ) ) ;
#6820 = ORIENTED_EDGE ( 'NONE', *, *, #7207, .T. ) ;
#6821 = DIRECTION ( 'NONE',  ( 0.000000000000000000, 0.000000000000000000, -1.000000000000000000 ) ) ;
#6822 = EDGE_CURVE ( 'NONE', #4925, #6620, #8370, .T. ) ;
#6823 = DIRECTION ( 'NONE',  ( -1.000000000000000000, 0.000000000000000000, 0.000000000000000000 ) ) ;
#6824 = ORIENTED_EDGE ( 'NONE', *, *, #551, .F. ) ;
#6825 = CARTESIAN_POINT ( 'NONE',  ( -426.8556549163546947, 3.625000000000000444, 19.70835166313716158 ) ) ;
#6826 = DIRECTION ( 'NONE',  ( 1.000000000000000000, 0.000000000000000000, 0.000000000000000000 ) ) ;
#6827 = CARTESIAN_POINT ( 'NONE',  ( -368.8556549163546379, 3.000000000000000000, 14.74756795489106231 ) ) ;
#6828 = ADVANCED_FACE ( 'NONE', ( #5213 ), #3328, .F. ) ;
#6829 = CARTESIAN_POINT ( 'NONE',  ( -250.8556549163562011, 6.099999999999999645, -171.2524320451088897 ) ) ;
#6830 = DIRECTION ( 'NONE',  ( 0.000000000000000000, 0.000000000000000000, -1.000000000000000000 ) ) ;
#6831 = CARTESIAN_POINT ( 'NONE',  ( -306.0338427332812898, 4.926450206952925015, 18.51377697833359903 ) ) ;
#6832 = FACE_OUTER_BOUND ( 'NONE', #479, .T. ) ;
#6833 = CARTESIAN_POINT ( 'NONE',  ( -287.5578475515901573, 4.784051302019447505, -169.1084858473784038 ) ) ;
#6834 = CARTESIAN_POINT ( 'NONE',  ( -407.7659609333657613, 5.030307165850796736, 19.34439754652230548 ) ) ;
#6835 = CARTESIAN_POINT ( 'NONE',  ( -385.8556549163546379, 5.500000000000000888, 17.87006695409029433 ) ) ;
#6836 = CARTESIAN_POINT ( 'NONE',  ( -305.9381539265641550, 5.097364476298504421, -168.8780778088432726 ) ) ;
#6837 = ORIENTED_EDGE ( 'NONE', *, *, #1311, .T. ) ;
#6838 = CARTESIAN_POINT ( 'NONE',  ( -408.4853156518730657, 4.666530572644965069, -169.9684037520792401 ) ) ;
#6839 = CARTESIAN_POINT ( 'NONE',  ( -405.5786175973169065, 4.193287934494549063, 19.60417564810641977 ) ) ;
#6840 = CARTESIAN_POINT ( 'NONE',  ( -266.8556549163545810, 4.500000000000000888, -169.2210590117058189 ) ) ;
#6841 = EDGE_CURVE ( 'NONE', #659, #4594, #5560, .T. ) ;
#6842 = CARTESIAN_POINT ( 'NONE',  ( -288.4992792783649520, 4.691125519188566351, -169.9601933210739162 ) ) ;
#6843 = CARTESIAN_POINT ( 'NONE',  ( -387.6774670994280427, 4.926450206952964983, -169.0186410685512044 ) ) ;
#6844 = ORIENTED_EDGE ( 'NONE', *, *, #4211, .F. ) ;
#6845 = DIRECTION ( 'NONE',  ( 0.000000000000000000, 1.000000000000000000, 0.000000000000000000 ) ) ;
#6846 = VERTEX_POINT ( 'NONE', #2883 ) ;
#6847 = EDGE_LOOP ( 'NONE', ( #7906, #6562, #4527, #285 ) ) ;
#6848 = CARTESIAN_POINT ( 'NONE',  ( -427.8832556423643041, 3.972307589721717935, -170.1577011716906611 ) ) ;
#6849 = FACE_OUTER_BOUND ( 'NONE', #2388, .T. ) ;
#6850 = LINE ( 'NONE', #2529, #5499 ) ;
#6851 = CARTESIAN_POINT ( 'NONE',  ( -307.3821581955477882, 4.647039145976322949, -169.1736827778622967 ) ) ;
#6852 = DIRECTION ( 'NONE',  ( 1.000000000000000000, 0.000000000000000000, -0.000000000000000000 ) ) ;
#6853 = EDGE_LOOP ( 'NONE', ( #3190, #9021, #1502, #6355 ) ) ;
#6854 = DIRECTION ( 'NONE',  ( -2.921639538487254261E-16, 0.000000000000000000, 1.000000000000000000 ) ) ;
#6855 = CARTESIAN_POINT ( 'NONE',  ( -325.0381541654786020, 5.070576912793788971, -169.8058771670545184 ) ) ;
#6856 = CARTESIAN_POINT ( 'NONE',  ( -388.8556549163546379, 6.124999999999951150, -169.1555557941079542 ) ) ;
#6857 = VERTEX_POINT ( 'NONE', #4469 ) ;
#6858 = EDGE_CURVE ( 'NONE', #2824, #1773, #8530, .T. ) ;
#6859 = EDGE_LOOP ( 'NONE', ( #6409, #7103, #2301, #992 ) ) ;
#6860 = CARTESIAN_POINT ( 'NONE',  ( -267.5934564685670125, 4.807602833729585079, -169.9572802257344222 ) ) ;
#6861 = EDGE_CURVE ( 'NONE', #8631, #6634, #5715, .T. ) ;
#6862 = CARTESIAN_POINT ( 'NONE',  ( -345.9654941494569584, 5.039695888598653362, -168.9293852508969280 ) ) ;
#6863 = CARTESIAN_POINT ( 'NONE',  ( -266.5456845957267547, 4.546024630548740397, 18.70368321587408644 ) ) ;
#6864 = CARTESIAN_POINT ( 'NONE',  ( -427.4028659782060231, 3.714219789345969858, -170.2012881788659513 ) ) ;
#6865 = ORIENTED_EDGE ( 'NONE', *, *, #5949, .T. ) ;
#6866 = CARTESIAN_POINT ( 'NONE',  ( -444.8556549163562295, 3.750000000000000000, 0.8475679548910920458 ) ) ;
#6867 = CARTESIAN_POINT ( 'NONE',  ( -442.8556549163562295, 3.750000000000000000, -148.8524320451088556 ) ) ;
#6868 = ORIENTED_EDGE ( 'NONE', *, *, #3409, .T. ) ;
#6869 = FACE_OUTER_BOUND ( 'NONE', #1892, .T. ) ;
#6870 = DIRECTION ( 'NONE',  ( 0.000000000000000000, 0.000000000000000000, -1.000000000000000000 ) ) ;
#6871 = VECTOR ( 'NONE', #3735, 1000.000000000000000 ) ;
#6872 = CARTESIAN_POINT ( 'NONE',  ( -425.0382981577642454, 5.070098603588713893, 19.30124808383411761 ) ) ;
#6873 = CARTESIAN_POINT ( 'NONE',  ( -265.2259941808362669, 4.666530572644967734, 19.46353966186141449 ) ) ;
#6874 = EDGE_CURVE ( 'NONE', #8064, #4772, #2998, .T. ) ;
#6875 = DIRECTION ( 'NONE',  ( -2.921639538487254261E-16, 0.000000000000000000, 1.000000000000000000 ) ) ;
#6876 = CARTESIAN_POINT ( 'NONE',  ( -305.0209758056168425, 5.117512316921597026, 19.28003851050585737 ) ) ;
#6877 = FACE_OUTER_BOUND ( 'NONE', #4491, .T. ) ;
#6878 = CARTESIAN_POINT ( 'NONE',  ( -1.885059646467264690E-15, 8.000000000000000000, 14.74756795489110850 ) ) ;
#6879 = CARTESIAN_POINT ( 'NONE',  ( -344.8556549163545810, 5.877829809576792464, 18.84858623523065901 ) ) ;
#6880 = CARTESIAN_POINT ( 'NONE',  ( -407.3782660746424540, 4.643937170568207762, -169.1747185638574820 ) ) ;
#6881 = CARTESIAN_POINT ( 'NONE',  ( -446.8556549163562863, 0.000000000000000000, -175.2524320451088897 ) ) ;
#6882 = ORIENTED_EDGE ( 'NONE', *, *, #7890, .T. ) ;
#6883 = CIRCLE ( 'NONE', #6150, 1.349999999999976108 ) ;
#6884 = AXIS2_PLACEMENT_3D ( 'NONE', #3934, #210, #3194 ) ;
#6885 = CARTESIAN_POINT ( 'NONE',  ( -445.8556549163562863, 3.750000000000000000, -155.1524320451088954 ) ) ;
#6886 = CARTESIAN_POINT ( 'NONE',  ( -326.8556549163545810, 3.625000000000000444, 19.70835166313717579 ) ) ;
#6887 = CARTESIAN_POINT ( 'NONE',  ( -266.8556549163545810, 4.500000000000000888, -170.1029761153939717 ) ) ;
#6888 = CARTESIAN_POINT ( 'NONE',  ( -287.4028659782060231, 3.714219789345969858, -170.2012881788659513 ) ) ;
#6889 = VECTOR ( 'NONE', #3641, 1000.000000000000000 ) ;
#6890 = CARTESIAN_POINT ( 'NONE',  ( -388.6354851403668818, 4.972866850357087642, -169.8492481327818382 ) ) ;
#6891 = EDGE_LOOP ( 'NONE', ( #4051, #4200, #6425, #8583 ) ) ;
#6892 = CARTESIAN_POINT ( 'NONE',  ( -364.9345099126422269, 5.412504818266355322, -169.6350144964297044 ) ) ;
#6893 = ORIENTED_EDGE ( 'NONE', *, *, #4844, .F. ) ;
#6894 = VERTEX_POINT ( 'NONE', #4696 ) ;
#6895 = ADVANCED_FACE ( 'NONE', ( #6832 ), #8175, .T. ) ;
#6896 = CIRCLE ( 'NONE', #4675, 4.000000000000000000 ) ;
#6897 = CARTESIAN_POINT ( 'NONE',  ( -444.8556549163562295, 3.750000000000000000, -0.5024320451088859496 ) ) ;
#6898 = DIRECTION ( 'NONE',  ( -1.000000000000000000, 0.000000000000000000, 0.000000000000000000 ) ) ;
#6899 = CARTESIAN_POINT ( 'NONE',  ( -307.5578475515901005, 4.784051302019447505, -169.1084858473784038 ) ) ;
#6900 = AXIS2_PLACEMENT_3D ( 'NONE', #688, #4938, #7106 ) ;
#6901 = CARTESIAN_POINT ( 'NONE',  ( -307.5369268556093516, 3.768189216954908272, -170.1935733750994757 ) ) ;
#6902 = CARTESIAN_POINT ( 'NONE',  ( -368.6359764537195929, 4.974239720234027828, 19.34375946573916494 ) ) ;
#6903 = EDGE_LOOP ( 'NONE', ( #4390, #7648, #1625, #96 ) ) ;
#6904 = CARTESIAN_POINT ( 'NONE',  ( -407.6181761947163977, 3.806447783934348905, 19.68281947754103811 ) ) ;
#6905 = DIRECTION ( 'NONE',  ( -1.000000000000000000, 0.000000000000000000, 0.000000000000000000 ) ) ;
#6906 = VECTOR ( 'NONE', #2396, 1000.000000000000000 ) ;
#6907 = CARTESIAN_POINT ( 'NONE',  ( -248.4943355782486663, 2.751677998756740795, -95.12985495660487345 ) ) ;
#6908 = ORIENTED_EDGE ( 'NONE', *, *, #1640, .F. ) ;
#6909 = AXIS2_PLACEMENT_3D ( 'NONE', #830, #9216, #6555 ) ;
#6910 = VERTEX_POINT ( 'NONE', #1105 ) ;
#6911 = EDGE_CURVE ( 'NONE', #4258, #8757, #7920, .T. ) ;
#6912 = CARTESIAN_POINT ( 'NONE',  ( -268.4182677536561528, 4.555586803580517596, -170.0060454354879482 ) ) ;
#6913 = CARTESIAN_POINT ( 'NONE',  ( -344.8556549104655460, 5.988703185082854041, -169.2646805808189185 ) ) ;
#6914 = PLANE ( 'NONE',  #3881 ) ;
#6915 = CARTESIAN_POINT ( 'NONE',  ( -444.8556549163562295, 1.199999999999999956, 156.0000000000000000 ) ) ;
#6916 = ORIENTED_EDGE ( 'NONE', *, *, #8882, .T. ) ;
#6917 = CARTESIAN_POINT ( 'NONE',  ( -251.8556549163562579, 8.000000000000000000, -170.2524320451089181 ) ) ;
#6918 = EDGE_CURVE ( 'NONE', #5509, #5801, #5115, .T. ) ;
#6919 = ORIENTED_EDGE ( 'NONE', *, *, #260, .F. ) ;
#6920 = CARTESIAN_POINT ( 'NONE',  ( -406.5406535113655195, 3.648547497292145447, -170.2104039133024003 ) ) ;
#6921 = CARTESIAN_POINT ( 'NONE',  ( -347.8160824133250912, 5.214525108020818145, -168.7590172505114765 ) ) ;
#6922 = DIRECTION ( 'NONE',  ( -1.000000000000000000, -0.000000000000000000, -0.000000000000000000 ) ) ;
#6923 = CARTESIAN_POINT ( 'NONE',  ( -408.8556549163546379, 3.000000000000000000, 14.74756795489105698 ) ) ;
#6924 = CARTESIAN_POINT ( 'NONE',  ( -441.8556549163562295, 0.000000000000000000, 14.74756795489098948 ) ) ;
#6925 = CARTESIAN_POINT ( 'NONE',  ( -306.1655068274290556, 4.773209397924949471, 18.60965155063050958 ) ) ;
#6926 = B_SPLINE_CURVE_WITH_KNOTS ( 'NONE', 3,
 ( #1925, #4067, #3230, #4769, #7593, #4669, #7645, #524, #3373, #6210, #6951, #578, #6258, #6073, #8912, #5373 ),
 .UNSPECIFIED., .F., .F.,
 ( 4, 2, 2, 2, 2, 2, 2, 4 ),
 ( 0.000000000000000000, 0.0002351675953986706808, 0.0004703351907973413615, 0.0007055027861960120423, 0.0009406703815946827231, 0.001175837976993353295, 0.001411005572392024085, 0.001881340763189365446 ),
 .UNSPECIFIED. ) ;
#6927 = LINE ( 'NONE', #4045, #3176 ) ;
#6928 = CARTESIAN_POINT ( 'NONE',  ( -346.1534622811191184, 4.784051302019448393, 18.60362175716054267 ) ) ;
#6929 = CARTESIAN_POINT ( 'NONE',  ( -347.7854562619177727, 5.116383170996372520, 18.36058535655305590 ) ) ;
#6930 = CARTESIAN_POINT ( 'NONE',  ( -407.7800760629614842, 5.113725464068129334, -168.8621966657040616 ) ) ;
#6931 = EDGE_CURVE ( 'NONE', #3796, #807, #7184, .T. ) ;
#6932 = AXIS2_PLACEMENT_3D ( 'NONE', #5515, #580, #2022 ) ;
#6933 = DIRECTION ( 'NONE',  ( 0.000000000000000000, 0.000000000000000000, -1.000000000000000000 ) ) ;
#6934 = ORIENTED_EDGE ( 'NONE', *, *, #1962, .F. ) ;
#6935 = VECTOR ( 'NONE', #6317, 1000.000000000000000 ) ;
#6936 = CARTESIAN_POINT ( 'NONE',  ( -328.8556549163545810, 8.000000000000000000, -165.2524320451089181 ) ) ;
#6937 = CARTESIAN_POINT ( 'NONE',  ( -325.9218548214145699, 3.907503744616650287, 19.66502962423768253 ) ) ;
#6938 = CARTESIAN_POINT ( 'NONE',  ( -287.6565166143253691, 4.875924695994235059, -169.9249766519569391 ) ) ;
#6939 = AXIS2_PLACEMENT_3D ( 'NONE', #7960, #6526, #5921 ) ;
#6940 = CARTESIAN_POINT ( 'NONE',  ( -387.9341163091268641, 5.603816879092914149, -169.5279948268551209 ) ) ;
#6941 = ORIENTED_EDGE ( 'NONE', *, *, #3778, .T. ) ;
#6942 = ADVANCED_FACE ( 'NONE', ( #2462 ), #3301, .T. ) ;
#6943 = CARTESIAN_POINT ( 'NONE',  ( -405.1548002534007082, 4.800895434974116860, 19.41426770713570704 ) ) ;
#6944 = ORIENTED_EDGE ( 'NONE', *, *, #601, .F. ) ;
#6945 = AXIS2_PLACEMENT_3D ( 'NONE', #1083, #3234, #6077 ) ;
#6946 = ORIENTED_EDGE ( 'NONE', *, *, #2848, .F. ) ;
#6947 = ADVANCED_FACE ( 'NONE', ( #8938 ), #3116, .F. ) ;
#6948 = CARTESIAN_POINT ( 'NONE',  ( -407.9346251257289282, 5.710072106083486254, -169.4595015101596402 ) ) ;
#6949 = CARTESIAN_POINT ( 'NONE',  ( -367.1706563213435857, 3.648547497292133901, 19.70553982308454266 ) ) ;
#6950 = CARTESIAN_POINT ( 'NONE',  ( -387.8556549163546379, 5.500000000000000888, 17.87006695409029433 ) ) ;
#6951 = CARTESIAN_POINT ( 'NONE',  ( -385.9853736802812136, 5.003640207569636900, 18.45466831438454136 ) ) ;
#6952 = AXIS2_PLACEMENT_3D ( 'NONE', #2083, #7566, #8405 ) ;
#6953 = CARTESIAN_POINT ( 'NONE',  ( -307.9124047648170404, 5.918887576270607020, -169.3146843188903858 ) ) ;
#6954 = CARTESIAN_POINT ( 'NONE',  ( -304.8556549163545810, 3.000000000000000000, -165.2524320451089181 ) ) ;
#6955 = ORIENTED_EDGE ( 'NONE', *, *, #1059, .T. ) ;
#6956 = CARTESIAN_POINT ( 'NONE',  ( -388.0046369833598305, 4.071125995611724058, -170.1376911892802468 ) ) ;
#6957 = EDGE_LOOP ( 'NONE', ( #5098, #1134, #4886, #640 ) ) ;
#6958 = ORIENTED_EDGE ( 'NONE', *, *, #6199, .F. ) ;
#6959 = AXIS2_PLACEMENT_3D ( 'NONE', #2826, #5485, #7011 ) ;
#6960 = DIRECTION ( 'NONE',  ( -1.000000000000000000, -0.000000000000000000, -0.000000000000000000 ) ) ;
#6961 = CARTESIAN_POINT ( 'NONE',  ( -326.8556549163545810, 4.500000000000000888, -170.1029761153939717 ) ) ;
#6962 = CARTESIAN_POINT ( 'NONE',  ( -442.8556549163562295, 3.750000000000000000, 5.997567954891120046 ) ) ;
#6963 = CARTESIAN_POINT ( 'NONE',  ( -427.7729944729223348, 5.097004927023129461, -168.8784084923340174 ) ) ;
#6964 = ORIENTED_EDGE ( 'NONE', *, *, #747, .F. ) ;
#6965 = CARTESIAN_POINT ( 'NONE',  ( -436.8556549163562295, 3.000000000000000000, 14.74756795489104455 ) ) ;
#6966 = EDGE_CURVE ( 'NONE', #8593, #1174, #4368, .T. ) ;
#6967 = FACE_OUTER_BOUND ( 'NONE', #1618, .T. ) ;
#6968 = ORIENTED_EDGE ( 'NONE', *, *, #4153, .F. ) ;
#6969 = CARTESIAN_POINT ( 'NONE',  ( -405.8556549163546379, 5.416358229831101490, -168.5088650666895091 ) ) ;
#6970 = CARTESIAN_POINT ( 'NONE',  ( -307.8556549163546379, 7.000000000000000000, 19.74756795489107475 ) ) ;
#6971 = CYLINDRICAL_SURFACE ( 'NONE', #355, 1.150000000000012124 ) ;
#6972 = DIRECTION ( 'NONE',  ( 0.000000000000000000, 0.000000000000000000, -1.000000000000000000 ) ) ;
#6973 = CIRCLE ( 'NONE', #4701, 1.000000000000000888 ) ;
#6974 = CARTESIAN_POINT ( 'NONE',  ( -266.4724515316910924, 4.571621889987042664, 19.56339676126329152 ) ) ;
#6975 = CARTESIAN_POINT ( 'NONE',  ( -306.7017651815500017, 4.508727177064884017, 19.59378512594900101 ) ) ;
#6976 = DIRECTION ( 'NONE',  ( 0.000000000000000000, 0.000000000000000000, -1.000000000000000000 ) ) ;
#6977 = CARTESIAN_POINT ( 'NONE',  ( -286.9352240827998912, 4.500000000000002665, -169.2210590117058473 ) ) ;
#6978 = CARTESIAN_POINT ( 'NONE',  ( -347.6064897249923433, 4.835820077882199364, 18.57392088924700602 ) ) ;
#6979 = DIRECTION ( 'NONE',  ( -1.000000000000000000, -0.000000000000000000, -2.921639538487254261E-16 ) ) ;
#6980 = CARTESIAN_POINT ( 'NONE',  ( -427.1706563213435857, 3.648547497292133901, 19.70553982308453911 ) ) ;
#6981 = EDGE_CURVE ( 'NONE', #7353, #3472, #7633, .T. ) ;
#6982 = EDGE_CURVE ( 'NONE', #4996, #7054, #7346, .T. ) ;
#6983 =( BOUNDED_SURFACE ( )  B_SPLINE_SURFACE ( 3, 2, ( 
 ( #1678, #6739, #4610 ),
 ( #272, #3121, #5312 ),
 ( #3260, #8087, #6608 ),
 ( #3862, #417, #6654 ),
 ( #5916, #4653, #7434 ),
 ( #1770, #6100, #4514 ),
 ( #6003, #8844, #5358 ),
 ( #2514, #3901, #3161 ),
 ( #317, #363, #8755 ),
 ( #8133, #1023, #3208 ),
 ( #5959, #6699, #8178 ),
 ( #8796, #1811, #6054 ),
 ( #8040, #8941, #2421 ),
 ( #2467, #7478, #2556 ) ),
 .UNSPECIFIED., .F., .F., .T. ) 
 B_SPLINE_SURFACE_WITH_KNOTS ( ( 4, 2, 2, 2, 2, 2, 4 ),
 ( 3, 3 ),
 ( 0.001015998582458477011, 0.001428449273944988693, 0.001840899965431500376, 0.002253350656918012059, 0.002665801348404523742, 0.003490702731377547108, 0.004315604114350570474 ),
 ( 0.000000000000000000, 1.000000000000000000 ),
 .UNSPECIFIED. ) 
 GEOMETRIC_REPRESENTATION_ITEM ( )  RATIONAL_B_SPLINE_SURFACE ( (
 ( 1.000000000000000000, 0.7071067811865492381, 1.000000000000000000),
 ( 1.000000000000000000, 0.7191539465619962712, 1.000000000000000000),
 ( 1.000000000000000000, 0.7296663882557304914, 1.000000000000000000),
 ( 1.000000000000000000, 0.7474372416598576985, 1.000000000000000000),
 ( 1.000000000000000000, 0.7547518899039961093, 1.000000000000000000),
 ( 1.000000000000000000, 0.7656299723738985152, 1.000000000000000000),
 ( 1.000000000000000000, 0.7691951883262663214, 1.000000000000000000),
 ( 1.000000000000000000, 0.7731396846999006867, 1.000000000000000000),
 ( 1.000000000000000000, 0.7734820014422222334, 1.000000000000000000),
 ( 1.000000000000000000, 0.7709873420212901562, 1.000000000000000000),
 ( 1.000000000000000000, 0.7646994115808869452, 1.000000000000000000),
 ( 1.000000000000000000, 0.7540697026783611534, 1.000000000000000000),
 ( 1.000000000000000000, 0.7498104614810595647, 1.000000000000000000),
 ( 1.000000000000000000, 0.7499999999999998890, 1.000000000000000000) ) ) 
 REPRESENTATION_ITEM ( '' )  SURFACE ( )  );
#6984 = DIRECTION ( 'NONE',  ( 0.000000000000000000, 0.000000000000000000, 1.000000000000000000 ) ) ;
#6985 = CARTESIAN_POINT ( 'NONE',  ( -325.5786175973168497, 4.193287934494549063, 19.60417564810643043 ) ) ;
#6986 = CARTESIAN_POINT ( 'NONE',  ( -425.8797666428928324, 5.274054342412982876, 18.18616927195839494 ) ) ;
#6987 = CARTESIAN_POINT ( 'NONE',  ( -287.8837617874938815, 5.301471067487164568, -169.7066495553370942 ) ) ;
#6988 = CARTESIAN_POINT ( 'NONE',  ( -387.3868111759327917, 4.645770204742692755, -170.0332380380694417 ) ) ;
#6989 = VERTEX_POINT ( 'NONE', #1766 ) ;
#6990 = CARTESIAN_POINT ( 'NONE',  ( -364.8645148557371840, 5.848454817158821761, -169.3652734148521404 ) ) ;
#6991 = VERTEX_POINT ( 'NONE', #6783 ) ;
#6992 = VERTEX_POINT ( 'NONE', #5355 ) ;
#6993 = DIRECTION ( 'NONE',  ( -1.000000000000000000, 0.000000000000000000, 0.000000000000000000 ) ) ;
#6994 = ADVANCED_FACE ( 'NONE', ( #2416 ), #798, .F. ) ;
#6995 = CARTESIAN_POINT ( 'NONE',  ( -367.6181761947164546, 3.806447783934348017, 19.68281947754103456 ) ) ;
#6996 = CARTESIAN_POINT ( 'NONE',  ( -346.3244986567764840, 4.645770204742754039, 19.52837394785153080 ) ) ;
#6997 = CARTESIAN_POINT ( 'NONE',  ( -445.8556549163562863, 1.199999999999999956, 156.0000000000000000 ) ) ;
#6998 = CARTESIAN_POINT ( 'NONE',  ( -367.7659609333619528, 5.030307165849323248, 19.34439754652063925 ) ) ;
#6999 = VERTEX_POINT ( 'NONE', #1850 ) ;
#7000 = CARTESIAN_POINT ( 'NONE',  ( -328.8556549163545810, 3.000000000000000000, 14.74756795489106764 ) ) ;
#7001 = CARTESIAN_POINT ( 'NONE',  ( -248.2426285691994110, 4.259615595138884991, -93.58004130560694023 ) ) ;
#7002 = ORIENTED_EDGE ( 'NONE', *, *, #9059, .F. ) ;
#7003 = ORIENTED_EDGE ( 'NONE', *, *, #8764, .F. ) ;
#7004 = CARTESIAN_POINT ( 'NONE',  ( -268.7765099126931432, 5.411312770689274743, -169.6356635552781995 ) ) ;
#7005 = CARTESIAN_POINT ( 'NONE',  ( -325.8221547833344403, 6.023662094631590413, -169.2366910493347234 ) ) ;
#7006 = DIRECTION ( 'NONE',  ( 0.000000000000000000, 0.000000000000000000, -1.000000000000000000 ) ) ;
#7007 = CARTESIAN_POINT ( 'NONE',  ( -427.7651547829831884, 5.029006227352279090, -169.8499098049644829 ) ) ;
#7008 = ORIENTED_EDGE ( 'NONE', *, *, #3668, .T. ) ;
#7009 = LINE ( 'NONE', #1293, #548 ) ;
#7010 = B_SPLINE_CURVE_WITH_KNOTS ( 'NONE', 3,
 ( #834, #5036, #6381, #7898, #43, #2838, #1494, #5863, #1583, #5683, #2882, #882, #7809, #5123, #8699, #4284 ),
 .UNSPECIFIED., .F., .F.,
 ( 4, 2, 2, 2, 2, 2, 2, 4 ),
 ( 5.632511157154733508E-17, 0.0004712969428269500388, 0.0009425938856538438075, 0.001413890828480737468, 0.001885187771307631236, 0.002356484714134524788, 0.002827781656961418557, 0.003770375542615203492 ),
 .UNSPECIFIED. ) ;
#7011 = DIRECTION ( 'NONE',  ( 0.000000000000000000, 1.593777193553690256E-14, 1.000000000000000000 ) ) ;
#7012 = ORIENTED_EDGE ( 'NONE', *, *, #146, .F. ) ;
#7013 = CARTESIAN_POINT ( 'NONE',  ( -304.8556549163545810, 5.499999999999960920, -168.3749310443081413 ) ) ;
#7014 = CARTESIAN_POINT ( 'NONE',  ( -407.3225549634628351, 4.613001498401150258, -169.1864013774678028 ) ) ;
#7015 = CARTESIAN_POINT ( 'NONE',  ( -308.8556549163546379, 8.000000000000000000, 14.74756795489106942 ) ) ;
#7016 = ADVANCED_FACE ( 'NONE', ( #414 ), #8050, .F. ) ;
#7017 = CARTESIAN_POINT ( 'NONE',  ( -265.8026483570805567, 3.992597862135470077, 19.64913136511979630 ) ) ;
#7018 = CARTESIAN_POINT ( 'NONE',  ( -304.8556549163546379, 6.124999999999968914, 18.65069170389009656 ) ) ;
#7019 = DIRECTION ( 'NONE',  ( -0.000000000000000000, 1.000000000000000000, -0.000000000000000000 ) ) ;
#7020 = CARTESIAN_POINT ( 'NONE',  ( -426.8556549163546379, 5.500000000000000888, -1.247118358630493074E-13 ) ) ;
#7021 = CARTESIAN_POINT ( 'NONE',  ( -426.6981921440526548, 4.509365819018567478, 18.71396276295644157 ) ) ;
#7022 = DIRECTION ( 'NONE',  ( -1.000000000000000000, 0.000000000000000000, 0.000000000000000000 ) ) ;
#7023 = CARTESIAN_POINT ( 'NONE',  ( -385.9461550497300664, 5.029006227351325187, 19.34504571474395718 ) ) ;
#7024 = CARTESIAN_POINT ( 'NONE',  ( -405.8221357381982557, 6.023604503308171765, 18.73187307253853007 ) ) ;
#7025 = CARTESIAN_POINT ( 'NONE',  ( -426.3244986567764272, 4.645770204743612020, 19.52837394785270675 ) ) ;
#7026 = LINE ( 'NONE', #3455, #9183 ) ;
#7027 = EDGE_CURVE ( 'NONE', #7213, #2843, #132, .T. ) ;
#7028 = CARTESIAN_POINT ( 'NONE',  ( -387.8556549163546379, 5.499999999999984013, -168.3749310443081413 ) ) ;
#7029 = ORIENTED_EDGE ( 'NONE', *, *, #2153, .T. ) ;
#7030 = CARTESIAN_POINT ( 'NONE',  ( -304.8843007671161445, 5.615024101080729579, -169.5252283557554449 ) ) ;
#7031 = ORIENTED_EDGE ( 'NONE', *, *, #2546, .F. ) ;
#7032 = EDGE_LOOP ( 'NONE', ( #7774, #3571, #2283, #10 ) ) ;
#7033 = CARTESIAN_POINT ( 'NONE',  ( -407.8556549163547515, 5.416358229831104154, 18.00400097647163733 ) ) ;
#7034 = CARTESIAN_POINT ( 'NONE',  ( -256.8556549163562295, 0.000000000000000000, -170.2524320451089181 ) ) ;
#7035 = VECTOR ( 'NONE', #1373, 1000.000000000000000 ) ;
#7036 = CARTESIAN_POINT ( 'NONE',  ( -346.3887548692464406, 4.613001498401151146, 18.68153728725017615 ) ) ;
#7037 = CARTESIAN_POINT ( 'NONE',  ( -328.8556549222436161, 5.988703185082433933, 18.75981649060138423 ) ) ;
#7038 = B_SPLINE_CURVE_WITH_KNOTS ( 'NONE', 3,
 ( #1645, #4572, #3777, #5879, #281, #7962, #186, #3126, #4441, #1550, #8626, #5225 ),
 .UNSPECIFIED., .F., .F.,
 ( 4, 2, 2, 2, 2, 4 ),
 ( 0.000000000000000000, 0.0004698356480513698271, 0.0009396712961027396541, 0.001174589120128380522, 0.001409506944154021281, 0.001879342592205449601 ),
 .UNSPECIFIED. ) ;
#7039 = CARTESIAN_POINT ( 'NONE',  ( -367.8316368210776091, 5.274488668813067882, 18.18564206969832142 ) ) ;
#7040 = DIRECTION ( 'NONE',  ( 2.921639538487254261E-16, -0.000000000000000000, -1.000000000000000000 ) ) ;
#7041 = CARTESIAN_POINT ( 'NONE',  ( -365.0381541654786588, 5.070576912793788971, -169.8058771670545184 ) ) ;
#7042 = ORIENTED_EDGE ( 'NONE', *, *, #429, .F. ) ;
#7043 = EDGE_CURVE ( 'NONE', #2408, #1026, #6004, .T. ) ;
#7044 = EDGE_CURVE ( 'NONE', #440, #1703, #6927, .T. ) ;
#7045 = VERTEX_POINT ( 'NONE', #5641 ) ;
#7046 = DIRECTION ( 'NONE',  ( -1.000000000000000000, -0.000000000000000000, -2.921639538487254261E-16 ) ) ;
#7047 = CARTESIAN_POINT ( 'NONE',  ( -284.8556549163546379, 8.000000000000000000, 14.74756795489107120 ) ) ;
#7048 = CARTESIAN_POINT ( 'NONE',  ( -367.6774670994279859, 4.926450206952964983, -169.0186410685512044 ) ) ;
#7049 = VECTOR ( 'NONE', #8369, 1000.000000000000000 ) ;
#7050 = CARTESIAN_POINT ( 'NONE',  ( -325.8556549163545810, 5.500000000000000888, 17.87006695409030144 ) ) ;
#7051 = EDGE_LOOP ( 'NONE', ( #871, #6392, #869, #5750 ) ) ;
#7052 = CARTESIAN_POINT ( 'NONE',  ( -285.9654941494569584, 5.039695888598653362, -168.9293852508969280 ) ) ;
#7053 = DIRECTION ( 'NONE',  ( 0.000000000000000000, 0.000000000000000000, 1.000000000000000000 ) ) ;
#7054 = VERTEX_POINT ( 'NONE', #8320 ) ;
#7055 = AXIS2_PLACEMENT_3D ( 'NONE', #517, #570, #4860 ) ;
#7056 = DIRECTION ( 'NONE',  ( 0.000000000000000000, 0.000000000000000000, 1.000000000000000000 ) ) ;
#7057 = ADVANCED_FACE ( 'NONE', ( #6877 ), #5495, .T. ) ;
#7058 = CARTESIAN_POINT ( 'NONE',  ( -365.2120305543443237, 4.691125519188145354, 19.45532923085623977 ) ) ;
#7059 = CARTESIAN_POINT ( 'NONE',  ( -307.8556549163546379, 3.000000000000000000, 14.74756795489106942 ) ) ;
#7060 = EDGE_CURVE ( 'NONE', #4925, #3962, #8828, .T. ) ;
#7061 = AXIS2_PLACEMENT_3D ( 'NONE', #2643, #8407, #5440 ) ;
#7062 = CARTESIAN_POINT ( 'NONE',  ( -265.8952274193843550, 5.214525108020397148, 18.25415316029436141 ) ) ;
#7063 = LINE ( 'NONE', #4227, #6462 ) ;
#7064 = DIRECTION ( 'NONE',  ( 1.000000000000000000, 0.000000000000000000, 0.000000000000000000 ) ) ;
#7065 = CARTESIAN_POINT ( 'NONE',  ( -347.8556549163546379, 5.500000000000000888, 17.87006695409029788 ) ) ;
#7066 = FACE_OUTER_BOUND ( 'NONE', #4741, .T. ) ;
#7067 = CARTESIAN_POINT ( 'NONE',  ( -327.7455700262930804, 5.039146740864987706, -168.9298849125770801 ) ) ;
#7068 = AXIS2_PLACEMENT_3D ( 'NONE', #2716, #4248, #3371 ) ;
#7069 = AXIS2_PLACEMENT_3D ( 'NONE', #7769, #4948, #5038 ) ;
#7070 = DIRECTION ( 'NONE',  ( 0.000000000000000000, 1.691355389077385339E-14, -1.000000000000000000 ) ) ;
#7071 = CARTESIAN_POINT ( 'NONE',  ( -325.8556549163545810, 6.124999999999976907, 18.65069170389008590 ) ) ;
#7072 = CARTESIAN_POINT ( 'NONE',  ( -425.4753587397422052, 4.308023494659507513, 19.57517244429190484 ) ) ;
#7073 = CIRCLE ( 'NONE', #8870, 1.000000000000002665 ) ;
#7074 = CARTESIAN_POINT ( 'NONE',  ( -347.8556549163546379, 5.500000000000000888, -168.3749310443081413 ) ) ;
#7075 = DIRECTION ( 'NONE',  ( 0.000000000000000000, 0.000000000000000000, -1.000000000000000000 ) ) ;
#7076 = CARTESIAN_POINT ( 'NONE',  ( -288.8556549163546379, 6.124999999999944045, 18.65069170389011788 ) ) ;
#7078 = EDGE_LOOP ( 'NONE', ( #1322, #2162, #5296, #1973 ) ) ;
#7077 = EDGE_CURVE ( 'NONE', #3040, #4085, #2048, .T. ) ;
#7079 = CARTESIAN_POINT ( 'NONE',  ( -304.8556549163545810, 6.124999999999951150, -169.1555557941079542 ) ) ;
#7080 = ORIENTED_EDGE ( 'NONE', *, *, #9088, .F. ) ;
#7081 = EDGE_LOOP ( 'NONE', ( #4710, #5605, #3785, #4679 ) ) ;
#7082 = CARTESIAN_POINT ( 'NONE',  ( -408.6903340270924332, 5.117512316920580062, -169.7849026007241946 ) ) ;
#7083 = DIRECTION ( 'NONE',  ( -0.000000000000000000, 0.7806247497998098916, 0.6249999999999875655 ) ) ;
#7084 = CARTESIAN_POINT ( 'NONE',  ( -345.8275480452114721, 5.301471067487131705, 19.20178546511902340 ) ) ;
#7085 = CARTESIAN_POINT ( 'NONE',  ( -327.5005204068764328, 4.723855547281281098, 18.63922123801377850 ) ) ;
#7086 = DIRECTION ( 'NONE',  ( 0.000000000000000000, 0.000000000000000000, -1.000000000000000000 ) ) ;
#7087 = CIRCLE ( 'NONE', #4272, 1.000000000000002665 ) ;
#7088 = DIRECTION ( 'NONE',  ( 0.000000000000000000, 0.000000000000000000, -1.000000000000000000 ) ) ;
#7089 = ORIENTED_EDGE ( 'NONE', *, *, #8276, .F. ) ;
#7090 = ORIENTED_EDGE ( 'NONE', *, *, #310, .F. ) ;
#7091 = AXIS2_PLACEMENT_3D ( 'NONE', #2980, #5785, #4239 ) ;
#7092 = CARTESIAN_POINT ( 'NONE',  ( -268.6903340270924900, 5.117512316920580062, -169.7849026007241946 ) ) ;
#7093 = EDGE_CURVE ( 'NONE', #9055, #3830, #6134, .T. ) ;
#7094 = VECTOR ( 'NONE', #2555, 1000.000000000000000 ) ;
#7095 = DIRECTION ( 'NONE',  ( 0.000000000000000000, 0.6249999999999882316, 0.7806247497998093365 ) ) ;
#7096 = CARTESIAN_POINT ( 'NONE',  ( -367.0095446511592172, 4.508727177066586655, -170.0986492161661943 ) ) ;
#7097 = EDGE_CURVE ( 'NONE', #5655, #5348, #1997, .T. ) ;
#7098 = CARTESIAN_POINT ( 'NONE',  ( -325.9853736802811568, 5.003640207569636900, 18.45466831438454491 ) ) ;
#7099 = VERTEX_POINT ( 'NONE', #7763 ) ;
#7100 = DIRECTION ( 'NONE',  ( 1.000000000000000000, 0.000000000000000000, -0.000000000000000000 ) ) ;
#7101 = TOROIDAL_SURFACE ( 'NONE', #3541, 4.000000000000000000, 1.000000000000000000 ) ;
#7102 = CARTESIAN_POINT ( 'NONE',  ( -368.8556549163546379, 6.124999999999951150, -169.1555557941079542 ) ) ;
#7103 = ORIENTED_EDGE ( 'NONE', *, *, #3980, .F. ) ;
#7104 = CARTESIAN_POINT ( 'NONE',  ( -251.8556549163562579, 10.00000000000000000, -170.2524320451088897 ) ) ;
#7105 = CARTESIAN_POINT ( 'NONE',  ( -365.8556549163546947, 6.124999999999977796, 18.65069170389007880 ) ) ;
#7106 = DIRECTION ( 'NONE',  ( 1.000000000000000000, 0.000000000000000000, 0.000000000000000000 ) ) ;
#7107 = CARTESIAN_POINT ( 'NONE',  ( -424.9036911114030204, 5.561221672468229293, -169.5500246878038411 ) ) ;
#7108 = LINE ( 'NONE', #995, #3192 ) ;
#7109 = ADVANCED_FACE ( 'NONE', ( #2701 ), #5566, .F. ) ;
#7110 = CARTESIAN_POINT ( 'NONE',  ( -268.7191130411810605, 5.205896708463899181, -169.7421645164064046 ) ) ;
#7111 = LINE ( 'NONE', #5776, #8891 ) ;
#7112 = LINE ( 'NONE', #5032, #3347 ) ;
#7113 = CARTESIAN_POINT ( 'NONE',  ( -326.8556549163545810, 3.625000000000000444, -170.2132157533550298 ) ) ;
#7114 = AXIS2_PLACEMENT_3D ( 'NONE', #3521, #1291, #4129 ) ;
#7115 = CARTESIAN_POINT ( 'NONE',  ( -251.8556549163562579, 3.000000000000000000, -170.2524320451089181 ) ) ;
#7116 = CARTESIAN_POINT ( 'NONE',  ( -345.8285758049789251, 3.971882637441350283, -170.1577872574326591 ) ) ;
#7117 = CARTESIAN_POINT ( 'NONE',  ( -426.7779828394987476, 4.500000003626995593, 19.59811202338649849 ) ) ;
#7118 = AXIS2_PLACEMENT_3D ( 'NONE', #1612, #9098, #6114 ) ;
#7119 = DIRECTION ( 'NONE',  ( 0.000000000000000000, -1.000000000000000000, 0.000000000000000000 ) ) ;
#7120 = DIRECTION ( 'NONE',  ( -1.000000000000000000, -0.000000000000000000, -2.921639538487254261E-16 ) ) ;
#7121 = CARTESIAN_POINT ( 'NONE',  ( -267.8891550493725617, 6.023662094633765562, 18.73182695911973639 ) ) ;
#7122 = ORIENTED_EDGE ( 'NONE', *, *, #7397, .F. ) ;
#7123 = CARTESIAN_POINT ( 'NONE',  ( -366.5778326856142826, 4.529518349318704118, -169.2147865307304357 ) ) ;
#7124 = ORIENTED_EDGE ( 'NONE', *, *, #1624, .T. ) ;
#7125 = ORIENTED_EDGE ( 'NONE', *, *, #5739, .T. ) ;
#7126 = EDGE_CURVE ( 'NONE', #1977, #7243, #1225, .T. ) ;
#7127 = CARTESIAN_POINT ( 'NONE',  ( -347.8459639745224194, 5.323809698952789660, -168.6353855492173466 ) ) ;
#7128 = CARTESIAN_POINT ( 'NONE',  ( -346.0743484983213420, 4.872234721370858779, 18.55045866297591317 ) ) ;
#7129 = CARTESIAN_POINT ( 'NONE',  ( -326.9933177586862030, 4.500000000000003553, 18.71619492043767963 ) ) ;
#7130 = LINE ( 'NONE', #16, #5451 ) ;
#7131 = CARTESIAN_POINT ( 'NONE',  ( -246.8556549163562579, 2.641489897051178648, -97.17606756285823622 ) ) ;
#7132 = ORIENTED_EDGE ( 'NONE', *, *, #4466, .F. ) ;
#7133 = VERTEX_POINT ( 'NONE', #1354 ) ;
#7134 = CARTESIAN_POINT ( 'NONE',  ( -325.8556549163545810, 7.000000000000000000, 19.74756795489107475 ) ) ;
#7135 = CARTESIAN_POINT ( 'NONE',  ( -406.2511621445827927, 4.682572633563386155, -170.0158558051184343 ) ) ;
#7136 = CARTESIAN_POINT ( 'NONE',  ( -367.9124047648170404, 5.918887576270607020, -169.3146843188903858 ) ) ;
#7137 = FACE_OUTER_BOUND ( 'NONE', #3393, .T. ) ;
#7138 = ORIENTED_EDGE ( 'NONE', *, *, #2788, .T. ) ;
#7139 = CARTESIAN_POINT ( 'NONE',  ( -285.0206529386377952, 5.118411189684464624, -169.7844892460059896 ) ) ;
#7140 = CARTESIAN_POINT ( 'NONE',  ( -285.8556549163546379, 5.445450499394243415, 17.95741606500016374 ) ) ;
#7141 = CARTESIAN_POINT ( 'NONE',  ( -387.6071014256185094, 4.836586271791889047, -169.0782802632811581 ) ) ;
#7142 = ORIENTED_EDGE ( 'NONE', *, *, #1195, .F. ) ;
#7143 = ADVANCED_FACE ( 'NONE', ( #4184 ), #646, .F. ) ;
#7144 = CARTESIAN_POINT ( 'NONE',  ( -444.8556549163562295, 3.750000000000000000, -73.35243204510885562 ) ) ;
#7145 = CARTESIAN_POINT ( 'NONE',  ( -365.7771935235785463, 5.603816879091020553, 19.02313073663899701 ) ) ;
#7146 = CARTESIAN_POINT ( 'NONE',  ( -446.8556549163562863, 7.000000000000000000, -82.25243204510888972 ) ) ;
#7147 = CARTESIAN_POINT ( 'NONE',  ( -264.9038783738810707, 5.560135856430336254, 19.04581960036745159 ) ) ;
#7148 = CARTESIAN_POINT ( 'NONE',  ( -246.8556549163562295, 0.000000000000000000, -55.25243204510888972 ) ) ;
#7149 = DIRECTION ( 'NONE',  ( 0.000000000000000000, 0.000000000000000000, 1.000000000000000000 ) ) ;
#7150 = CARTESIAN_POINT ( 'NONE',  ( -404.8556549163546379, 7.000000000000000000, 14.74756795489105698 ) ) ;
#7151 = CARTESIAN_POINT ( 'NONE',  ( -347.8556549163546379, 7.000000000000000000, -165.2524320451089181 ) ) ;
#7152 = CARTESIAN_POINT ( 'NONE',  ( -328.4992792783648952, 4.691125519188566351, -169.9601933210739162 ) ) ;
#7153 = ADVANCED_FACE ( 'NONE', ( #3669 ), #7612, .F. ) ;
#7154 = CARTESIAN_POINT ( 'NONE',  ( -364.8556549163546379, 7.000000000000000000, 14.74756795489106231 ) ) ;
#7155 = CARTESIAN_POINT ( 'NONE',  ( -344.8556549163544673, 5.877655079465398558, -169.3535902214992745 ) ) ;
#7156 = CARTESIAN_POINT ( 'NONE',  ( -426.3291516371583612, 4.647039145978594021, 18.66881868764271957 ) ) ;
#7157 = DIRECTION ( 'NONE',  ( -1.000000000000000000, -0.000000000000000000, -2.921639538487254261E-16 ) ) ;
#7158 = ORIENTED_EDGE ( 'NONE', *, *, #4497, .T. ) ;
#7159 = CARTESIAN_POINT ( 'NONE',  ( -1.885059646467264690E-15, 8.000000000000000000, 14.74756795489110850 ) ) ;
#7160 = CARTESIAN_POINT ( 'NONE',  ( -287.1706563213436425, 3.648547497292134345, 19.70553982308456042 ) ) ;
#7161 = ORIENTED_EDGE ( 'NONE', *, *, #6111, .T. ) ;
#7162 = CARTESIAN_POINT ( 'NONE',  ( -366.3255170659738269, 4.640946051870844080, -169.1768963064188824 ) ) ;
#7163 = ORIENTED_EDGE ( 'NONE', *, *, #7126, .F. ) ;
#7164 = AXIS2_PLACEMENT_3D ( 'NONE', #4056, #466, #8280 ) ;
#7165 = CYLINDRICAL_SURFACE ( 'NONE', #1302, 1.000000000000000888 ) ;
#7166 = CYLINDRICAL_SURFACE ( 'NONE', #1576, 1.000000000000000888 ) ;
#7167 = LINE ( 'NONE', #8669, #6734 ) ;
#7168 = CARTESIAN_POINT ( 'NONE',  ( -327.9085373833142967, 5.400530990987627789, 19.14598017579389122 ) ) ;
#7169 = CARTESIAN_POINT ( 'NONE',  ( 0.000000000000000000, 0.000000000000000000, 0.000000000000000000 ) ) ;
#7170 = CARTESIAN_POINT ( 'NONE',  ( -445.8556549163562863, 1.199999999999999956, 78.00000000000000000 ) ) ;
#7171 = ORIENTED_EDGE ( 'NONE', *, *, #3801, .F. ) ;
#7172 = ORIENTED_EDGE ( 'NONE', *, *, #2447, .F. ) ;
#7173 = EDGE_CURVE ( 'NONE', #9055, #3710, #4075, .T. ) ;
#7174 = ORIENTED_EDGE ( 'NONE', *, *, #1165, .T. ) ;
#7175 = CARTESIAN_POINT ( 'NONE',  ( -248.7636894931981146, 1.814215195789895096, -55.25243204510888262 ) ) ;
#7176 = AXIS2_PLACEMENT_3D ( 'NONE', #2897, #1683, #2384 ) ;
#7177 = CARTESIAN_POINT ( 'NONE',  ( -406.7179920740174452, 4.500000000000000888, -169.2210590106588768 ) ) ;
#7178 = CARTESIAN_POINT ( 'NONE',  ( -367.1619787238171284, 4.544316436059742337, -170.0813781607695034 ) ) ;
#7179 = CARTESIAN_POINT ( 'NONE',  ( -305.8556549163546379, 5.416284592704881717, 18.00411889024234569 ) ) ;
#7180 = ORIENTED_EDGE ( 'NONE', *, *, #1899, .F. ) ;
#7181 = CARTESIAN_POINT ( 'NONE',  ( -285.0753333789934345, 4.974239720232511708, -169.8486235559576585 ) ) ;
#7182 = CARTESIAN_POINT ( 'NONE',  ( -285.2930420790493713, 4.555586803579904753, 19.50118134527028602 ) ) ;
#7183 = CARTESIAN_POINT ( 'NONE',  ( -251.8556549163562579, 3.000000000000000000, 14.74756795489107475 ) ) ;
#7184 = CIRCLE ( 'NONE', #6740, 1.000000000000000888 ) ;
#7185 = ORIENTED_EDGE ( 'NONE', *, *, #3118, .T. ) ;
#7186 = DIRECTION ( 'NONE',  ( -0.000000000000000000, -0.7806247497998098916, -0.6249999999999875655 ) ) ;
#7187 = EDGE_CURVE ( 'NONE', #560, #1187, #2921, .T. ) ;
#7188 = CARTESIAN_POINT ( 'NONE',  ( -407.1328832646760816, 3.643135913638819723, -170.2110269203438122 ) ) ;
#7189 = CARTESIAN_POINT ( 'NONE',  ( -246.8556549163562295, 2.075652641773578555, -53.26417149626946923 ) ) ;
#7190 = VECTOR ( 'NONE', #8942, 1000.000000000000000 ) ;
#7191 = LINE ( 'NONE', #4501, #7677 ) ;
#7192 = EDGE_CURVE ( 'NONE', #8122, #3003, #779, .T. ) ;
#7193 = VECTOR ( 'NONE', #6922, 1000.000000000000000 ) ;
#7194 = CARTESIAN_POINT ( 'NONE',  ( -426.0329310716495002, 4.927818611583308694, -169.0176293865097534 ) ) ;
#7195 = CARTESIAN_POINT ( 'NONE',  ( -328.6730116749450303, 5.070098603588712116, -169.8061121740519752 ) ) ;
#7196 = CARTESIAN_POINT ( 'NONE',  ( -368.8556549163546379, 7.000000000000000000, 14.74756795489106231 ) ) ;
#7197 = VECTOR ( 'NONE', #8832, 1000.000000000000000 ) ;
#7198 = DIRECTION ( 'NONE',  ( -1.000000000000000000, 0.000000000000000000, -1.278217298088173739E-16 ) ) ;
#7199 = CYLINDRICAL_SURFACE ( 'NONE', #5874, 1.000000000000000888 ) ;
#7200 = AXIS2_PLACEMENT_3D ( 'NONE', #4723, #2439, #8865 ) ;
#7201 = CARTESIAN_POINT ( 'NONE',  ( -326.8556549163545810, 4.500000000000000888, -169.2210590117058189 ) ) ;
#7202 = VECTOR ( 'NONE', #4315, 1000.000000000000000 ) ;
#7203 = EDGE_CURVE ( 'NONE', #4877, #1480, #56, .T. ) ;
#7204 = DIRECTION ( 'NONE',  ( -1.000000000000000000, 0.000000000000000000, -2.921639538487254261E-16 ) ) ;
#7205 = DIRECTION ( 'NONE',  ( 1.000000000000000000, 0.000000000000000000, 0.000000000000000000 ) ) ;
#7206 = CARTESIAN_POINT ( 'NONE',  ( -425.8221357381987104, 6.023604503308498614, 18.73187307253888889 ) ) ;
#7207 = EDGE_CURVE ( 'NONE', #4877, #7734, #6051, .T. ) ;
#7208 = CYLINDRICAL_SURFACE ( 'NONE', #4573, 5.000000000000000888 ) ;
#7209 = ORIENTED_EDGE ( 'NONE', *, *, #832, .T. ) ;
#7210 = CARTESIAN_POINT ( 'NONE',  ( -251.8556549163562579, 3.000000000000000000, 19.74756795489107475 ) ) ;
#7211 = B_SPLINE_CURVE_WITH_KNOTS ( 'NONE', 3,
 ( #3197, #8830, #2544, #8076, #6642, #3939, #4554, #5253, #2457, #1714, #7339, #2410, #8261, #1016, #1096, #967 ),
 .UNSPECIFIED., .F., .F.,
 ( 4, 2, 2, 2, 2, 2, 2, 4 ),
 ( 0.000000000000000000, 0.0004705481978799543334, 0.0007058222968199306599, 0.0009410963957599070406, 0.001176370494699883421, 0.001411644593639859585, 0.001646918692579835966, 0.001882192791519812346 ),
 .UNSPECIFIED. ) ;
#7212 = CARTESIAN_POINT ( 'NONE',  ( -268.6359764537195929, 4.974239720234266748, 19.34375946573907967 ) ) ;
#7213 = VERTEX_POINT ( 'NONE', #82 ) ;
#7214 = CARTESIAN_POINT ( 'NONE',  ( -306.5397320836704012, 4.538726258075907793, -169.2130925028100989 ) ) ;
#7215 = ORIENTED_EDGE ( 'NONE', *, *, #7975, .T. ) ;
#7216 = TOROIDAL_SURFACE ( 'NONE', #534, 4.000000000000000000, 1.000000000000000000 ) ;
#7217 = TOROIDAL_SURFACE ( 'NONE', #8709, 4.000000000000000000, 1.000000000000000000 ) ;
#7218 = CARTESIAN_POINT ( 'NONE',  ( -444.8556549163562295, 3.750000000000000000, -156.5024320451088897 ) ) ;
#7219 = DIRECTION ( 'NONE',  ( -2.921639538487254261E-16, 0.000000000000000000, 1.000000000000000000 ) ) ;
#7220 = CARTESIAN_POINT ( 'NONE',  ( -305.8556549163546379, 5.500000000000000888, 17.87006695409030499 ) ) ;
#7221 = CARTESIAN_POINT ( 'NONE',  ( -265.5659239360486481, 4.184638865665688989, -170.1169986375894894 ) ) ;
#7222 = CARTESIAN_POINT ( 'NONE',  ( -327.8556549163546379, 5.416284592704887046, -168.5089829804601607 ) ) ;
#7223 = EDGE_CURVE ( 'NONE', #7596, #4577, #2273, .T. ) ;
#7224 = VECTOR ( 'NONE', #8820, 1000.000000000000000 ) ;
#7225 = CARTESIAN_POINT ( 'NONE',  ( -246.8556549163562579, 4.729444685936070591, -93.43196953860380916 ) ) ;
#7226 = ORIENTED_EDGE ( 'NONE', *, *, #880, .T. ) ;
#7227 = CARTESIAN_POINT ( 'NONE',  ( 0.000000000000000000, 0.000000000000000000, 0.000000000000000000 ) ) ;
#7228 = EDGE_LOOP ( 'NONE', ( #8325, #6020, #4210, #1173 ) ) ;
#7229 = AXIS2_PLACEMENT_3D ( 'NONE', #6106, #6012, #5187 ) ;
#7230 = ADVANCED_FACE ( 'NONE', ( #2134 ), #8557, .T. ) ;
#7231 = VERTEX_POINT ( 'NONE', #4363 ) ;
#7232 = CARTESIAN_POINT ( 'NONE',  ( -445.8556549163562863, 3.750000000000000000, 5.997567954891120046 ) ) ;
#7233 = CARTESIAN_POINT ( 'NONE',  ( -406.0736626820214497, 4.873062145400256284, -169.0547937578537301 ) ) ;
#7234 = CARTESIAN_POINT ( 'NONE',  ( -256.8556549163562295, 3.000000000000000000, 14.74756795489107475 ) ) ;
#7235 = AXIS2_PLACEMENT_3D ( 'NONE', #21, #721, #8449 ) ;
#7236 = VECTOR ( 'NONE', #5346, 1000.000000000000000 ) ;
#7237 = CARTESIAN_POINT ( 'NONE',  ( -306.5456845957266978, 4.546024630548740397, 18.70368321587407934 ) ) ;
#7238 = ORIENTED_EDGE ( 'NONE', *, *, #1534, .T. ) ;
#7239 = DIRECTION ( 'NONE',  ( 0.000000000000000000, 0.000000000000000000, -1.000000000000000000 ) ) ;
#7240 = CARTESIAN_POINT ( 'NONE',  ( -285.8275480452115289, 5.301471067487166344, 19.20178546511875339 ) ) ;
#7241 = CARTESIAN_POINT ( 'NONE',  ( -387.0131176886567914, 4.509365819018567478, -169.2188268531743347 ) ) ;
#7242 = AXIS2_PLACEMENT_3D ( 'NONE', #6829, #3297, #6781 ) ;
#7243 = VERTEX_POINT ( 'NONE', #4412 ) ;
#7244 = CARTESIAN_POINT ( 'NONE',  ( -385.8556549163546379, 4.500000000000000888, 19.74756795489107475 ) ) ;
#7245 = B_SPLINE_CURVE_WITH_KNOTS ( 'NONE', 3,
 ( #6627, #290, #3136, #157, #4490, #1613, #3093, #5975, #6581, #8679, #2214, #6494 ),
 .UNSPECIFIED., .F., .F.,
 ( 4, 2, 2, 2, 2, 4 ),
 ( 0.000000000000000000, 0.0004698356480513960105, 0.0009396712961027920211, 0.001174589120128493496, 0.001409506944154194754, 0.001879342592205450902 ),
 .UNSPECIFIED. ) ;
#7246 = CIRCLE ( 'NONE', #6207, 1.000000000000000888 ) ;
#7247 = ORIENTED_EDGE ( 'NONE', *, *, #9088, .T. ) ;
#7248 = VECTOR ( 'NONE', #336, 1000.000000000000000 ) ;
#7249 = CARTESIAN_POINT ( 'NONE',  ( -265.2246769367356478, 4.668696823349429259, -169.9676676812983089 ) ) ;
#7250 = CARTESIAN_POINT ( 'NONE',  ( -325.8280541903449148, 3.972307589721721488, 19.65283708147275377 ) ) ;
#7251 = CARTESIAN_POINT ( 'NONE',  ( -426.1089121559483033, 4.799337897232283545, -169.9625529789191489 ) ) ;
#7252 = EDGE_CURVE ( 'NONE', #2081, #3224, #5361, .T. ) ;
#7253 = VECTOR ( 'NONE', #2374, 1000.000000000000000 ) ;
#7254 = CARTESIAN_POINT ( 'NONE',  ( -268.8556549163546379, 6.124999999999951150, -169.1555557941079542 ) ) ;
#7255 = CIRCLE ( 'NONE', #5775, 1.349999999999990097 ) ;
#7256 = DIRECTION ( 'NONE',  ( 0.000000000000000000, 1.000000000000000000, 0.000000000000000000 ) ) ;
#7257 = CARTESIAN_POINT ( 'NONE',  ( -268.8556549163546379, 7.000000000000000000, 19.74756795489107475 ) ) ;
#7258 = CARTESIAN_POINT ( 'NONE',  ( -328.8556549274292706, 5.988627236847626101, -169.2647413880723661 ) ) ;
#7259 = B_SPLINE_CURVE_WITH_KNOTS ( 'NONE', 3,
 ( #450, #6969, #1297, #5392, #8358, #4839, #6131, #2694, #7665, #6277, #8212, #4038 ),
 .UNSPECIFIED., .F., .F.,
 ( 4, 2, 2, 2, 2, 4 ),
 ( 0.000000000000000000, 0.0004698356480513979621, 0.0009396712961027959242, 0.001174589120128495881, 0.001409506944154195621, 0.001879342592205448734 ),
 .UNSPECIFIED. ) ;
#7260 = DIRECTION ( 'NONE',  ( -0.000000000000000000, 0.7806247497998098916, 0.6249999999999875655 ) ) ;
#7261 = CARTESIAN_POINT ( 'NONE',  ( -441.8556549163562295, 0.000000000000000000, 19.74756795489110672 ) ) ;
#7262 = LINE ( 'NONE', #3067, #342 ) ;
#7263 = CARTESIAN_POINT ( 'NONE',  ( -288.6906568940713669, 5.118411189682734452, 19.27962515578902369 ) ) ;
#7264 = CARTESIAN_POINT ( 'NONE',  ( -307.8556549163546379, 5.445482461464622226, 17.95736487927649350 ) ) ;
#7265 = EDGE_LOOP ( 'NONE', ( #1120, #8798, #679, #5663 ) ) ;
#7266 = LINE ( 'NONE', #887, #407 ) ;
#7267 = CARTESIAN_POINT ( 'NONE',  ( -266.8556549163546947, 3.625000000000000444, 19.70835166313718290 ) ) ;
#7268 = EDGE_LOOP ( 'NONE', ( #439, #8721, #484, #463 ) ) ;
#7269 = CARTESIAN_POINT ( 'NONE',  ( -366.5468425247836421, 4.534290388698806851, -170.0858929734041851 ) ) ;
#7270 = ORIENTED_EDGE ( 'NONE', *, *, #4737, .T. ) ;
#7271 = EDGE_CURVE ( 'NONE', #3210, #6894, #169, .T. ) ;
#7272 = CARTESIAN_POINT ( 'NONE',  ( -444.8556549163562295, 3.750000000000000000, -151.3524320451088840 ) ) ;
#7273 = AXIS2_PLACEMENT_3D ( 'NONE', #7261, #5782, #2977 ) ;
#7274 = DIRECTION ( 'NONE',  ( 0.000000000000000000, 0.000000000000000000, -1.000000000000000000 ) ) ;
#7275 = CARTESIAN_POINT ( 'NONE',  ( -327.8556549163545810, 7.000000000000000000, 19.74756795489107475 ) ) ;
#7276 = CARTESIAN_POINT ( 'NONE',  ( -246.8556549163562295, 0.000000000000000000, -93.25243204510888972 ) ) ;
#7277 = B_SPLINE_CURVE_WITH_KNOTS ( 'NONE', 3,
 ( #504, #5496, #1950, #4797, #7621, #1253, #4096, #6928, #3403, #9079, #2702, #5539, #8366, #1998, #4849, #1308 ),
 .UNSPECIFIED., .F., .F.,
 ( 4, 2, 2, 2, 2, 2, 2, 4 ),
 ( 0.000000000000000000, 0.0002351675953986708163, 0.0004703351907973416326, 0.0007055027861960124760, 0.0009406703815946832652, 0.001175837976993354163, 0.001411005572392024952, 0.001881340763189366530 ),
 .UNSPECIFIED. ) ;
#7278 = CARTESIAN_POINT ( 'NONE',  ( -248.2552904216213960, 4.146949011467132351, -93.95829837214111535 ) ) ;
#7279 = EDGE_LOOP ( 'NONE', ( #6742, #3416, #1188, #109 ) ) ;
#7280 = ORIENTED_EDGE ( 'NONE', *, *, #5780, .T. ) ;
#7281 = ORIENTED_EDGE ( 'NONE', *, *, #6356, .T. ) ;
#7282 = EDGE_CURVE ( 'NONE', #9149, #2843, #4416, .T. ) ;
#7283 = CARTESIAN_POINT ( 'NONE',  ( -405.8556549163545810, 5.445482461463225121, -168.4622289694928554 ) ) ;
#7284 = FACE_OUTER_BOUND ( 'NONE', #5567, .T. ) ;
#7285 = CARTESIAN_POINT ( 'NONE',  ( -305.9109257861002220, 5.167696473586344652, 18.30361823599983850 ) ) ;
#7286 = ORIENTED_EDGE ( 'NONE', *, *, #8053, .T. ) ;
#7287 = CARTESIAN_POINT ( 'NONE',  ( -347.8556549163546379, 7.000000000000000000, 19.74756795489107475 ) ) ;
#7288 = CARTESIAN_POINT ( 'NONE',  ( -286.7170407422610765, 4.507254365895947856, 18.71444385685206058 ) ) ;
#7289 = CARTESIAN_POINT ( 'NONE',  ( -445.8556549163562863, 7.000000000000000000, -68.25243204510887551 ) ) ;
#7290 = ORIENTED_EDGE ( 'NONE', *, *, #4497, .F. ) ;
#7291 = DIRECTION ( 'NONE',  ( -1.000000000000000000, -0.000000000000000000, -0.000000000000000000 ) ) ;
#7292 = ORIENTED_EDGE ( 'NONE', *, *, #1920, .F. ) ;
#7293 = CARTESIAN_POINT ( 'NONE',  ( -444.8556549163562295, 3.750000000000000000, -151.1524320451088954 ) ) ;
#7294 = CARTESIAN_POINT ( 'NONE',  ( -426.2680756768926358, 4.687416699501573802, -169.1568460911445868 ) ) ;
#7295 = CARTESIAN_POINT ( 'NONE',  ( -266.7760857499093277, 4.500000000000000888, 18.71619492148795771 ) ) ;
#7296 = CYLINDRICAL_SURFACE ( 'NONE', #6205, 1.000000000000000888 ) ;
#7297 = DIRECTION ( 'NONE',  ( 0.000000000000000000, 0.000000000000000000, 1.000000000000000000 ) ) ;
#7298 = CARTESIAN_POINT ( 'NONE',  ( -428.8556549163546379, 6.124999999999981348, 18.65069170389006814 ) ) ;
#7299 = DIRECTION ( 'NONE',  ( -1.000000000000000000, -0.000000000000000000, -2.921639538487254261E-16 ) ) ;
#7300 = EDGE_CURVE ( 'NONE', #4168, #5562, #4118, .T. ) ;
#7301 = DIRECTION ( 'NONE',  ( -1.000000000000000000, 0.000000000000000000, 0.000000000000000000 ) ) ;
#7302 = CARTESIAN_POINT ( 'NONE',  ( -427.1328832646760816, 3.643135913638819723, -170.2110269203438122 ) ) ;
#7303 = CARTESIAN_POINT ( 'NONE',  ( -268.8556549163546379, 7.000000000000000000, 14.74756795489107297 ) ) ;
#7304 = CARTESIAN_POINT ( 'NONE',  ( -288.5011026021951466, 4.694546530220894631, 19.45406462802898062 ) ) ;
#7305 = DIRECTION ( 'NONE',  ( -2.921639538487254261E-16, 0.000000000000000000, 1.000000000000000000 ) ) ;
#7306 = ORIENTED_EDGE ( 'NONE', *, *, #669, .T. ) ;
#7307 = DIRECTION ( 'NONE',  ( 0.000000000000000000, 1.170938346284343684E-14, -1.000000000000000000 ) ) ;
#7308 = CARTESIAN_POINT ( 'NONE',  ( -442.8556549163562295, 3.750000000000000000, -150.0024320451088897 ) ) ;
#7309 = CARTESIAN_POINT ( 'NONE',  ( -267.8556549163545810, 5.416284592704887046, -168.5089829804601607 ) ) ;
#7310 = ORIENTED_EDGE ( 'NONE', *, *, #3164, .F. ) ;
#7311 = CARTESIAN_POINT ( 'NONE',  ( -426.8556549163546379, 4.500000000000000888, 18.71619492148793995 ) ) ;
#7312 = ADVANCED_FACE ( 'NONE', ( #4981 ), #777, .T. ) ;
#7313 = DIRECTION ( 'NONE',  ( -1.000000000000000000, -0.000000000000000000, -0.000000000000000000 ) ) ;
#7314 = CARTESIAN_POINT ( 'NONE',  ( -265.8556549163545810, 5.445482461463289958, -168.4622289694927417 ) ) ;
#7315 = DIRECTION ( 'NONE',  ( 1.000000000000000000, 0.000000000000000000, 0.000000000000000000 ) ) ;
#7316 = CARTESIAN_POINT ( 'NONE',  ( -248.2495540536618535, 4.197755997944549122, -93.82000097061590793 ) ) ;
#7317 = ORIENTED_EDGE ( 'NONE', *, *, #1422, .F. ) ;
#7318 = ORIENTED_EDGE ( 'NONE', *, *, #7465, .T. ) ;
#7319 = AXIS2_PLACEMENT_3D ( 'NONE', #986, #8094, #5834 ) ;
#7320 = ORIENTED_EDGE ( 'NONE', *, *, #461, .F. ) ;
#7321 = DIRECTION ( 'NONE',  ( 0.000000000000000000, 0.000000000000000000, 1.000000000000000000 ) ) ;
#7322 = PLANE ( 'NONE',  #1058 ) ;
#7323 = CARTESIAN_POINT ( 'NONE',  ( -444.8556549163562295, 3.750000000000000000, -1.852432045108863834 ) ) ;
#7324 = ORIENTED_EDGE ( 'NONE', *, *, #8375, .T. ) ;
#7325 = DIRECTION ( 'NONE',  ( 1.000000000000000000, 0.000000000000000000, 2.921639538487137411E-16 ) ) ;
#7326 = ADVANCED_FACE ( 'NONE', ( #4462 ), #7296, .T. ) ;
#7327 = CARTESIAN_POINT ( 'NONE',  ( -286.5820493853617563, 4.535687915297965667, 18.70665286012360440 ) ) ;
#7328 = EDGE_CURVE ( 'NONE', #7453, #5562, #991, .T. ) ;
#7329 = CARTESIAN_POINT ( 'NONE',  ( -366.5397320836705717, 4.538726258075907793, -169.2130925028101842 ) ) ;
#7330 = ORIENTED_EDGE ( 'NONE', *, *, #4916, .T. ) ;
#7331 = VECTOR ( 'NONE', #4846, 1000.000000000000000 ) ;
#7332 = VERTEX_POINT ( 'NONE', #1711 ) ;
#7333 = CARTESIAN_POINT ( 'NONE',  ( -266.5406535113655764, 3.648547497292145447, -170.2104039133024003 ) ) ;
#7334 = CARTESIAN_POINT ( 'NONE',  ( -444.8556549163562295, 0.000000000000000000, -82.25243204510888972 ) ) ;
#7335 = LINE ( 'NONE', #3057, #2572 ) ;
#7336 = AXIS2_PLACEMENT_3D ( 'NONE', #4424, #3586, #2234 ) ;
#7337 = DIRECTION ( 'NONE',  ( 0.000000000000000000, -0.000000000000000000, -1.000000000000000000 ) ) ;
#7338 = EDGE_CURVE ( 'NONE', #1827, #6752, #6492, .T. ) ;
#7339 = CARTESIAN_POINT ( 'NONE',  ( -427.3782660746425108, 4.643937170568207762, -169.1747185638574820 ) ) ;
#7340 = CARTESIAN_POINT ( 'NONE',  ( -428.5011026021951466, 4.694546530220658376, 19.45406462802905168 ) ) ;
#7341 = DIRECTION ( 'NONE',  ( 0.000000000000000000, 0.000000000000000000, 1.000000000000000000 ) ) ;
#7342 = VECTOR ( 'NONE', #4099, 1000.000000000000000 ) ;
#7343 = EDGE_CURVE ( 'NONE', #8663, #1802, #7424, .T. ) ;
#7344 = CARTESIAN_POINT ( 'NONE',  ( -406.8556549163546379, 3.625000000000000888, 19.70835166313716158 ) ) ;
#7345 = CIRCLE ( 'NONE', #6601, 4.000000000000003553 ) ;
#7346 = LINE ( 'NONE', #971, #3626 ) ;
#7347 = DIRECTION ( 'NONE',  ( 0.000000000000000000, 0.000000000000000000, 1.000000000000000000 ) ) ;
#7348 = CARTESIAN_POINT ( 'NONE',  ( -308.1453858966529538, 4.184638865657097639, 19.61213454737423589 ) ) ;
#7349 = ORIENTED_EDGE ( 'NONE', *, *, #2270, .T. ) ;
#7350 = FACE_OUTER_BOUND ( 'NONE', #1036, .T. ) ;
#7351 = DIRECTION ( 'NONE',  ( 0.000000000000000000, 0.000000000000000000, -1.000000000000000000 ) ) ;
#7352 = DIRECTION ( 'NONE',  ( 1.000000000000000000, 0.000000000000000000, 0.000000000000000000 ) ) ;
#7353 = VERTEX_POINT ( 'NONE', #4503 ) ;
#7354 = CIRCLE ( 'NONE', #9142, 5.000000000000004441 ) ;
#7355 = CARTESIAN_POINT ( 'NONE',  ( -385.4753587397422052, 4.308023494659618535, 19.57517244429187642 ) ) ;
#7356 = CARTESIAN_POINT ( 'NONE',  ( -267.0152978225282823, 3.625000000000000444, 19.70835166313717934 ) ) ;
#7357 = CARTESIAN_POINT ( 'NONE',  ( -265.7771466374533134, 5.604658406166490359, -169.5274669064384057 ) ) ;
#7358 = EDGE_CURVE ( 'NONE', #8825, #5477, #1014, .T. ) ;
#7359 = DIRECTION ( 'NONE',  ( 1.000000000000000000, 0.000000000000000000, 0.000000000000000000 ) ) ;
#7360 = CARTESIAN_POINT ( 'NONE',  ( -387.9341631952597709, 5.604658406166699969, 19.02260281621912696 ) ) ;
#7361 = ORIENTED_EDGE ( 'NONE', *, *, #1651, .F. ) ;
#7362 = ORIENTED_EDGE ( 'NONE', *, *, #418, .F. ) ;
#7363 = EDGE_LOOP ( 'NONE', ( #7864, #2523, #4814, #4863 ) ) ;
#7364 = CIRCLE ( 'NONE', #2174, 4.999999999999999112 ) ;
#7365 = DIRECTION ( 'NONE',  ( -0.000000000000000000, -0.000000000000000000, 1.000000000000000000 ) ) ;
#7366 = CYLINDRICAL_SURFACE ( 'NONE', #6753, 1.000000000000000888 ) ;
#7367 = VECTOR ( 'NONE', #115, 1000.000000000000000 ) ;
#7368 = LINE ( 'NONE', #948, #6269 ) ;
#7369 = CARTESIAN_POINT ( 'NONE',  ( -385.0382981577643591, 5.070098603588712116, 19.30124808383412116 ) ) ;
#7370 = DIRECTION ( 'NONE',  ( 0.000000000000000000, 0.000000000000000000, 1.000000000000000000 ) ) ;
#7371 = ORIENTED_EDGE ( 'NONE', *, *, #4437, .F. ) ;
#7372 = CARTESIAN_POINT ( 'NONE',  ( -444.8556549163562295, 1.199999999999999956, -160.2524320451088897 ) ) ;
#7373 = CARTESIAN_POINT ( 'NONE',  ( -386.8556549163546379, 5.500000000000000888, -1.247118358630493074E-13 ) ) ;
#7374 = CIRCLE ( 'NONE', #7229, 1.000000000000000888 ) ;
#7375 = CARTESIAN_POINT ( 'NONE',  ( -366.1542441566581942, 4.783366251787011691, -169.1088376623529257 ) ) ;
#7376 = ORIENTED_EDGE ( 'NONE', *, *, #2949, .F. ) ;
#7377 = CARTESIAN_POINT ( 'NONE',  ( -442.8556549163562295, 3.750000000000000000, 7.147567954891137276 ) ) ;
#7378 = EDGE_CURVE ( 'NONE', #5531, #5143, #1596, .T. ) ;
#7379 = ORIENTED_EDGE ( 'NONE', *, *, #7343, .T. ) ;
#7380 = CARTESIAN_POINT ( 'NONE',  ( -266.2379236663687152, 3.739288344263323349, -170.1976875133409237 ) ) ;
#7381 = CIRCLE ( 'NONE', #1300, 1.000000000000000888 ) ;
#7382 = ADVANCED_FACE ( 'NONE', ( #8742 ), #8786, .F. ) ;
#7383 = CARTESIAN_POINT ( 'NONE',  ( -324.8845655813711346, 5.613761050926164842, 19.02108699399691361 ) ) ;
#7384 = CARTESIAN_POINT ( 'NONE',  ( -348.0061957420330145, 4.072590210801799060, 19.63248989901885722 ) ) ;
#7385 = CARTESIAN_POINT ( 'NONE',  ( -367.5578475515901573, 4.784051302019447505, -169.1084858473784038 ) ) ;
#7386 = CARTESIAN_POINT ( 'NONE',  ( -265.8556549163546379, 7.000000000000000000, 19.74756795489107475 ) ) ;
#7387 = FACE_OUTER_BOUND ( 'NONE', #6152, .T. ) ;
#7388 = CIRCLE ( 'NONE', #6059, 1.349999999999990097 ) ;
#7389 = CARTESIAN_POINT ( 'NONE',  ( -284.8556549163545810, 3.000000000000000000, -165.2524320451089181 ) ) ;
#7390 = CIRCLE ( 'NONE', #251, 1.349999999999977884 ) ;
#7391 = EDGE_CURVE ( 'NONE', #2241, #4579, #695, .T. ) ;
#7392 = CARTESIAN_POINT ( 'NONE',  ( -384.8556549104656028, 5.988703185082854041, -169.2646805808189185 ) ) ;
#7393 = CARTESIAN_POINT ( 'NONE',  ( -307.4735974467517394, 3.739460732190676318, -170.1976603761552838 ) ) ;
#7394 = CARTESIAN_POINT ( 'NONE',  ( -287.4601476881188660, 4.682572633561747466, 19.51099171489825679 ) ) ;
#7395 = CARTESIAN_POINT ( 'NONE',  ( -307.4112993772124582, 3.698795873749177954, 19.70051105391996416 ) ) ;
#7396 = CARTESIAN_POINT ( 'NONE',  ( -345.3921034302339308, 4.413286528475444115, 19.54551902581028955 ) ) ;
#7397 = EDGE_CURVE ( 'NONE', #1588, #4879, #2184, .T. ) ;
#7398 = DIRECTION ( 'NONE',  ( -0.000000000000000000, 1.000000000000000000, 0.000000000000000000 ) ) ;
#7399 = CARTESIAN_POINT ( 'NONE',  ( -305.0753333789934345, 4.974239720232511708, -169.8486235559576585 ) ) ;
#7400 = ORIENTED_EDGE ( 'NONE', *, *, #9156, .F. ) ;
#7401 = CARTESIAN_POINT ( 'NONE',  ( -386.7017651815500017, 4.508727177064884017, 19.59378512594899391 ) ) ;
#7402 = CARTESIAN_POINT ( 'NONE',  ( -406.5493311088920905, 4.544316436061511588, 19.57651407055113779 ) ) ;
#7403 = DIRECTION ( 'NONE',  ( -1.000000000000000000, -0.000000000000000000, -0.000000000000000000 ) ) ;
#7404 = DIRECTION ( 'NONE',  ( -1.000000000000000000, 0.000000000000000000, 0.000000000000000000 ) ) ;
#7405 = CARTESIAN_POINT ( 'NONE',  ( -387.8512249444162308, 5.389381927037760533, 18.03784105003429517 ) ) ;
#7406 = ORIENTED_EDGE ( 'NONE', *, *, #1072, .T. ) ;
#7407 = VERTEX_POINT ( 'NONE', #3196 ) ;
#7408 = ORIENTED_EDGE ( 'NONE', *, *, #3645, .T. ) ;
#7409 = EDGE_CURVE ( 'NONE', #2161, #8593, #8270, .T. ) ;
#7410 = CARTESIAN_POINT ( 'NONE',  ( -251.3556549163562011, 0.000000000000000000, -95.25243204510888972 ) ) ;
#7411 = CARTESIAN_POINT ( 'NONE',  ( -346.8556549163545810, 4.500000000000000888, 19.59811202517614603 ) ) ;
#7412 = FACE_OUTER_BOUND ( 'NONE', #8202, .T. ) ;
#7413 = CARTESIAN_POINT ( 'NONE',  ( -307.9341163091268072, 5.603816879090840253, -169.5279948268532735 ) ) ;
#7414 = CARTESIAN_POINT ( 'NONE',  ( -366.7760857499093277, 4.500000000000000888, 18.71619492148795061 ) ) ;
#7415 = ORIENTED_EDGE ( 'NONE', *, *, #6981, .F. ) ;
#7416 = CARTESIAN_POINT ( 'NONE',  ( -385.0381541654786020, 5.070576912793788971, -169.8058771670545184 ) ) ;
#7417 = FACE_OUTER_BOUND ( 'NONE', #3407, .T. ) ;
#7418 = DIRECTION ( 'NONE',  ( 0.000000000000000000, 0.000000000000000000, -1.000000000000000000 ) ) ;
#7419 = ORIENTED_EDGE ( 'NONE', *, *, #2334, .T. ) ;
#7420 = EDGE_LOOP ( 'NONE', ( #1182, #8357, #934, #2731 ) ) ;
#7421 = CARTESIAN_POINT ( 'NONE',  ( -387.8827340277301801, 3.971882637441340513, 19.65292316721478372 ) ) ;
#7422 = CARTESIAN_POINT ( 'NONE',  ( -345.8556549163545810, 6.124999999999977796, -169.1555557941079542 ) ) ;
#7423 = CARTESIAN_POINT ( 'NONE',  ( -404.8556549163546379, 8.000000000000000000, -1.182842288783773299E-13 ) ) ;
#7424 = LINE ( 'NONE', #3989, #7236 ) ;
#7425 = EDGE_CURVE ( 'NONE', #2105, #4755, #5309, .T. ) ;
#7426 = DIRECTION ( 'NONE',  ( 1.000000000000000000, 0.000000000000000000, 0.000000000000000000 ) ) ;
#7427 = VERTEX_POINT ( 'NONE', #3937 ) ;
#7428 = CARTESIAN_POINT ( 'NONE',  ( -427.9085373833142967, 5.400530990987627789, 19.14598017579387346 ) ) ;
#7429 = CARTESIAN_POINT ( 'NONE',  ( -346.9942690904481424, 4.507254365895950521, -169.2193079470704049 ) ) ;
#7430 = DIRECTION ( 'NONE',  ( 0.000000000000000000, -2.710505431213761085E-15, -1.000000000000000000 ) ) ;
#7431 = DIRECTION ( 'NONE',  ( 1.000000000000000000, 0.000000000000000000, 2.921639538487254261E-16 ) ) ;
#7432 = DIRECTION ( 'NONE',  ( 1.000000000000000000, 0.000000000000000000, 0.000000000000000000 ) ) ;
#7433 = CARTESIAN_POINT ( 'NONE',  ( -344.9921967915283290, 5.205896708463899181, 19.23730042618853275 ) ) ;
#7434 = CARTESIAN_POINT ( 'NONE',  ( -347.8162274172789807, 5.215001926882412597, 18.25363391293051762 ) ) ;
#7435 = ADVANCED_FACE ( 'NONE', ( #3248 ), #1839, .F. ) ;
#7436 = ADVANCED_FACE ( 'NONE', ( #3058 ), #5902, .T. ) ;
#7437 = CARTESIAN_POINT ( 'NONE',  ( -305.8981480614780253, 5.118084154113605955, -169.8049107095002626 ) ) ;
#7438 = VERTEX_POINT ( 'NONE', #965 ) ;
#7439 = VECTOR ( 'NONE', #5888, 1000.000000000000000 ) ;
#7440 = CARTESIAN_POINT ( 'NONE',  ( -264.8556549163545810, 7.000000000000000000, -165.2524320451089181 ) ) ;
#7441 = CARTESIAN_POINT ( 'NONE',  ( -406.7017651815500585, 4.508727177064884017, 19.59378512594875232 ) ) ;
#7442 = DIRECTION ( 'NONE',  ( 1.000000000000000000, 0.000000000000000000, 0.000000000000000000 ) ) ;
#7443 = DIRECTION ( 'NONE',  ( 0.000000000000000000, -0.000000000000000000, 1.000000000000000000 ) ) ;
#7444 = CARTESIAN_POINT ( 'NONE',  ( -387.8162274172789807, 5.215001926882411709, 18.25363391293027604 ) ) ;
#7445 = EDGE_LOOP ( 'NONE', ( #8597, #8168, #3426, #7132 ) ) ;
#7446 = ORIENTED_EDGE ( 'NONE', *, *, #7578, .F. ) ;
#7447 = VERTEX_POINT ( 'NONE', #259 ) ;
#7448 = PLANE ( 'NONE',  #2322 ) ;
#7449 = CARTESIAN_POINT ( 'NONE',  ( -305.8280541903450853, 3.972307589721722376, 19.65283708147276442 ) ) ;
#7450 = CARTESIAN_POINT ( 'NONE',  ( -307.6913256801167336, 4.946426151581515107, -169.0038865453106780 ) ) ;
#7451 = CARTESIAN_POINT ( 'NONE',  ( -307.0095446511592741, 4.508727177066586655, -170.0986492161661943 ) ) ;
#7452 = CARTESIAN_POINT ( 'NONE',  ( -387.8556549163546379, 5.500000000000000888, 17.87006695409029433 ) ) ;
#7453 = VERTEX_POINT ( 'NONE', #593 ) ;
#7454 = FACE_OUTER_BOUND ( 'NONE', #4427, .T. ) ;
#7455 = CARTESIAN_POINT ( 'NONE',  ( -326.0931336379929348, 3.806447783934358231, -170.1876835677589099 ) ) ;
#7456 = FACE_OUTER_BOUND ( 'NONE', #720, .T. ) ;
#7457 = VERTEX_POINT ( 'NONE', #8311 ) ;
#7458 = ORIENTED_EDGE ( 'NONE', *, *, #7192, .F. ) ;
#7459 = CARTESIAN_POINT ( 'NONE',  ( -266.9942690904481992, 4.507254365895950521, -169.2193079470704049 ) ) ;
#7460 = CARTESIAN_POINT ( 'NONE',  ( -346.0329310716495002, 4.927818611583308694, -169.0176293865097534 ) ) ;
#7461 = CARTESIAN_POINT ( 'NONE',  ( -348.2240949084431918, 4.293400979081429369, 19.57871958445521088 ) ) ;
#7462 = CARTESIAN_POINT ( 'NONE',  ( -385.8556549163546379, 5.416358229831103266, -168.5088650666895091 ) ) ;
#7463 = ORIENTED_EDGE ( 'NONE', *, *, #4955, .T. ) ;
#7464 = CARTESIAN_POINT ( 'NONE',  ( -367.0131176886567346, 4.509365819018567478, -169.2188268531743347 ) ) ;
#7465 = EDGE_CURVE ( 'NONE', #2693, #7908, #244, .T. ) ;
#7466 = CYLINDRICAL_SURFACE ( 'NONE', #1315, 1.150000000000012124 ) ;
#7467 = ORIENTED_EDGE ( 'NONE', *, *, #3235, .T. ) ;
#7468 = CARTESIAN_POINT ( 'NONE',  ( -428.4196393853989093, 4.557655364780873519, 19.50052010153124016 ) ) ;
#7469 = CARTESIAN_POINT ( 'NONE',  ( -346.8556549163546379, 3.625000000000000000, -170.2132157533550298 ) ) ;
#7470 = CARTESIAN_POINT ( 'NONE',  ( -425.1548002534006514, 4.800895434974115972, 19.41426770713569638 ) ) ;
#7471 = DIRECTION ( 'NONE',  ( 0.000000000000000000, 1.000000000000000000, 0.000000000000000000 ) ) ;
#7472 = EDGE_CURVE ( 'NONE', #6475, #5929, #3529, .T. ) ;
#7473 = AXIS2_PLACEMENT_3D ( 'NONE', #4478, #7313, #5224 ) ;
#7474 = DIRECTION ( 'NONE',  ( 0.000000000000000000, 1.000000000000000000, 0.000000000000000000 ) ) ;
#7475 = DIRECTION ( 'NONE',  ( -1.000000000000000000, -0.000000000000000000, -2.921639538487254261E-16 ) ) ;
#7476 = CARTESIAN_POINT ( 'NONE',  ( -306.8556549163546947, 3.625000000000000444, 19.70835166313717579 ) ) ;
#7477 = CARTESIAN_POINT ( 'NONE',  ( -407.9345859628257358, 5.710848127064619639, 18.95411819148985444 ) ) ;
#7478 = CARTESIAN_POINT ( 'NONE',  ( -346.8556549163545810, 4.500000000000000888, 19.59811202517614603 ) ) ;
#7479 = CARTESIAN_POINT ( 'NONE',  ( -246.8556549163562295, 0.000000000000000000, -95.25243204510888972 ) ) ;
#7480 = ORIENTED_EDGE ( 'NONE', *, *, #4419, .T. ) ;
#7481 = EDGE_CURVE ( 'NONE', #7490, #6846, #1940, .T. ) ;
#7482 = EDGE_CURVE ( 'NONE', #1510, #2423, #9112, .T. ) ;
#7483 = AXIS2_PLACEMENT_3D ( 'NONE', #507, #7766, #6933 ) ;
#7484 = CARTESIAN_POINT ( 'NONE',  ( -386.3887548692464406, 4.613001498401151146, 18.68153728724993456 ) ) ;
#7485 = CARTESIAN_POINT ( 'NONE',  ( -442.8556549163562295, 3.750000000000000000, -72.00243204510887551 ) ) ;
#7486 = CARTESIAN_POINT ( 'NONE',  ( -264.8556549163546379, 5.499999999999956479, 17.87006695409030854 ) ) ;
#7487 = AXIS2_PLACEMENT_3D ( 'NONE', #3952, #7398, #6788 ) ;
#7488 = CARTESIAN_POINT ( 'NONE',  ( -387.8839715321790322, 5.302404540044469705, 19.20125495518890091 ) ) ;
#7489 = EDGE_LOOP ( 'NONE', ( #8907, #5653, #2569, #6687 ) ) ;
#7490 = VERTEX_POINT ( 'NONE', #6866 ) ;
#7491 = ORIENTED_EDGE ( 'NONE', *, *, #8903, .T. ) ;
#7492 = CIRCLE ( 'NONE', #8240, 2.000000000000001776 ) ;
#7493 = EDGE_CURVE ( 'NONE', #1793, #3145, #7381, .T. ) ;
#7494 = CARTESIAN_POINT ( 'NONE',  ( -426.8556549163546379, 3.625000000000000000, -170.2132157533550298 ) ) ;
#7495 = CARTESIAN_POINT ( 'NONE',  ( -405.9109257861002220, 5.167696473586345540, 18.30361823599982429 ) ) ;
#7496 = CARTESIAN_POINT ( 'NONE',  ( -328.8556549163545810, 6.124999999999981348, 18.65069170389008235 ) ) ;
#7497 = CARTESIAN_POINT ( 'NONE',  ( -308.6354851403668818, 4.972866850357087642, -169.8492481327818382 ) ) ;
#7498 = PLANE ( 'NONE',  #4528 ) ;
#7499 = ORIENTED_EDGE ( 'NONE', *, *, #3575, .T. ) ;
#7500 = CARTESIAN_POINT ( 'NONE',  ( -408.8270090655929607, 5.615024101080702934, 19.02036426553759796 ) ) ;
#7501 = CARTESIAN_POINT ( 'NONE',  ( -308.8556549163546379, 3.000000000000000000, 14.74756795489106942 ) ) ;
#7502 = CARTESIAN_POINT ( 'NONE',  ( -248.8556549163561442, 1.500000000000085265, -55.25243204510888972 ) ) ;
#7503 = EDGE_CURVE ( 'NONE', #1793, #2241, #4714, .T. ) ;
#7504 = ORIENTED_EDGE ( 'NONE', *, *, #5903, .T. ) ;
#7505 = ORIENTED_EDGE ( 'NONE', *, *, #741, .T. ) ;
#7506 = AXIS2_PLACEMENT_3D ( 'NONE', #7581, #1263, #2005 ) ;
#7507 = DIRECTION ( 'NONE',  ( 0.000000000000000000, 0.000000000000000000, 1.000000000000000000 ) ) ;
#7508 = CIRCLE ( 'NONE', #9012, 2.000000000000001776 ) ;
#7509 = CARTESIAN_POINT ( 'NONE',  ( -346.8556549163545810, 4.500000000000000888, -169.2210590117058189 ) ) ;
#7510 = CARTESIAN_POINT ( 'NONE',  ( -265.9312337697478483, 5.113725464068107129, 18.35733257548622177 ) ) ;
#7511 = CARTESIAN_POINT ( 'NONE',  ( -385.8556549163545810, 5.500000000000000888, -168.3749310443081413 ) ) ;
#7512 = ORIENTED_EDGE ( 'NONE', *, *, #1047, .F. ) ;
#7513 = DIRECTION ( 'NONE',  ( 1.000000000000000000, 0.000000000000000000, 0.000000000000000000 ) ) ;
#7514 = DIRECTION ( 'NONE',  ( -1.000000000000000000, 0.000000000000000000, 0.000000000000000000 ) ) ;
#7515 = ORIENTED_EDGE ( 'NONE', *, *, #7358, .T. ) ;
#7516 = VECTOR ( 'NONE', #1830, 1000.000000000000000 ) ;
#7517 = CARTESIAN_POINT ( 'NONE',  ( -405.4872149242658566, 4.293400979081465785, -170.0835836746730365 ) ) ;
#7518 = CARTESIAN_POINT ( 'NONE',  ( -408.8556549163546379, 3.000000000000000000, 14.74756795489105698 ) ) ;
#7519 = CARTESIAN_POINT ( 'NONE',  ( -426.0919478697439331, 3.807091139239946465, 19.68271244580378720 ) ) ;
#7520 = CARTESIAN_POINT ( 'NONE',  ( -348.8556549163546379, 3.000000000000000000, 14.74756795489106409 ) ) ;
#7521 = EDGE_CURVE ( 'NONE', #771, #4245, #4035, .T. ) ;
#7522 = CARTESIAN_POINT ( 'NONE',  ( -266.2171362563950652, 4.727315172673418608, 18.63285410489467608 ) ) ;
#7523 = DIRECTION ( 'NONE',  ( 0.000000000000000000, 0.000000000000000000, -1.000000000000000000 ) ) ;
#7524 = AXIS2_PLACEMENT_3D ( 'NONE', #8026, #6638, #6684 ) ;
#7525 = AXIS2_PLACEMENT_3D ( 'NONE', #2181, #4277, #1575 ) ;
#7526 = CARTESIAN_POINT ( 'NONE',  ( -384.8556549163545810, 8.000000000000000000, -165.2524320451089181 ) ) ;
#7527 = CARTESIAN_POINT ( 'NONE',  ( -407.8556549163546379, 5.445482461464627555, 17.95736487927647218 ) ) ;
#7528 = CARTESIAN_POINT ( 'NONE',  ( -425.8556549163546379, 5.500000000000000888, 17.87006695409029078 ) ) ;
#7529 = CARTESIAN_POINT ( 'NONE',  ( -305.8600848882931587, 5.389381927037358189, -168.5427051402528775 ) ) ;
#7530 = ORIENTED_EDGE ( 'NONE', *, *, #3118, .F. ) ;
#7531 = AXIS2_PLACEMENT_3D ( 'NONE', #2419, #3205, #7305 ) ;
#7532 = AXIS2_PLACEMENT_3D ( 'NONE', #3096, #388, #2441 ) ;
#7533 = PRODUCT ( 'Top_solid', 'Top_solid', '', ( #2207 ) ) ;
#7534 = CARTESIAN_POINT ( 'NONE',  ( -347.3782660746425108, 4.643937170568207762, -169.1747185638574820 ) ) ;
#7535 = DIRECTION ( 'NONE',  ( -1.000000000000000000, -0.000000000000000000, -0.000000000000000000 ) ) ;
#7536 = DIRECTION ( 'NONE',  ( 0.000000000000000000, 0.000000000000000000, 1.000000000000000000 ) ) ;
#7537 = AXIS2_PLACEMENT_3D ( 'NONE', #1747, #1001, #5241 ) ;
#7538 = CARTESIAN_POINT ( 'NONE',  ( -287.9341163091268072, 5.603816879090840253, -169.5279948268532735 ) ) ;
#7539 = EDGE_CURVE ( 'NONE', #4121, #4655, #4561, .T. ) ;
#7540 = CIRCLE ( 'NONE', #4283, 1.000000000000000444 ) ;
#7541 = ORIENTED_EDGE ( 'NONE', *, *, #1111, .F. ) ;
#7542 = CARTESIAN_POINT ( 'NONE',  ( -444.8556549163562295, 3.750000000000000000, -0.5024320451088859496 ) ) ;
#7543 = ORIENTED_EDGE ( 'NONE', *, *, #3001, .F. ) ;
#7544 = EDGE_CURVE ( 'NONE', #3247, #6999, #5906, .T. ) ;
#7545 = ORIENTED_EDGE ( 'NONE', *, *, #3778, .F. ) ;
#7546 = LINE ( 'NONE', #8910, #6476 ) ;
#7547 = CARTESIAN_POINT ( 'NONE',  ( -324.8556549163545810, 5.499999999999956479, 17.87006695409030144 ) ) ;
#7548 = DIRECTION ( 'NONE',  ( 2.921639538487254261E-16, -0.000000000000000000, -1.000000000000000000 ) ) ;
#7549 = CARTESIAN_POINT ( 'NONE',  ( -285.8556549163546947, 5.416284592704882606, 18.00411889024235279 ) ) ;
#7550 = CARTESIAN_POINT ( 'NONE',  ( -367.8131617712273851, 5.118084154113517137, 19.30004661927857867 ) ) ;
#7551 = ORIENTED_EDGE ( 'NONE', *, *, #1491, .F. ) ;
#7552 = CARTESIAN_POINT ( 'NONE',  ( -408.3194221116166887, 4.413458803463290003, 19.54549775887513974 ) ) ;
#7553 = CARTESIAN_POINT ( 'NONE',  ( -325.2246769367356478, 4.668696823349429259, -169.9676676812983089 ) ) ;
#7554 = CARTESIAN_POINT ( 'NONE',  ( -248.4265078648351448, 3.054054090930127252, -95.02612082971633356 ) ) ;
#7555 = ORIENTED_EDGE ( 'NONE', *, *, #5721, .T. ) ;
#7556 = EDGE_CURVE ( 'NONE', #1555, #8395, #7087, .T. ) ;
#7557 = ORIENTED_EDGE ( 'NONE', *, *, #8528, .T. ) ;
#7558 = CARTESIAN_POINT ( 'NONE',  ( -267.4941735763149495, 4.727315172673871579, -169.1377181951108355 ) ) ;
#7559 = CARTESIAN_POINT ( 'NONE',  ( -346.2107894258275564, 4.723855547286908596, -169.1440853282302328 ) ) ;
#7560 = EDGE_CURVE ( 'NONE', #5765, #2693, #7009, .T. ) ;
#7561 = CARTESIAN_POINT ( 'NONE',  ( -265.8556549163546379, 5.416284592704883494, 18.00411889024235279 ) ) ;
#7562 = CARTESIAN_POINT ( 'NONE',  ( -427.3225549634628351, 4.613001498401150258, -169.1864013774678028 ) ) ;
#7563 = AXIS2_PLACEMENT_3D ( 'NONE', #7781, #714, #7698 ) ;
#7564 = VERTEX_POINT ( 'NONE', #9159 ) ;
#7565 = CARTESIAN_POINT ( 'NONE',  ( -444.8556549163562295, 3.750000000000000000, 0.8475679548910920458 ) ) ;
#7566 = DIRECTION ( 'NONE',  ( -1.000000000000000000, 0.000000000000000000, 1.387778780781445676E-16 ) ) ;
#7567 = EDGE_LOOP ( 'NONE', ( #2855, #6155, #4209, #8447 ) ) ;
#7568 = CARTESIAN_POINT ( 'NONE',  ( -427.1334771471020417, 4.529518349321822512, 18.70992244051402054 ) ) ;
#7569 = CARTESIAN_POINT ( 'NONE',  ( -347.8315431898163297, 5.274054342412577867, -168.6910333621777056 ) ) ;
#7570 = PLANE ( 'NONE',  #6455 ) ;
#7571 = CARTESIAN_POINT ( 'NONE',  ( -266.8556549163546379, 3.625000000000000444, 19.70835166313718290 ) ) ;
#7572 = CARTESIAN_POINT ( 'NONE',  ( -386.2107894258276133, 4.723855547286908596, -169.1440853282302328 ) ) ;
#7573 = DIRECTION ( 'NONE',  ( -1.000000000000000000, 0.000000000000000000, -2.921639538487254261E-16 ) ) ;
#7574 = CARTESIAN_POINT ( 'NONE',  ( -328.4866328959736279, 4.668696823349396396, 19.46280359108044067 ) ) ;
#7575 = CARTESIAN_POINT ( 'NONE',  ( -407.8556549163546379, 4.500000000000000888, 19.74756795489107475 ) ) ;
#7576 = CARTESIAN_POINT ( 'NONE',  ( -407.8556549163546379, 5.499999999999992895, 17.87006695409026946 ) ) ;
#7577 = CARTESIAN_POINT ( 'NONE',  ( -308.3194221116168023, 4.413458803463290003, 19.54549775887515395 ) ) ;
#7578 = EDGE_CURVE ( 'NONE', #1855, #8236, #638, .T. ) ;
#7579 = DIRECTION ( 'NONE',  ( -0.000000000000000000, -0.000000000000000000, 1.000000000000000000 ) ) ;
#7580 = VERTEX_POINT ( 'NONE', #5630 ) ;
#7581 = CARTESIAN_POINT ( 'NONE',  ( -444.8556549163562295, 3.750000000000000000, -72.00243204510887551 ) ) ;
#7582 = CARTESIAN_POINT ( 'NONE',  ( -384.8556549163546379, 8.000000000000000000, -1.124409498014028450E-13 ) ) ;
#7583 = CARTESIAN_POINT ( 'NONE',  ( -266.5468425247761957, 4.534290388700399355, -170.0858929734080789 ) ) ;
#7584 = CARTESIAN_POINT ( 'NONE',  ( -287.6369613343886158, 4.872234721371595967, -169.0553227531928258 ) ) ;
#7585 = CARTESIAN_POINT ( 'NONE',  ( -444.8556549163562295, 3.750000000000000000, 5.997567954891120046 ) ) ;
#7586 = ORIENTED_EDGE ( 'NONE', *, *, #8811, .T. ) ;
#7587 = CARTESIAN_POINT ( 'NONE',  ( -405.2259941808362669, 4.666530572644968622, 19.46353966186140738 ) ) ;
#7588 = ORIENTED_EDGE ( 'NONE', *, *, #4992, .T. ) ;
#7589 = ORIENTED_EDGE ( 'NONE', *, *, #8355, .T. ) ;
#7590 = ADVANCED_FACE ( 'NONE', ( #490 ), #9069, .F. ) ;
#7591 = DIRECTION ( 'NONE',  ( 0.000000000000000000, 0.000000000000000000, 1.000000000000000000 ) ) ;
#7592 = CARTESIAN_POINT ( 'NONE',  ( -428.8556549163546379, 3.000000000000000000, 14.74756795489105343 ) ) ;
#7593 = CARTESIAN_POINT ( 'NONE',  ( -386.4707025613209908, 4.573837122825699986, 18.69542757550805590 ) ) ;
#7594 = CARTESIAN_POINT ( 'NONE',  ( -286.1534622811191184, 4.784051302019449281, 18.60362175716055333 ) ) ;
#7595 = DIRECTION ( 'NONE',  ( 0.000000000000000000, 0.000000000000000000, -1.000000000000000000 ) ) ;
#7596 = VERTEX_POINT ( 'NONE', #5484 ) ;
#7597 = CARTESIAN_POINT ( 'NONE',  ( -265.8556549163545810, 3.000000000000000000, -165.2524320451089181 ) ) ;
#7598 = CARTESIAN_POINT ( 'NONE',  ( -366.8556549163545810, 4.500000000000000888, -169.2210590117058189 ) ) ;
#7599 = CARTESIAN_POINT ( 'NONE',  ( -364.8843007671161445, 5.615024101080729579, -169.5252283557554449 ) ) ;
#7600 = ORIENTED_EDGE ( 'NONE', *, *, #7669, .F. ) ;
#7601 = VERTEX_POINT ( 'NONE', #7753 ) ;
#7602 = CARTESIAN_POINT ( 'NONE',  ( -267.1619787238170716, 4.544316436059742337, -170.0813781607695034 ) ) ;
#7603 = CARTESIAN_POINT ( 'NONE',  ( -345.7767238698797314, 5.710848127066449287, -169.4589822817108882 ) ) ;
#7604 = CARTESIAN_POINT ( 'NONE',  ( -306.8556549163545810, 4.500000000000000888, -169.2210590117058189 ) ) ;
#7605 = ADVANCED_FACE ( 'NONE', ( #1386 ), #4082, .F. ) ;
#7606 = CARTESIAN_POINT ( 'NONE',  ( -386.6968085463535658, 4.500000000000002665, -169.2210590117058473 ) ) ;
#7607 = ORIENTED_EDGE ( 'NONE', *, *, #8861, .T. ) ;
#7608 = DIRECTION ( 'NONE',  ( 0.000000000000000000, 0.000000000000000000, 1.000000000000000000 ) ) ;
#7609 = LINE ( 'NONE', #3479, #6220 ) ;
#7610 = ORIENTED_EDGE ( 'NONE', *, *, #5156, .F. ) ;
#7611 = CARTESIAN_POINT ( 'NONE',  ( -246.8556549163562579, 1.500000000000048184, -97.25243204510888972 ) ) ;
#7612 = TOROIDAL_SURFACE ( 'NONE', #3604, 2.499999999999992006, 2.000000000000000000 ) ;
#7613 = CARTESIAN_POINT ( 'NONE',  ( -347.6369613343886158, 4.872234721371595967, -169.0553227531928258 ) ) ;
#7614 = VECTOR ( 'NONE', #1507, 1000.000000000000000 ) ;
#7615 = DIRECTION ( 'NONE',  ( 0.000000000000000000, 1.170938346284343684E-14, -1.000000000000000000 ) ) ;
#7616 = DIRECTION ( 'NONE',  ( 0.000000000000000000, 1.000000000000000000, 0.000000000000000000 ) ) ;
#7617 = CARTESIAN_POINT ( 'NONE',  ( -386.5468425247836990, 4.534290388698806851, -170.0858929734041851 ) ) ;
#7618 = CARTESIAN_POINT ( 'NONE',  ( -304.9038783738810707, 5.560135856430249213, 19.04581960036750132 ) ) ;
#7619 = EDGE_CURVE ( 'NONE', #7447, #2432, #1194, .T. ) ;
#7620 = CARTESIAN_POINT ( 'NONE',  ( -328.3194221116168023, 4.413458803463290003, 19.54549775887514684 ) ) ;
#7621 = CARTESIAN_POINT ( 'NONE',  ( -346.4707025613209908, 4.573837122825699986, 18.69542757550806300 ) ) ;
#7622 = CARTESIAN_POINT ( 'NONE',  ( -384.8556549163546379, 3.000000000000000000, 14.74756795489106054 ) ) ;
#7623 = CARTESIAN_POINT ( 'NONE',  ( -307.8827340277301801, 3.971882637441339625, 19.65292316721479438 ) ) ;
#7624 = EDGE_CURVE ( 'NONE', #8631, #8931, #7680, .T. ) ;
#7625 = LINE ( 'NONE', #4754, #8537 ) ;
#7626 = ORIENTED_EDGE ( 'NONE', *, *, #6982, .F. ) ;
#7627 = CIRCLE ( 'NONE', #7779, 1.000000000000000888 ) ;
#7628 =( BOUNDED_SURFACE ( )  B_SPLINE_SURFACE ( 3, 2, ( 
 ( #3753, #5159, #127 ),
 ( #2970, #5815, #8648 ),
 ( #7984, #961, #6591 ),
 ( #3802, #4069, #7039 ),
 ( #4820, #3466, #4206 ),
 ( #8442, #2720, #7647 ),
 ( #6902, #8342, #2069 ),
 ( #478, #7550, #4164 ),
 ( #1277, #6998, #526 ),
 ( #3425, #9194, #6213 ),
 ( #5471, #668, #624 ),
 ( #9054, #2111, #3510 ),
 ( #8390, #4921, #4116 ),
 ( #6304, #5561, #9144 ) ),
 .UNSPECIFIED., .F., .F., .F. ) 
 B_SPLINE_SURFACE_WITH_KNOTS ( ( 4, 2, 2, 2, 2, 2, 4 ),
 ( 3, 3 ),
 ( 0.001015998582458477444, 0.001428449273944988693, 0.001840899965431500159, 0.002253350656918011626, 0.002665801348404522875, 0.003490702731377545373, 0.004315604114350567871 ),
 ( 0.000000000000000000, 1.000000000000000000 ),
 .UNSPECIFIED. ) 
 GEOMETRIC_REPRESENTATION_ITEM ( )  RATIONAL_B_SPLINE_SURFACE ( (
 ( 1.000000000000000000, 0.7071067811865494601, 1.000000000000000000),
 ( 1.000000000000000000, 0.7191539465619855021, 1.000000000000000000),
 ( 1.000000000000000000, 0.7296663882557459235, 1.000000000000000000),
 ( 1.000000000000000000, 0.7474372416598424884, 1.000000000000000000),
 ( 1.000000000000000000, 0.7547518899039959983, 1.000000000000000000),
 ( 1.000000000000000000, 0.7656299723738984042, 1.000000000000000000),
 ( 1.000000000000000000, 0.7691951883262585499, 1.000000000000000000),
 ( 1.000000000000000000, 0.7731396846999082362, 1.000000000000000000),
 ( 1.000000000000000000, 0.7734820014422222334, 1.000000000000000000),
 ( 1.000000000000000000, 0.7709873420212901562, 1.000000000000000000),
 ( 1.000000000000000000, 0.7646994115808869452, 1.000000000000000000),
 ( 1.000000000000000000, 0.7540697026783611534, 1.000000000000000000),
 ( 1.000000000000000000, 0.7498104614810595647, 1.000000000000000000),
 ( 1.000000000000000000, 0.7499999999999998890, 1.000000000000000000) ) ) 
 REPRESENTATION_ITEM ( '' )  SURFACE ( )  );
#7629 = FACE_OUTER_BOUND ( 'NONE', #4529, .T. ) ;
#7630 = CARTESIAN_POINT ( 'NONE',  ( -326.5493311088920336, 4.544316436061511588, 19.57651407055114845 ) ) ;
#7631 = DIRECTION ( 'NONE',  ( 1.000000000000000000, 0.000000000000000000, 0.000000000000000000 ) ) ;
#7632 = CARTESIAN_POINT ( 'NONE',  ( -287.5369268556093516, 3.768189216954908272, -170.1935733750994757 ) ) ;
#7633 = CIRCLE ( 'NONE', #2858, 1.000000000000000888 ) ;
#7634 = CARTESIAN_POINT ( 'NONE',  ( -386.8556549163546379, 4.500000000000000888, -169.2210590117058189 ) ) ;
#7635 = ORIENTED_EDGE ( 'NONE', *, *, #304, .F. ) ;
#7636 = CARTESIAN_POINT ( 'NONE',  ( -306.0931336379928211, 3.806447783934358231, -170.1876835677589099 ) ) ;
#7637 = ORIENTED_EDGE ( 'NONE', *, *, #7775, .T. ) ;
#7638 = ORIENTED_EDGE ( 'NONE', *, *, #3583, .F. ) ;
#7639 = AXIS2_PLACEMENT_3D ( 'NONE', #7733, #572, #2062 ) ;
#7640 = AXIS2_PLACEMENT_3D ( 'NONE', #5754, #9152, #6403 ) ;
#7641 = ADVANCED_FACE ( 'NONE', ( #3291 ), #8895, .F. ) ;
#7642 = CARTESIAN_POINT ( 'NONE',  ( -424.8556549163546379, 6.124999999999944933, 18.65069170389010011 ) ) ;
#7643 = CARTESIAN_POINT ( 'NONE',  ( -344.8645494405129170, 5.847915706120836887, 18.86079526954933527 ) ) ;
#7644 = CIRCLE ( 'NONE', #212, 1.150000000000017231 ) ;
#7645 = CARTESIAN_POINT ( 'NONE',  ( -386.2684541023607494, 4.687071811803895649, 18.65216358364155269 ) ) ;
#7646 = CARTESIAN_POINT ( 'NONE',  ( -307.8160824133250912, 5.214525108020818145, -168.7590172505114765 ) ) ;
#7647 = CARTESIAN_POINT ( 'NONE',  ( -367.7731559061448365, 5.097364476297920888, 18.37321371862613617 ) ) ;
#7648 = ORIENTED_EDGE ( 'NONE', *, *, #2186, .T. ) ;
#7649 = DIRECTION ( 'NONE',  ( 0.000000000000000000, 0.000000000000000000, -1.000000000000000000 ) ) ;
#7650 = CIRCLE ( 'NONE', #1262, 1.349999999999976108 ) ;
#7651 = CARTESIAN_POINT ( 'NONE',  ( -366.6960120101808798, 3.625000000000000444, -170.2132157533550867 ) ) ;
#7652 = ORIENTED_EDGE ( 'NONE', *, *, #2381, .F. ) ;
#7653 = VECTOR ( 'NONE', #6501, 1000.000000000000000 ) ;
#7654 = ORIENTED_EDGE ( 'NONE', *, *, #5677, .T. ) ;
#7655 = CARTESIAN_POINT ( 'NONE',  ( -267.8556549163546379, 3.000000000000000000, -165.2524320451089181 ) ) ;
#7656 = CARTESIAN_POINT ( 'NONE',  ( -325.8556549163545242, 5.499999999999989342, -168.3749310443081413 ) ) ;
#7657 = CARTESIAN_POINT ( 'NONE',  ( -265.8556549163546379, 5.500000000000000888, 17.87006695409030854 ) ) ;
#7658 = CYLINDRICAL_SURFACE ( 'NONE', #7114, 1.000000000000000888 ) ;
#7659 = ORIENTED_EDGE ( 'NONE', *, *, #8810, .F. ) ;
#7660 = DIRECTION ( 'NONE',  ( 1.000000000000000000, 0.000000000000000000, 0.000000000000000000 ) ) ;
#7661 = B_SPLINE_CURVE_WITH_KNOTS ( 'NONE', 3,
 ( #4047, #6879, #8272, #7433, #4652, #3120, #3900, #7396, #5398, #1161, #3861, #3951, #8086, #2466, #6698, #4699 ),
 .UNSPECIFIED., .F., .F.,
 ( 4, 2, 2, 2, 2, 2, 2, 4 ),
 ( 0.000000000000000000, 0.0009498534235542503354, 0.001424780135331373118, 0.001899706847108496117, 0.002374633558885618466, 0.002849560270662741465, 0.003324486982439863597, 0.003799413694216986163 ),
 .UNSPECIFIED. ) ;
#7662 = CARTESIAN_POINT ( 'NONE',  ( -266.8556549163546379, 3.500000000000000000, -169.2210590117058189 ) ) ;
#7663 = ORIENTED_EDGE ( 'NONE', *, *, #3164, .T. ) ;
#7664 = EDGE_CURVE ( 'NONE', #6067, #1145, #2961, .T. ) ;
#7665 = CARTESIAN_POINT ( 'NONE',  ( -406.3332601840948541, 4.643806473694056081, -169.1747701886795596 ) ) ;
#7666 = CARTESIAN_POINT ( 'NONE',  ( -347.8556549163546379, 5.445450499394082655, -168.4622801552192470 ) ) ;
#7667 = AXIS2_PLACEMENT_3D ( 'NONE', #2452, #8116, #1756 ) ;
#7668 = CARTESIAN_POINT ( 'NONE',  ( -364.8556549163546379, 8.000000000000000000, -1.065976707244283223E-13 ) ) ;
#7669 = EDGE_CURVE ( 'NONE', #4168, #3145, #5807, .T. ) ;
#7670 = CARTESIAN_POINT ( 'NONE',  ( -286.3332601840948541, 4.643806473694056081, -169.1747701886795596 ) ) ;
#7671 = CARTESIAN_POINT ( 'NONE',  ( -386.2511621445750620, 4.682572633565147413, -170.0158558051222428 ) ) ;
#7672 = FACE_OUTER_BOUND ( 'NONE', #2617, .T. ) ;
#7673 = CARTESIAN_POINT ( 'NONE',  ( -328.7192465032959490, 5.206273164145591714, 19.23712735037163668 ) ) ;
#7674 = DIRECTION ( 'NONE',  ( -1.000000000000000000, 0.000000000000000000, 0.000000000000000000 ) ) ;
#7675 = CARTESIAN_POINT ( 'NONE',  ( -326.8556549163545810, 5.500000000000000888, 0.000000000000000000 ) ) ;
#7676 = CARTESIAN_POINT ( 'NONE',  ( -307.1706563213436425, 3.648547497292133901, 19.70553982308455332 ) ) ;
#7677 = VECTOR ( 'NONE', #5070, 1000.000000000000000 ) ;
#7678 = CARTESIAN_POINT ( 'NONE',  ( -306.7031920300043453, 4.500000005122825719, -170.1029761128765472 ) ) ;
#7679 = ADVANCED_FACE ( 'NONE', ( #8681 ), #8499, .F. ) ;
#7680 = CIRCLE ( 'NONE', #3821, 4.999999999999999112 ) ;
#7681 = CARTESIAN_POINT ( 'NONE',  ( -385.8556549163546379, 5.499999999999988454, 17.87006695409028012 ) ) ;
#7682 = ADVANCED_FACE ( 'NONE', ( #4971, #7881 ), #3004, .T. ) ;
#7683 = CARTESIAN_POINT ( 'NONE',  ( -326.8556549163545810, 4.500000000000000888, 18.71619492148795416 ) ) ;
#7684 = CARTESIAN_POINT ( 'NONE',  ( -425.7766847069765959, 5.710072106086422572, 18.95463741994385387 ) ) ;
#7685 = FACE_OUTER_BOUND ( 'NONE', #2558, .T. ) ;
#7686 = CIRCLE ( 'NONE', #6499, 5.000000000000004441 ) ;
#7687 = CARTESIAN_POINT ( 'NONE',  ( -387.5458030052796516, 4.773209397924164321, -169.1145156408490777 ) ) ;
#7688 = ORIENTED_EDGE ( 'NONE', *, *, #7521, .F. ) ;
#7689 = CARTESIAN_POINT ( 'NONE',  ( -306.2379236663687152, 3.739288344263323349, -170.1976875133409237 ) ) ;
#7690 = ORIENTED_EDGE ( 'NONE', *, *, #2401, .F. ) ;
#7691 = AXIS2_PLACEMENT_3D ( 'NONE', #7622, #6329, #1445 ) ;
#7692 = ORIENTED_EDGE ( 'NONE', *, *, #8500, .F. ) ;
#7693 = AXIS2_PLACEMENT_3D ( 'NONE', #4631, #5290, #7418 ) ;
#7694 = CARTESIAN_POINT ( 'NONE',  ( -444.8556549163562295, 0.000000000000000000, 9.747567954891122710 ) ) ;
#7695 = CIRCLE ( 'NONE', #3685, 1.150000000000017231 ) ;
#7696 = CARTESIAN_POINT ( 'NONE',  ( -441.8556549163562295, 10.00000000000000000, -175.2524320451088897 ) ) ;
#7697 = CARTESIAN_POINT ( 'NONE',  ( -346.2171362563950083, 4.727315172673418608, 18.63285410489466543 ) ) ;
#7698 = DIRECTION ( 'NONE',  ( 1.000000000000000000, 0.000000000000000000, 0.000000000000000000 ) ) ;
#7699 = AXIS2_PLACEMENT_3D ( 'NONE', #8209, #4688, #7514 ) ;
#7700 = DIRECTION ( 'NONE',  ( 1.000000000000000000, 0.000000000000000000, 0.000000000000000000 ) ) ;
#7701 = ORIENTED_EDGE ( 'NONE', *, *, #8326, .T. ) ;
#7702 = DIRECTION ( 'NONE',  ( -0.000000000000000000, -0.000000000000000000, 1.000000000000000000 ) ) ;
#7703 = CARTESIAN_POINT ( 'NONE',  ( -387.1725692415428739, 3.649012588301082882, -170.2103416934246525 ) ) ;
#7704 = ORIENTED_EDGE ( 'NONE', *, *, #5542, .F. ) ;
#7705 = ADVANCED_FACE ( 'NONE', ( #159 ), #4400, .T. ) ;
#7706 = VERTEX_POINT ( 'NONE', #2262 ) ;
#7707 = CARTESIAN_POINT ( 'NONE',  ( -404.8556549163545810, 3.000000000000000000, -165.2524320451089181 ) ) ;
#7708 = FACE_OUTER_BOUND ( 'NONE', #1216, .T. ) ;
#7709 = CARTESIAN_POINT ( 'NONE',  ( -426.8556549163546379, 3.625000000000000000, -170.2132157533550298 ) ) ;
#7710 = CYLINDRICAL_SURFACE ( 'NONE', #4598, 1.000000000000000888 ) ;
#7711 = ORIENTED_EDGE ( 'NONE', *, *, #2413, .F. ) ;
#7712 = DIRECTION ( 'NONE',  ( -1.000000000000000000, -0.000000000000000000, -0.000000000000000000 ) ) ;
#7713 = DIRECTION ( 'NONE',  ( -2.921639538487254261E-16, 0.000000000000000000, 1.000000000000000000 ) ) ;
#7714 = ORIENTED_EDGE ( 'NONE', *, *, #294, .F. ) ;
#7715 = CARTESIAN_POINT ( 'NONE',  ( -405.2246769367355910, 4.668696823349429259, -169.9676676812983089 ) ) ;
#7716 = CARTESIAN_POINT ( 'NONE',  ( -365.8556549163546379, 5.499999999999988454, 17.87006695409028012 ) ) ;
#7717 = CARTESIAN_POINT ( 'NONE',  ( -344.8556549163546379, 8.000000000000000000, -1.007543916474538122E-13 ) ) ;
#7718 = VECTOR ( 'NONE', #4468, 1000.000000000000000 ) ;
#7719 = EDGE_CURVE ( 'NONE', #53, #8382, #3378, .T. ) ;
#7720 = CARTESIAN_POINT ( 'NONE',  ( -386.8556549163545810, 3.625000000000000444, -170.2132157533550298 ) ) ;
#7721 = CARTESIAN_POINT ( 'NONE',  ( -305.8601021806587141, 5.389166282607560809, 18.03814980593134720 ) ) ;
#7722 = DIRECTION ( 'NONE',  ( 0.000000000000000000, 0.000000000000000000, 1.000000000000000000 ) ) ;
#7723 = CARTESIAN_POINT ( 'NONE',  ( -367.0145012863558804, 4.500000000000002665, 18.71619492148795061 ) ) ;
#7724 = CARTESIAN_POINT ( 'NONE',  ( -426.5456845957266978, 4.546024630548740397, 18.70368321587406513 ) ) ;
#7725 = CARTESIAN_POINT ( 'NONE',  ( -246.8556549163563147, 4.956541813794536289, -96.07832895434097509 ) ) ;
#7726 = LINE ( 'NONE', #3410, #1119 ) ;
#7727 = CARTESIAN_POINT ( 'NONE',  ( -326.7017651815500017, 4.508727177064884017, 19.59378512594875943 ) ) ;
#7728 = CARTESIAN_POINT ( 'NONE',  ( -425.2930420790493713, 4.555586803579904753, 19.50118134527027181 ) ) ;
#7729 = CARTESIAN_POINT ( 'NONE',  ( -286.9333269932106418, 4.500000003626995593, -170.1029761136050524 ) ) ;
#7730 = EDGE_CURVE ( 'NONE', #2268, #5562, #3017, .T. ) ;
#7731 = CARTESIAN_POINT ( 'NONE',  ( -387.9086614756249105, 3.992597862132107434, -170.1539954553384177 ) ) ;
#7732 = VERTEX_POINT ( 'NONE', #3139 ) ;
#7733 = CARTESIAN_POINT ( 'NONE',  ( -364.8556549163546379, 7.000000000000000000, 19.74756795489107475 ) ) ;
#7734 = VERTEX_POINT ( 'NONE', #6583 ) ;
#7735 = VERTEX_POINT ( 'NONE', #5978 ) ;
#7736 = CARTESIAN_POINT ( 'NONE',  ( -408.7765099126930863, 5.411312770689274743, -169.6356635552781995 ) ) ;
#7737 = DIRECTION ( 'NONE',  ( 1.000000000000000000, 0.000000000000000000, 2.921639538487254261E-16 ) ) ;
#7738 = CARTESIAN_POINT ( 'NONE',  ( -266.8556549163546379, 3.625000000000000444, 19.70835166313718290 ) ) ;
#7739 = CARTESIAN_POINT ( 'NONE',  ( -327.8556549163545810, 5.499999999999992895, 17.87006695409028012 ) ) ;
#7740 = CARTESIAN_POINT ( 'NONE',  ( -444.8556549163562295, 1.199999999999999956, 0.000000000000000000 ) ) ;
#7741 = EDGE_CURVE ( 'NONE', #1593, #6067, #9037, .T. ) ;
#7742 = ORIENTED_EDGE ( 'NONE', *, *, #7482, .F. ) ;
#7743 = FACE_OUTER_BOUND ( 'NONE', #2583, .T. ) ;
#7744 = DIRECTION ( 'NONE',  ( -1.000000000000000000, 0.000000000000000000, -0.000000000000000000 ) ) ;
#7745 = ORIENTED_EDGE ( 'NONE', *, *, #8952, .T. ) ;
#7746 =( BOUNDED_SURFACE ( )  B_SPLINE_SURFACE ( 3, 2, ( 
 ( #1403, #2840, #4150 ),
 ( #5685, #7117, #4238 ),
 ( #5600, #4989, #8374 ),
 ( #45, #7856, #1496 ),
 ( #3587, #7811, #5732 ),
 ( #5649, #7025, #1451 ),
 ( #6421, #4328, #7156 ),
 ( #2142, #8473, #8566 ),
 ( #7072, #3496, #3412 ),
 ( #7728, #2190, #700 ),
 ( #6337, #3545, #1362 ),
 ( #6246, #8426, #4192 ),
 ( #2058, #4858, #9086 ),
 ( #6383, #9178, #4907 ),
 ( #2709, #7684, #6986 ),
 ( #611, #3454, #6291 ),
 ( #2098, #7206, #6518 ),
 ( #5823, #8036, #5259 ) ),
 .UNSPECIFIED., .F., .F., .F. ) 
 B_SPLINE_SURFACE_WITH_KNOTS ( ( 4, 2, 2, 2, 2, 2, 2, 2, 4 ),
 ( 3, 3 ),
 ( 0.001323912745242680506, 0.001737514085360032526, 0.002151115425477384546, 0.002564716765594736783, 0.002978318105712089020, 0.003391919445829441257, 0.003805520785946793494, 0.004219122126064145731, 0.004632723466181497968 ),
 ( 0.000000000000000000, 1.000000000000000000 ),
 .UNSPECIFIED. ) 
 GEOMETRIC_REPRESENTATION_ITEM ( )  RATIONAL_B_SPLINE_SURFACE ( (
 ( 1.000000000000000000, 0.7499999999999998890, 1.000000000000000000),
 ( 1.000000000000000000, 0.7499939426360097139, 1.000000000000000000),
 ( 1.000000000000000000, 0.7509329894123276672, 1.000000000000000000),
 ( 1.000000000000000000, 0.7542720948101458989, 1.000000000000000000),
 ( 1.000000000000000000, 0.7567167381700099504, 1.000000000000000000),
 ( 1.000000000000000000, 0.7620345134622255046, 1.000000000000000000),
 ( 1.000000000000000000, 0.7649009816754456237, 1.000000000000000000),
 ( 1.000000000000000000, 0.7698131873218801990, 1.000000000000000000),
 ( 1.000000000000000000, 0.7718027581247288715, 1.000000000000000000),
 ( 1.000000000000000000, 0.7734778044115844242, 1.000000000000000000),
 ( 1.000000000000000000, 0.7731701811047265727, 1.000000000000000000),
 ( 1.000000000000000000, 0.7692320002418605585, 1.000000000000000000),
 ( 1.000000000000000000, 0.7656548337055184561, 1.000000000000000000),
 ( 1.000000000000000000, 0.7548043090983551640, 1.000000000000000000),
 ( 1.000000000000000000, 0.7474974637453871695, 1.000000000000000000),
 ( 1.000000000000000000, 0.7297066597626592488, 1.000000000000000000),
 ( 1.000000000000000000, 0.7191618347188735161, 1.000000000000000000),
 ( 1.000000000000000000, 0.7071067811865501263, 1.000000000000000000) ) ) 
 REPRESENTATION_ITEM ( '' )  SURFACE ( )  );
#7747 = ORIENTED_EDGE ( 'NONE', *, *, #5020, .F. ) ;
#7748 = CARTESIAN_POINT ( 'NONE',  ( -267.9084018391927771, 5.399915996860762846, -169.6511968241165675 ) ) ;
#7749 = CARTESIAN_POINT ( 'NONE',  ( -325.5659239360485913, 4.184638865665688989, -170.1169986375894894 ) ) ;
#7750 = CARTESIAN_POINT ( 'NONE',  ( -367.9346251257288714, 5.710072106083486254, -169.4595015101596402 ) ) ;
#7751 = CARTESIAN_POINT ( 'NONE',  ( -427.8512076520506184, 5.389166282607971148, -168.5430138961477553 ) ) ;
#7752 = ORIENTED_EDGE ( 'NONE', *, *, #6199, .T. ) ;
#7753 = CARTESIAN_POINT ( 'NONE',  ( -444.8556549163562295, 3.750000000000000000, -157.8524320451088840 ) ) ;
#7754 = FACE_OUTER_BOUND ( 'NONE', #4641, .T. ) ;
#7755 = ORIENTED_EDGE ( 'NONE', *, *, #4933, .T. ) ;
#7756 = CARTESIAN_POINT ( 'NONE',  ( -251.3556549163562011, 0.000000000000000000, -93.25243204510888972 ) ) ;
#7757 = CARTESIAN_POINT ( 'NONE',  ( -407.1619787238248591, 4.544316436060827691, -170.0813781607695319 ) ) ;
#7758 = CARTESIAN_POINT ( 'NONE',  ( -248.6072392414598653, 2.323466535363200247, -55.29080318062478483 ) ) ;
#7759 = ADVANCED_BREP_SHAPE_REPRESENTATION ( 'Top_solid', ( #5544, #2938 ), #8889 ) ;
#7760 = CARTESIAN_POINT ( 'NONE',  ( -425.8556549163545810, 6.125000000000014211, -169.1555557941080110 ) ) ;
#7761 = EDGE_CURVE ( 'NONE', #7732, #4925, #6719, .T. ) ;
#7762 = DIRECTION ( 'NONE',  ( 0.000000000000000000, 0.000000000000000000, -1.000000000000000000 ) ) ;
#7763 = CARTESIAN_POINT ( 'NONE',  ( -365.8556549163546379, 5.500000000000000888, 17.87006695409029788 ) ) ;
#7764 = CARTESIAN_POINT ( 'NONE',  ( -367.8459675937749580, 5.324007913114980894, 18.13022991715109455 ) ) ;
#7765 = FACE_OUTER_BOUND ( 'NONE', #7836, .T. ) ;
#7766 = DIRECTION ( 'NONE',  ( 1.000000000000000000, 0.000000000000000000, 0.000000000000000000 ) ) ;
#7767 = CARTESIAN_POINT ( 'NONE',  ( -307.8556549163546379, 4.500000000000000888, 19.74756795489107475 ) ) ;
#7768 = CARTESIAN_POINT ( 'NONE',  ( -325.8029079935164987, 5.399915996862297618, 19.14633273389707568 ) ) ;
#7769 = CARTESIAN_POINT ( 'NONE',  ( -442.8556549163562295, 3.750000000000000000, -0.5024320451088859496 ) ) ;
#7770 = CARTESIAN_POINT ( 'NONE',  ( -387.7651547829831884, 5.029006227350913072, -169.8499098049626070 ) ) ;
#7771 = VERTEX_POINT ( 'NONE', #8019 ) ;
#7772 = FACE_OUTER_BOUND ( 'NONE', #3773, .T. ) ;
#7773 = ORIENTED_EDGE ( 'NONE', *, *, #160, .T. ) ;
#7774 = ORIENTED_EDGE ( 'NONE', *, *, #6338, .T. ) ;
#7775 = EDGE_CURVE ( 'NONE', #1942, #4542, #6360, .T. ) ;
#7776 = B_SPLINE_CURVE_WITH_KNOTS ( 'NONE', 3,
 ( #4388, #2948, #7870, #756, #3598, #7963, #2853, #5700, #3736, #8627, #5880, #8580 ),
 .UNSPECIFIED., .F., .F.,
 ( 4, 2, 2, 2, 2, 4 ),
 ( 0.000000000000000000, 0.0004698356480513677671, 0.0009396712961027355341, 0.001174589120128377703, 0.001409506944154019763, 0.001879342592205450685 ),
 .UNSPECIFIED. ) ;
#7777 = CARTESIAN_POINT ( 'NONE',  ( -408.8556549274293275, 5.988627236847579027, -169.2647413880723946 ) ) ;
#7778 = CARTESIAN_POINT ( 'NONE',  ( -285.8556549163546379, 3.000000000000000000, 14.74756795489107120 ) ) ;
#7779 = AXIS2_PLACEMENT_3D ( 'NONE', #8657, #1536, #6559 ) ;
#7780 = CARTESIAN_POINT ( 'NONE',  ( -345.8026483570804999, 3.992597862135470077, 19.64913136511978564 ) ) ;
#7781 = CARTESIAN_POINT ( 'NONE',  ( -344.8556549163546379, 7.000000000000000000, 19.74756795489107475 ) ) ;
#7782 = DIRECTION ( 'NONE',  ( 1.000000000000000000, 0.000000000000000000, 1.278217298088173739E-16 ) ) ;
#7783 = DIRECTION ( 'NONE',  ( -2.921639538487254261E-16, 0.000000000000000000, 1.000000000000000000 ) ) ;
#7784 = ORIENTED_EDGE ( 'NONE', *, *, #7223, .T. ) ;
#7785 = ORIENTED_EDGE ( 'NONE', *, *, #3534, .T. ) ;
#7786 = EDGE_CURVE ( 'NONE', #6751, #5063, #2490, .T. ) ;
#7787 = DIRECTION ( 'NONE',  ( 0.000000000000000000, 0.000000000000000000, -1.000000000000000000 ) ) ;
#7788 = AXIS2_PLACEMENT_3D ( 'NONE', #2741, #5535, #3256 ) ;
#7789 = CARTESIAN_POINT ( 'NONE',  ( -405.8556549163545810, 5.500000000000000888, -168.3749310443081413 ) ) ;
#7790 = CARTESIAN_POINT ( 'NONE',  ( -368.8074314588282050, 5.560135856428987999, -169.5506836905861405 ) ) ;
#7791 = CIRCLE ( 'NONE', #2000, 5.000000000000004441 ) ;
#7792 = CARTESIAN_POINT ( 'NONE',  ( -427.8556549163546379, 5.499999999999984013, -168.3749310443081413 ) ) ;
#7793 = ORIENTED_EDGE ( 'NONE', *, *, #7328, .F. ) ;
#7794 = DIRECTION ( 'NONE',  ( 1.000000000000000000, 0.000000000000000000, 0.000000000000000000 ) ) ;
#7795 = CARTESIAN_POINT ( 'NONE',  ( -368.0046369833600011, 4.071125995611724058, -170.1376911892802468 ) ) ;
#7796 = VERTEX_POINT ( 'NONE', #3047 ) ;
#7797 = AXIS2_PLACEMENT_3D ( 'NONE', #5450, #3490, #9032 ) ;
#7798 = CARTESIAN_POINT ( 'NONE',  ( -425.8556549163545810, 3.000000000000000000, -165.2524320451089181 ) ) ;
#7799 = CARTESIAN_POINT ( 'NONE',  ( -366.2171362563950083, 4.727315172673418608, 18.63285410489466187 ) ) ;
#7800 = CARTESIAN_POINT ( 'NONE',  ( -246.8556549163562295, 1.788677489999020764, -53.25243203435824313 ) ) ;
#7801 = CARTESIAN_POINT ( 'NONE',  ( -264.8556549052799483, 5.988627236848559576, 18.75987729785376246 ) ) ;
#7802 = DIRECTION ( 'NONE',  ( 0.000000000000000000, 0.000000000000000000, -1.000000000000000000 ) ) ;
#7803 = CARTESIAN_POINT ( 'NONE',  ( -347.7341608780492379, 5.002226165318917950, 18.46125788759333730 ) ) ;
#7804 = LINE ( 'NONE', #4984, #4838 ) ;
#7805 = CARTESIAN_POINT ( 'NONE',  ( -327.4582074330630803, 4.692344901070914176, -170.0114884923029877 ) ) ;
#7806 = ADVANCED_FACE ( 'NONE', ( #5891 ), #8728, .T. ) ;
#7807 = AXIS2_PLACEMENT_3D ( 'NONE', #8624, #7820, #5092 ) ;
#7808 = AXIS2_PLACEMENT_3D ( 'NONE', #8495, #4928, #5011 ) ;
#7809 = CARTESIAN_POINT ( 'NONE',  ( -284.9920633294132699, 5.206273164145624577, -169.7419914405895156 ) ) ;
#7810 = CARTESIAN_POINT ( 'NONE',  ( -325.9461550497259168, 5.029006227352671665, 19.34504571474587209 ) ) ;
#7811 = CARTESIAN_POINT ( 'NONE',  ( -426.4724515316910356, 4.571621889987042664, 19.56339676126327376 ) ) ;
#7812 = AXIS2_PLACEMENT_3D ( 'NONE', #1466, #59, #5095 ) ;
#7813 = CARTESIAN_POINT ( 'NONE',  ( -426.8556549163546379, 4.500000000000000888, 0.000000000000000000 ) ) ;
#7814 = DIRECTION ( 'NONE',  ( -2.921639538487254261E-16, 0.000000000000000000, 1.000000000000000000 ) ) ;
#7815 = CARTESIAN_POINT ( 'NONE',  ( -267.9123179345494350, 5.919283266445177993, 18.80952628309083252 ) ) ;
#7816 = ORIENTED_EDGE ( 'NONE', *, *, #848, .F. ) ;
#7817 = CARTESIAN_POINT ( 'NONE',  ( -256.8556549163562295, 8.000000000000000000, 0.000000000000000000 ) ) ;
#7818 = ORIENTED_EDGE ( 'NONE', *, *, #4031, .T. ) ;
#7819 = ORIENTED_EDGE ( 'NONE', *, *, #2401, .T. ) ;
#7820 = DIRECTION ( 'NONE',  ( -1.000000000000000000, -0.000000000000000000, -2.921639538487254261E-16 ) ) ;
#7821 = ADVANCED_FACE ( 'NONE', ( #2355 ), #6630, .T. ) ;
#7822 = CARTESIAN_POINT ( 'NONE',  ( -345.9218548214145699, 3.907503744616650287, 19.66502962423767897 ) ) ;
#7823 = CARTESIAN_POINT ( 'NONE',  ( -328.5011026021950897, 4.694546530220658376, 19.45406462802906589 ) ) ;
#7824 = CARTESIAN_POINT ( 'NONE',  ( -326.8556549163545242, 4.500000000000000888, -169.2210590117058189 ) ) ;
#7825 = VECTOR ( 'NONE', #6775, 1000.000000000000000 ) ;
#7826 = ADVANCED_FACE ( 'NONE', ( #8155 ), #3922, .T. ) ;
#7827 = CARTESIAN_POINT ( 'NONE',  ( -248.4426331891230575, 2.978782007416564515, -95.05618857606917516 ) ) ;
#7828 = VERTEX_POINT ( 'NONE', #1789 ) ;
#7829 = ORIENTED_EDGE ( 'NONE', *, *, #3649, .T. ) ;
#7830 = AXIS2_PLACEMENT_3D ( 'NONE', #6385, #7157, #138 ) ;
#7831 = DIRECTION ( 'NONE',  ( 0.000000000000000000, 0.000000000000000000, -1.000000000000000000 ) ) ;
#7832 = AXIS2_PLACEMENT_3D ( 'NONE', #7675, #5592, #693 ) ;
#7833 = CARTESIAN_POINT ( 'NONE',  ( -324.8556549104655460, 5.988703185082854041, -169.2646805808189185 ) ) ;
#7834 = DIRECTION ( 'NONE',  ( -0.000000000000000000, 0.7806247497998098916, 0.6249999999999875655 ) ) ;
#7835 = CARTESIAN_POINT ( 'NONE',  ( -427.6369613343886158, 4.872234721371595967, -169.0553227531928258 ) ) ;
#7836 = EDGE_LOOP ( 'NONE', ( #8054, #1539 ) ) ;
#7837 = CARTESIAN_POINT ( 'NONE',  ( -286.8556549163545810, 4.500000000000000888, -170.1029761153939717 ) ) ;
#7838 = EDGE_CURVE ( 'NONE', #1798, #5133, #1742, .T. ) ;
#7839 = CARTESIAN_POINT ( 'NONE',  ( -284.8556549052799483, 5.988627236848580004, 18.75987729785374469 ) ) ;
#7840 = CIRCLE ( 'NONE', #3833, 4.000000000000000000 ) ;
#7841 = EDGE_CURVE ( 'NONE', #1802, #6751, #6676, .T. ) ;
#7842 = CARTESIAN_POINT ( 'NONE',  ( -387.8003840466089969, 5.167696473586352646, -168.8084823262176428 ) ) ;
#7843 = VERTEX_POINT ( 'NONE', #293 ) ;
#7844 = DIRECTION ( 'NONE',  ( -6.770840397031247332E-16, 0.7806247497998093365, -0.6249999999999881206 ) ) ;
#7845 = VECTOR ( 'NONE', #83, 1000.000000000000000 ) ;
#7846 = CARTESIAN_POINT ( 'NONE',  ( -366.3291516371583612, 4.647039145978594021, 18.66881868764272667 ) ) ;
#7847 = DIRECTION ( 'NONE',  ( 1.000000000000000000, 0.000000000000000000, 2.921639538487254261E-16 ) ) ;
#7848 = CARTESIAN_POINT ( 'NONE',  ( -265.0209758056168425, 5.117512316921740023, 19.28003851050578987 ) ) ;
#7849 = DIRECTION ( 'NONE',  ( 1.000000000000000000, 0.000000000000000000, -0.000000000000000000 ) ) ;
#7850 = CARTESIAN_POINT ( 'NONE',  ( -268.2240811334461341, 4.293272472136263396, -170.0836341850529436 ) ) ;
#7851 = CARTESIAN_POINT ( 'NONE',  ( -326.1542441566581942, 4.783366251787011691, -169.1088376623529257 ) ) ;
#7852 = DIRECTION ( 'NONE',  ( 0.000000000000000000, -0.000000000000000000, -1.000000000000000000 ) ) ;
#7853 = FACE_OUTER_BOUND ( 'NONE', #4567, .T. ) ;
#7854 = PLANE ( 'NONE',  #3850 ) ;
#7855 = DIRECTION ( 'NONE',  ( 0.000000000000000000, 0.000000000000000000, 1.000000000000000000 ) ) ;
#7856 = CARTESIAN_POINT ( 'NONE',  ( -426.5493311088920336, 4.544316436061510700, 19.57651407055089976 ) ) ;
#7857 = ADVANCED_FACE ( 'NONE', ( #7454 ), #1615, .F. ) ;
#7858 = AXIS2_PLACEMENT_3D ( 'NONE', #4818, #384, #3275 ) ;
#7859 = CARTESIAN_POINT ( 'NONE',  ( -308.6906568940713669, 5.118411189682639417, 19.27962515578906633 ) ) ;
#7860 = DIRECTION ( 'NONE',  ( -1.000000000000000000, 0.000000000000000000, -1.278217298088173739E-16 ) ) ;
#7861 = CARTESIAN_POINT ( 'NONE',  ( -267.6023976767530712, 4.799337897231787942, 19.45768888869955049 ) ) ;
#7862 = VERTEX_POINT ( 'NONE', #5937 ) ;
#7863 = CARTESIAN_POINT ( 'NONE',  ( -306.1542441566582511, 4.783366251787010803, -169.1088376623529257 ) ) ;
#7864 = ORIENTED_EDGE ( 'NONE', *, *, #6811, .T. ) ;
#7865 = CYLINDRICAL_SURFACE ( 'NONE', #4878, 1.000000000000000888 ) ;
#7866 = LINE ( 'NONE', #102, #5746 ) ;
#7867 = CYLINDRICAL_SURFACE ( 'NONE', #8067, 1.150000000000012124 ) ;
#7868 = LINE ( 'NONE', #6997, #7614 ) ;
#7869 = ADVANCED_FACE ( 'NONE', ( #3745 ), #4721, .F. ) ;
#7870 = CARTESIAN_POINT ( 'NONE',  ( -307.8459675937750717, 5.324007913114983559, 18.13022991715110876 ) ) ;
#7871 = CARTESIAN_POINT ( 'NONE',  ( -246.8556549163562579, 1.945241843686122740, -95.37369079162495211 ) ) ;
#7872 = VERTEX_POINT ( 'NONE', #5473 ) ;
#7873 = ORIENTED_EDGE ( 'NONE', *, *, #6841, .F. ) ;
#7874 = EDGE_CURVE ( 'NONE', #4914, #3040, #709, .T. ) ;
#7875 = ORIENTED_EDGE ( 'NONE', *, *, #3757, .T. ) ;
#7876 = DIRECTION ( 'NONE',  ( -1.000000000000000000, -0.000000000000000000, -2.921639538487254261E-16 ) ) ;
#7877 = CARTESIAN_POINT ( 'NONE',  ( -406.3000104555044913, 3.698795873745365892, -170.2053751441384293 ) ) ;
#7878 = CARTESIAN_POINT ( 'NONE',  ( -308.8556549163546379, 5.499999999999960920, -168.3749310443081413 ) ) ;
#7879 = DIRECTION ( 'NONE',  ( 0.000000000000000000, -1.000000000000000000, 0.000000000000000000 ) ) ;
#7880 = ORIENTED_EDGE ( 'NONE', *, *, #8983, .T. ) ;
#7881 = FACE_OUTER_BOUND ( 'NONE', #2103, .T. ) ;
#7882 = CARTESIAN_POINT ( 'NONE',  ( -285.2120305543443237, 4.691125519188145354, 19.45532923085625043 ) ) ;
#7883 = LINE ( 'NONE', #3612, #561 ) ;
#7884 = VERTEX_POINT ( 'NONE', #5651 ) ;
#7885 = DIRECTION ( 'NONE',  ( 0.000000000000000000, -1.000000000000000000, 0.000000000000000000 ) ) ;
#7886 = EDGE_CURVE ( 'NONE', #8288, #2432, #1405, .T. ) ;
#7887 = CARTESIAN_POINT ( 'NONE',  ( -365.8275480452114152, 5.301471067487190325, 19.20178546511877471 ) ) ;
#7888 = DIRECTION ( 'NONE',  ( 2.921639538487254261E-16, -0.000000000000000000, -1.000000000000000000 ) ) ;
#7889 = CIRCLE ( 'NONE', #9093, 1.000000000000000444 ) ;
#7890 = EDGE_CURVE ( 'NONE', #8928, #2580, #6211, .T. ) ;
#7891 = CARTESIAN_POINT ( 'NONE',  ( -424.8645148557371840, 5.848454817158821761, -169.3652734148521404 ) ) ;
#7892 = DIRECTION ( 'NONE',  ( 0.000000000000000000, 0.000000000000000000, -1.000000000000000000 ) ) ;
#7893 = CARTESIAN_POINT ( 'NONE',  ( -445.8556549163562863, 3.750000000000000000, -150.0024320451088897 ) ) ;
#7894 = CARTESIAN_POINT ( 'NONE',  ( -325.8653422389341472, 5.324007913114982671, -168.6350940073689344 ) ) ;
#7895 = DIRECTION ( 'NONE',  ( -1.000000000000000000, 0.000000000000000000, 0.000000000000000000 ) ) ;
#7896 = CARTESIAN_POINT ( 'NONE',  ( -327.7729944729222780, 5.097004927023129461, -168.8784084923340174 ) ) ;
#7897 = EDGE_CURVE ( 'NONE', #2423, #6894, #6118, .T. ) ;
#7898 = CARTESIAN_POINT ( 'NONE',  ( -286.2379236663686584, 3.739288344263323349, -170.1976875133409237 ) ) ;
#7899 = DIRECTION ( 'NONE',  ( 1.000000000000000000, 0.000000000000000000, 0.000000000000000000 ) ) ;
#7900 = FACE_OUTER_BOUND ( 'NONE', #1688, .T. ) ;
#7901 = CARTESIAN_POINT ( 'NONE',  ( -287.8315431898163297, 5.274054342412577867, -168.6910333621777056 ) ) ;
#7902 = ORIENTED_EDGE ( 'NONE', *, *, #568, .F. ) ;
#7903 = CARTESIAN_POINT ( 'NONE',  ( -288.8556549163546379, 5.877829809576795128, -169.3534503254485060 ) ) ;
#7904 = EDGE_CURVE ( 'NONE', #4931, #2265, #8277, .T. ) ;
#7905 = CARTESIAN_POINT ( 'NONE',  ( -267.8162274172789807, 5.215001926882360195, 18.25363391293052828 ) ) ;
#7906 = ORIENTED_EDGE ( 'NONE', *, *, #5491, .T. ) ;
#7907 = CARTESIAN_POINT ( 'NONE',  ( -267.7259361524282326, 5.003640207569657328, -168.9595324046023848 ) ) ;
#7908 = VERTEX_POINT ( 'NONE', #8197 ) ;
#7909 = CARTESIAN_POINT ( 'NONE',  ( -427.3780496486144216, 4.643806473694051640, 18.66990609846162030 ) ) ;
#7910 = CARTESIAN_POINT ( 'NONE',  ( -246.8556549163562579, 6.184658438426472671, -175.2524320451088897 ) ) ;
#7911 = DIRECTION ( 'NONE',  ( -1.000000000000000000, 0.000000000000000000, 0.000000000000000000 ) ) ;
#7912 = CARTESIAN_POINT ( 'NONE',  ( -266.0736626820215065, 4.873062145400256284, -169.0547937578537301 ) ) ;
#7913 = CARTESIAN_POINT ( 'NONE',  ( -327.2406072713883987, 4.573837122825717749, -169.2002916657260130 ) ) ;
#7914 = CARTESIAN_POINT ( 'NONE',  ( -248.5591168710087686, 2.496690803121946356, -95.18767617748190446 ) ) ;
#7915 = ORIENTED_EDGE ( 'NONE', *, *, #681, .F. ) ;
#7916 = ORIENTED_EDGE ( 'NONE', *, *, #7761, .F. ) ;
#7917 = EDGE_LOOP ( 'NONE', ( #5883, #1136, #1591, #3744 ) ) ;
#7918 = EDGE_CURVE ( 'NONE', #5801, #508, #746, .T. ) ;
#7919 = CARTESIAN_POINT ( 'NONE',  ( -248.2402703009716163, 4.281686611218325389, -57.25243204510889683 ) ) ;
#7920 = CIRCLE ( 'NONE', #9125, 4.000000000000000000 ) ;
#7921 = CARTESIAN_POINT ( 'NONE',  ( -405.8556549163546379, 5.500000000000000888, 19.74756795489107475 ) ) ;
#7922 = CARTESIAN_POINT ( 'NONE',  ( -366.8556549163546379, 4.500000000000000888, -169.2210590117058189 ) ) ;
#7923 = CARTESIAN_POINT ( 'NONE',  ( -306.8556549163546379, 4.500000000000000888, 18.71619492148795771 ) ) ;
#7924 =( BOUNDED_SURFACE ( )  B_SPLINE_SURFACE ( 3, 2, ( 
 ( #7113, #696, #7201 ),
 ( #740, #5682, #5033 ),
 ( #4417, #8512, #172 ),
 ( #9217, #3673, #831 ),
 ( #2185, #8610, #3625 ),
 ( #2232, #3540, #878 ),
 ( #1492, #7805, #2976 ),
 ( #4324, #2837, #3582 ),
 ( #5820, #7991, #1447 ),
 ( #4281, #6418, #42 ),
 ( #7152, #2879, #2325 ),
 ( #783, #6463, #7067 ),
 ( #5078, #85, #7896 ),
 ( #6556, #1533, #4367 ),
 ( #8655, #2276, #1629 ),
 ( #5119, #7944, #1580 ),
 ( #7258, #3019, #5860 ),
 ( #3895, #6645, #8171 ) ),
 .UNSPECIFIED., .F., .F., .F. ) 
 B_SPLINE_SURFACE_WITH_KNOTS ( ( 4, 2, 2, 2, 2, 2, 2, 2, 4 ),
 ( 3, 3 ),
 ( 0.001323912745242674001, 0.001737514085360025587, 0.002151115425477377174, 0.002564716765594728977, 0.002978318105712080346, 0.003391919445829431716, 0.003805520785946783519, 0.004219122126064135322, 0.004632723466181486692 ),
 ( 0.000000000000000000, 1.000000000000000000 ),
 .UNSPECIFIED. ) 
 GEOMETRIC_REPRESENTATION_ITEM ( )  RATIONAL_B_SPLINE_SURFACE ( (
 ( 1.000000000000000000, 0.7500000000000004441, 1.000000000000000000),
 ( 1.000000000000000000, 0.7499939426364400363, 1.000000000000000000),
 ( 1.000000000000000000, 0.7509329894117531268, 1.000000000000000000),
 ( 1.000000000000000000, 0.7542720948107357604, 1.000000000000000000),
 ( 1.000000000000000000, 0.7567167381700169448, 1.000000000000000000),
 ( 1.000000000000000000, 0.7620345134622171779, 1.000000000000000000),
 ( 1.000000000000000000, 0.7649009816754760438, 1.000000000000000000),
 ( 1.000000000000000000, 0.7698131873218488908, 1.000000000000000000),
 ( 1.000000000000000000, 0.7718027581240406443, 1.000000000000000000),
 ( 1.000000000000000000, 0.7734778044122733176, 1.000000000000000000),
 ( 1.000000000000000000, 0.7731701811039010108, 1.000000000000000000),
 ( 1.000000000000000000, 0.7692320002426856762, 1.000000000000000000),
 ( 1.000000000000000000, 0.7656548337060511411, 1.000000000000000000),
 ( 1.000000000000000000, 0.7548043090978100444, 1.000000000000000000),
 ( 1.000000000000000000, 0.7474974637466318406, 1.000000000000000000),
 ( 1.000000000000000000, 0.7297066597614478844, 1.000000000000000000),
 ( 1.000000000000000000, 0.7191618347197721306, 1.000000000000000000),
 ( 1.000000000000000000, 0.7071067811865511255, 1.000000000000000000) ) ) 
 REPRESENTATION_ITEM ( '' )  SURFACE ( )  );
#7925 = EDGE_LOOP ( 'NONE', ( #11, #6470, #2458, #8275 ) ) ;
#7926 = DIRECTION ( 'NONE',  ( -1.000000000000000000, 0.000000000000000000, 0.000000000000000000 ) ) ;
#7927 = CARTESIAN_POINT ( 'NONE',  ( -286.8556549163545810, 4.500000000000000888, 19.59811202517615314 ) ) ;
#7928 = CARTESIAN_POINT ( 'NONE',  ( -367.4735974467517963, 3.739460732190676318, -170.1976603761552838 ) ) ;
#7929 = ORIENTED_EDGE ( 'NONE', *, *, #2302, .F. ) ;
#7930 = DIRECTION ( 'NONE',  ( -1.000000000000000000, -0.000000000000000000, -0.000000000000000000 ) ) ;
#7931 = ORIENTED_EDGE ( 'NONE', *, *, #917, .T. ) ;
#7932 = CARTESIAN_POINT ( 'NONE',  ( -345.8556549163546379, 5.500000000000000888, 17.87006695409030144 ) ) ;
#7933 = AXIS2_PLACEMENT_3D ( 'NONE', #7389, #7299, #8078 ) ;
#7934 = DIRECTION ( 'NONE',  ( -1.000000000000000000, -0.000000000000000000, -0.000000000000000000 ) ) ;
#7935 = AXIS2_PLACEMENT_3D ( 'NONE', #7232, #4040, #4644 ) ;
#7936 = CARTESIAN_POINT ( 'NONE',  ( -425.9453488993511314, 5.030307165849416506, -169.8492616367375661 ) ) ;
#7937 = DIRECTION ( 'NONE',  ( 0.000000000000000000, 0.000000000000000000, 1.000000000000000000 ) ) ;
#7938 = EDGE_CURVE ( 'NONE', #3131, #1513, #2793, .T. ) ;
#7939 = AXIS2_PLACEMENT_3D ( 'NONE', #7308, #931, #3770 ) ;
#7940 = CARTESIAN_POINT ( 'NONE',  ( -326.2680756768924084, 4.687416699501572914, -169.1568460911446152 ) ) ;
#7941 = FACE_OUTER_BOUND ( 'NONE', #91, .T. ) ;
#7942 = EDGE_CURVE ( 'NONE', #4915, #7973, #8297, .T. ) ;
#7943 = AXIS2_PLACEMENT_3D ( 'NONE', #7148, #2132, #7849 ) ;
#7944 = CARTESIAN_POINT ( 'NONE',  ( -327.9124047648169835, 5.918887576270607020, -169.3146843188903858 ) ) ;
#7945 = CIRCLE ( 'NONE', #8847, 1.150000000000012124 ) ;
#7946 = CARTESIAN_POINT ( 'NONE',  ( -407.5458030052795948, 4.773209397924164321, -169.1145156408490777 ) ) ;
#7947 = DIRECTION ( 'NONE',  ( -1.000000000000000000, 0.000000000000000000, 0.000000000000000000 ) ) ;
#7948 = CARTESIAN_POINT ( 'NONE',  ( -346.6960120101808229, 3.625000000000000444, -170.2132157533550867 ) ) ;
#7949 = CARTESIAN_POINT ( 'NONE',  ( -287.8556549163546379, 5.499999999999991118, 17.87006695409028723 ) ) ;
#7950 = CARTESIAN_POINT ( 'NONE',  ( -288.8467603921963018, 5.847915706122385870, -169.3656593597661981 ) ) ;
#7951 = ORIENTED_EDGE ( 'NONE', *, *, #5156, .T. ) ;
#7952 = CARTESIAN_POINT ( 'NONE',  ( -287.6193619629652289, 3.807091139239944244, -170.1875765360216803 ) ) ;
#7953 = CARTESIAN_POINT ( 'NONE',  ( -288.7192465032959490, 5.206273164145589050, 19.23712735037164734 ) ) ;
#7954 = ORIENTED_EDGE ( 'NONE', *, *, #6918, .T. ) ;
#7955 = EDGE_CURVE ( 'NONE', #1145, #7438, #436, .T. ) ;
#7956 = CARTESIAN_POINT ( 'NONE',  ( -306.6968085463534521, 4.500000000000000888, -169.2210590117057905 ) ) ;
#7957 = ORIENTED_EDGE ( 'NONE', *, *, #8570, .F. ) ;
#7958 = CIRCLE ( 'NONE', #6769, 4.000000000000000000 ) ;
#7959 = VECTOR ( 'NONE', #3273, 1000.000000000000000 ) ;
#7960 = CARTESIAN_POINT ( 'NONE',  ( -445.8556549163562863, 7.000000000000000000, 78.00000000000000000 ) ) ;
#7961 = DIRECTION ( 'NONE',  ( -1.000000000000000000, -0.000000000000000000, -2.921639538487254261E-16 ) ) ;
#7962 = CARTESIAN_POINT ( 'NONE',  ( -287.6064897249923433, 4.835820077882198476, 18.57392088924700957 ) ) ;
#7963 = CARTESIAN_POINT ( 'NONE',  ( -307.6064897249924570, 4.835820077882198476, 18.57392088924700957 ) ) ;
#7964 = CARTESIAN_POINT ( 'NONE',  ( -248.3228556887985405, 3.636952575366341200, -94.66624810068240947 ) ) ;
#7965 = ORIENTED_EDGE ( 'NONE', *, *, #63, .T. ) ;
#7966 = ORIENTED_EDGE ( 'NONE', *, *, #8888, .F. ) ;
#7967 = ORIENTED_EDGE ( 'NONE', *, *, #2550, .F. ) ;
#7968 = LINE ( 'NONE', #7921, #7367 ) ;
#7969 = CARTESIAN_POINT ( 'NONE',  ( -368.8556549163546379, 7.000000000000000000, 19.74756795489107475 ) ) ;
#7970 = AXIS2_PLACEMENT_3D ( 'NONE', #5666, #7046, #674 ) ;
#7971 = AXIS2_PLACEMENT_3D ( 'NONE', #2409, #5991, #1053 ) ;
#7972 = CARTESIAN_POINT ( 'NONE',  ( -305.9853736802811568, 5.003640207569636011, 18.45466831438454847 ) ) ;
#7973 = VERTEX_POINT ( 'NONE', #3589 ) ;
#7974 = CARTESIAN_POINT ( 'NONE',  ( -284.8645148557371840, 5.848454817158821761, -169.3652734148521404 ) ) ;
#7975 = EDGE_CURVE ( 'NONE', #907, #6910, #4786, .T. ) ;
#7976 = CARTESIAN_POINT ( 'NONE',  ( -442.8556549163562295, 3.750000000000000000, -72.00243204510887551 ) ) ;
#7977 = CARTESIAN_POINT ( 'NONE',  ( -368.5565095793086243, 4.800895434974115084, -169.9191317973535433 ) ) ;
#7978 = ORIENTED_EDGE ( 'NONE', *, *, #8483, .F. ) ;
#7979 = DIRECTION ( 'NONE',  ( -1.000000000000000000, -0.000000000000000000, -0.000000000000000000 ) ) ;
#7980 = AXIS2_PLACEMENT_3D ( 'NONE', #7486, #5925, #8763 ) ;
#7981 = ORIENTED_EDGE ( 'NONE', *, *, #6874, .F. ) ;
#7982 = VECTOR ( 'NONE', #2934, 1000.000000000000000 ) ;
#7983 = CARTESIAN_POINT ( 'NONE',  ( -246.8556549163562295, 5.674792800363248624, -55.32549072352587416 ) ) ;
#7984 = CARTESIAN_POINT ( 'NONE',  ( -368.8467949769759002, 5.848454817159438157, 18.86040932463387776 ) ) ;
#7985 = CARTESIAN_POINT ( 'NONE',  ( -426.7179920740176726, 4.500000000000000888, -169.2210590106588768 ) ) ;
#7986 = AXIS2_PLACEMENT_3D ( 'NONE', #4540, #6720, #1084 ) ;
#7987 = DIRECTION ( 'NONE',  ( 0.000000000000000000, 0.000000000000000000, 1.000000000000000000 ) ) ;
#7988 = CIRCLE ( 'NONE', #8283, 1.000000000000000888 ) ;
#7989 = DIRECTION ( 'NONE',  ( 1.000000000000000000, 0.000000000000000000, 2.921639538487254261E-16 ) ) ;
#7990 = CARTESIAN_POINT ( 'NONE',  ( -266.8556549163545810, 4.500000000000000888, -169.2210590117058189 ) ) ;
#7991 = CARTESIAN_POINT ( 'NONE',  ( -327.6565166143253691, 4.875924695994235059, -169.9249766519569391 ) ) ;
#7992 = ADVANCED_FACE ( 'NONE', ( #4289 ), #3384, .F. ) ;
#7993 = CARTESIAN_POINT ( 'NONE',  ( -366.8556549163546379, 4.500000000000000888, 18.71619492148794706 ) ) ;
#7994 = CARTESIAN_POINT ( 'NONE',  ( -365.8556549163546379, 4.500000000000000888, 19.74756795489107475 ) ) ;
#7995 = DIRECTION ( 'NONE',  ( -1.000000000000000000, -0.000000000000000000, -2.921639538487254261E-16 ) ) ;
#7996 = CARTESIAN_POINT ( 'NONE',  ( -287.7458156832533973, 5.039695888600613571, 18.42452116067955004 ) ) ;
#7997 = DIRECTION ( 'NONE',  ( 0.000000000000000000, 1.000000000000000000, -0.000000000000000000 ) ) ;
#7998 = ORIENTED_EDGE ( 'NONE', *, *, #3298, .T. ) ;
#7999 = DIRECTION ( 'NONE',  ( -0.000000000000000000, -0.7806247497998088924, 0.6249999999999886757 ) ) ;
#8000 = FACE_OUTER_BOUND ( 'NONE', #2481, .T. ) ;
#8001 = CARTESIAN_POINT ( 'NONE',  ( -267.4428557303486969, 4.687071811803892984, -169.1570276738594316 ) ) ;
#8002 = EDGE_LOOP ( 'NONE', ( #4627, #4762, #5656 ) ) ;
#8003 = PRODUCT_DEFINITION_SHAPE ( 'NONE', 'NONE',  #8768 ) ;
#8004 = B_SPLINE_CURVE_WITH_KNOTS ( 'NONE', 3,
 ( #2002, #4853, #6980, #4147, #3451, #6287, #9124, #2748, #2925, #8695, #5728, #2138, #4985, #3718, #6513, #8560 ),
 .UNSPECIFIED., .F., .F.,
 ( 4, 2, 2, 2, 2, 2, 2, 4 ),
 ( 0.000000000000000000, 0.0004712969428269022255, 0.0009425938856538044509, 0.001413890828480705809, 0.001885187771307607601, 0.002356484714134509176, 0.002827781656961410317, 0.003770375542615213467 ),
 .UNSPECIFIED. ) ;
#8005 = EDGE_CURVE ( 'NONE', #143, #7862, #2345, .T. ) ;
#8006 = CARTESIAN_POINT ( 'NONE',  ( -268.8556549163546379, 3.000000000000000000, -165.2524320451089181 ) ) ;
#8007 = DIRECTION ( 'NONE',  ( 0.000000000000000000, 1.170938346284343684E-14, -1.000000000000000000 ) ) ;
#8008 = CARTESIAN_POINT ( 'NONE',  ( -287.8556549163546379, 3.000000000000000000, -165.2524320451089181 ) ) ;
#8009 = DIRECTION ( 'NONE',  ( -0.000000000000000000, 0.7806247497998098916, 0.6249999999999875655 ) ) ;
#8010 = CARTESIAN_POINT ( 'NONE',  ( -246.8556549163602938, 3.108674832290769796, -95.36611016584049594 ) ) ;
#8011 = ORIENTED_EDGE ( 'NONE', *, *, #2788, .F. ) ;
#8012 = ORIENTED_EDGE ( 'NONE', *, *, #5169, .T. ) ;
#8013 = ORIENTED_EDGE ( 'NONE', *, *, #8920, .T. ) ;
#8014 = ADVANCED_FACE ( 'NONE', ( #4673 ), #6810, .F. ) ;
#8015 = CARTESIAN_POINT ( 'NONE',  ( -405.0753333789934345, 4.974239720232511708, -169.8486235559576585 ) ) ;
#8016 = DIRECTION ( 'NONE',  ( -2.921639538487254261E-16, 0.000000000000000000, 1.000000000000000000 ) ) ;
#8017 = CARTESIAN_POINT ( 'NONE',  ( -306.1534622811191753, 4.784051302019449281, 18.60362175716054622 ) ) ;
#8018 = VERTEX_POINT ( 'NONE', #6471 ) ;
#8019 = CARTESIAN_POINT ( 'NONE',  ( -404.8556549163545810, 8.000000000000000000, -165.2524320451089181 ) ) ;
#8020 = CARTESIAN_POINT ( 'NONE',  ( -284.9038783738810139, 5.560135856430376222, 19.04581960036742316 ) ) ;
#8021 = CARTESIAN_POINT ( 'NONE',  ( -426.6960120101808798, 3.625000000000000444, -170.2132157533550867 ) ) ;
#8022 = EDGE_CURVE ( 'NONE', #7601, #1773, #1498, .T. ) ;
#8023 = EDGE_LOOP ( 'NONE', ( #9062, #9185, #7880, #5884 ) ) ;
#8024 = DIRECTION ( 'NONE',  ( -1.000000000000000000, 0.000000000000000000, -2.921639538487254261E-16 ) ) ;
#8025 = EDGE_LOOP ( 'NONE', ( #2889, #3173, #6368, #3551 ) ) ;
#8026 = CARTESIAN_POINT ( 'NONE',  ( -428.8556549163546379, 7.000000000000000000, 14.74756795489105343 ) ) ;
#8027 = CARTESIAN_POINT ( 'NONE',  ( -326.2377123859574795, 3.739460732190677650, 19.69279628593739062 ) ) ;
#8028 = DIRECTION ( 'NONE',  ( 0.000000000000000000, -1.000000000000000000, 0.000000000000000000 ) ) ;
#8029 = CARTESIAN_POINT ( 'NONE',  ( -408.8556549163546379, 5.499999999999960920, -168.3749310443081413 ) ) ;
#8030 = CARTESIAN_POINT ( 'NONE',  ( -344.8556549163546379, 5.499999999999955591, 17.87006695409030144 ) ) ;
#8031 = CARTESIAN_POINT ( 'NONE',  ( -427.8162274172789807, 5.215001926882359307, 18.25363391293026893 ) ) ;
#8032 = CARTESIAN_POINT ( 'NONE',  ( -347.1619787238171284, 4.544316436059742337, -170.0813781607695034 ) ) ;
#8033 = EDGE_CURVE ( 'NONE', #2693, #1827, #3816, .T. ) ;
#8034 = CARTESIAN_POINT ( 'NONE',  ( -386.0736626820215065, 4.873062145400256284, -169.0547937578537301 ) ) ;
#8035 = CARTESIAN_POINT ( 'NONE',  ( -324.8556549163545810, 3.000000000000000000, 14.74756795489106764 ) ) ;
#8036 = CARTESIAN_POINT ( 'NONE',  ( -425.8556549163546379, 6.124999999999977796, 18.65069170389007169 ) ) ;
#8037 = FACE_OUTER_BOUND ( 'NONE', #8239, .T. ) ;
#8038 = ORIENTED_EDGE ( 'NONE', *, *, #6088, .T. ) ;
#8039 = CARTESIAN_POINT ( 'NONE',  ( -288.8556549163546379, 6.124999999999951150, -169.1555557941079542 ) ) ;
#8040 = CARTESIAN_POINT ( 'NONE',  ( -347.1309806014495507, 3.625000010541184370, 19.70835166180911102 ) ) ;
#8041 = CARTESIAN_POINT ( 'NONE',  ( -285.2259941808363237, 4.666530572644968622, 19.46353966186142159 ) ) ;
#8042 = ORIENTED_EDGE ( 'NONE', *, *, #2248, .T. ) ;
#8043 = CARTESIAN_POINT ( 'NONE',  ( -385.5786175973169065, 4.193287934494549063, 19.60417564810641977 ) ) ;
#8044 = CARTESIAN_POINT ( 'NONE',  ( -388.8556549163546379, 5.499999999999954703, 17.87006695409029433 ) ) ;
#8045 = CARTESIAN_POINT ( 'NONE',  ( -442.8556549163562295, 3.750000000000000000, -150.0024320451088897 ) ) ;
#8046 = CARTESIAN_POINT ( 'NONE',  ( -404.8556549163546379, 3.000000000000000000, 14.74756795489105698 ) ) ;
#8047 = EDGE_CURVE ( 'NONE', #6634, #7353, #3632, .T. ) ;
#8048 = CARTESIAN_POINT ( 'NONE',  ( -388.8556549222436729, 5.988703185082425051, 18.75981649060138068 ) ) ;
#8049 = ORIENTED_EDGE ( 'NONE', *, *, #719, .F. ) ;
#8050 = TOROIDAL_SURFACE ( 'NONE', #1249, 4.000000000000000000, 1.000000000000000000 ) ;
#8051 = ORIENTED_EDGE ( 'NONE', *, *, #8834, .T. ) ;
#8052 = CIRCLE ( 'NONE', #2860, 4.000000000000003553 ) ;
#8053 = EDGE_CURVE ( 'NONE', #8950, #6541, #2332, .T. ) ;
#8054 = ORIENTED_EDGE ( 'NONE', *, *, #304, .T. ) ;
#8055 = CARTESIAN_POINT ( 'NONE',  ( -406.2107894258275564, 4.723855547286908596, -169.1440853282302328 ) ) ;
#8056 = CARTESIAN_POINT ( 'NONE',  ( -328.5565095793085675, 4.800895434974115084, -169.9191317973535433 ) ) ;
#8057 = DIRECTION ( 'NONE',  ( 1.000000000000000000, 0.000000000000000000, 0.000000000000000000 ) ) ;
#8058 = CARTESIAN_POINT ( 'NONE',  ( -385.1548002534006514, 4.800895434974115972, 19.41426770713570349 ) ) ;
#8059 = CARTESIAN_POINT ( 'NONE',  ( -365.8653458581867994, 5.323809698952779002, 18.13052145899954226 ) ) ;
#8060 = ORIENTED_EDGE ( 'NONE', *, *, #5428, .T. ) ;
#8061 = CARTESIAN_POINT ( 'NONE',  ( -406.8556549163546379, 5.500000000000000888, -1.247118358630493074E-13 ) ) ;
#8062 = CARTESIAN_POINT ( 'NONE',  ( -424.8556549163546379, 7.000000000000000000, 19.74756795489107475 ) ) ;
#8063 = CARTESIAN_POINT ( 'NONE',  ( -425.7051140906761475, 4.072590210801840804, -170.1373539892367148 ) ) ;
#8064 = VERTEX_POINT ( 'NONE', #8617 ) ;
#8065 = CARTESIAN_POINT ( 'NONE',  ( -248.8556549163562295, 0.000000000000000000, -55.25243204510888972 ) ) ;
#8066 = EDGE_CURVE ( 'NONE', #3962, #1164, #7266, .T. ) ;
#8067 = AXIS2_PLACEMENT_3D ( 'NONE', #1911, #7535, #8801 ) ;
#8068 = CIRCLE ( 'NONE', #4213, 1.150000000000012124 ) ;
#8069 = ORIENTED_EDGE ( 'NONE', *, *, #3534, .F. ) ;
#8070 = CARTESIAN_POINT ( 'NONE',  ( -248.2552526007925451, 4.147274653677365031, -56.54733600861801790 ) ) ;
#8071 = DIRECTION ( 'NONE',  ( 1.000000000000000000, 0.000000000000000000, 0.000000000000000000 ) ) ;
#8072 = DIRECTION ( 'NONE',  ( -2.921639538487254261E-16, 0.000000000000000000, 1.000000000000000000 ) ) ;
#8073 = AXIS2_PLACEMENT_3D ( 'NONE', #603, #4899, #7722 ) ;
#8074 = ORIENTED_EDGE ( 'NONE', *, *, #6532, .F. ) ;
#8075 = CARTESIAN_POINT ( 'NONE',  ( -264.8556549163545810, 3.000000000000000000, -165.2524320451089181 ) ) ;
#8076 = CARTESIAN_POINT ( 'NONE',  ( -427.8003840466088832, 5.167696473586352646, -168.8084823262176428 ) ) ;
#8077 = DIRECTION ( 'NONE',  ( -1.000000000000000000, -0.000000000000000000, -0.000000000000000000 ) ) ;
#8078 = DIRECTION ( 'NONE',  ( 0.000000000000000000, 0.000000000000000000, 1.000000000000000000 ) ) ;
#8079 = VECTOR ( 'NONE', #4137, 1000.000000000000000 ) ;
#8080 = CARTESIAN_POINT ( 'NONE',  ( -286.8556549163546379, 3.625000000000000444, 19.70835166313717934 ) ) ;
#8081 = VECTOR ( 'NONE', #9210, 1000.000000000000000 ) ;
#8082 = DIRECTION ( 'NONE',  ( 1.000000000000000000, 0.000000000000000000, 0.000000000000000000 ) ) ;
#8083 = DIRECTION ( 'NONE',  ( -1.000000000000000000, 0.000000000000000000, 0.000000000000000000 ) ) ;
#8084 = CIRCLE ( 'NONE', #511, 5.000000000000000888 ) ;
#8085 = CARTESIAN_POINT ( 'NONE',  ( -404.8556549163546379, 6.124999999999945821, 18.65069170389010011 ) ) ;
#8086 = CARTESIAN_POINT ( 'NONE',  ( -346.2377123859575363, 3.739460732190678094, 19.69279628593739062 ) ) ;
#8087 = CARTESIAN_POINT ( 'NONE',  ( -347.9123179345493782, 5.919283266445240166, 18.80952628309082186 ) ) ;
#8088 = EDGE_CURVE ( 'NONE', #9132, #7099, #1307, .T. ) ;
#8089 = CARTESIAN_POINT ( 'NONE',  ( -305.2916704473142318, 4.557655364776424634, -170.0053841917504371 ) ) ;
#8090 = ORIENTED_EDGE ( 'NONE', *, *, #7472, .T. ) ;
#8091 = VECTOR ( 'NONE', #8323, 1000.000000000000000 ) ;
#8092 = CARTESIAN_POINT ( 'NONE',  ( -408.8556549163546379, 6.124999999999951150, -169.1555557941079542 ) ) ;
#8093 = CARTESIAN_POINT ( 'NONE',  ( -406.8556549163546379, 3.625000000000000444, 19.70835166313716513 ) ) ;
#8094 = DIRECTION ( 'NONE',  ( 0.000000000000000000, 0.000000000000000000, 1.000000000000000000 ) ) ;
#8095 = DIRECTION ( 'NONE',  ( -1.000000000000000000, -0.000000000000000000, -2.921639538487254261E-16 ) ) ;
#8096 = DIRECTION ( 'NONE',  ( 0.000000000000000000, 1.000000000000000000, 0.000000000000000000 ) ) ;
#8097 = ORIENTED_EDGE ( 'NONE', *, *, #6402, .F. ) ;
#8098 = EDGE_LOOP ( 'NONE', ( #2015, #7320, #3313, #8403 ) ) ;
#8099 = ORIENTED_EDGE ( 'NONE', *, *, #3255, .F. ) ;
#8100 = EDGE_CURVE ( 'NONE', #108, #1461, #7388, .T. ) ;
#8101 = LINE ( 'NONE', #7410, #8562 ) ;
#8102 = FACE_OUTER_BOUND ( 'NONE', #6957, .T. ) ;
#8103 = CIRCLE ( 'NONE', #8717, 1.000000000000000888 ) ;
#8104 = CARTESIAN_POINT ( 'NONE',  ( -445.8556549163562863, 0.000000000000000000, -160.2524320451088897 ) ) ;
#8105 = CARTESIAN_POINT ( 'NONE',  ( -307.5934564685708779, 4.807602833728974012, -169.9572802257344790 ) ) ;
#8106 = FACE_OUTER_BOUND ( 'NONE', #999, .T. ) ;
#8107 = ORIENTED_EDGE ( 'NONE', *, *, #2844, .T. ) ;
#8108 = CARTESIAN_POINT ( 'NONE',  ( -386.8556549163546379, 3.625000000000000000, -170.2132157533550298 ) ) ;
#8109 = CARTESIAN_POINT ( 'NONE',  ( -446.8556549163562863, 10.00000000000000000, -170.2524320451088897 ) ) ;
#8110 = AXIS2_PLACEMENT_3D ( 'NONE', #7169, #5052, #6433 ) ;
#8111 = CARTESIAN_POINT ( 'NONE',  ( -426.0931336379928780, 3.806447783934358231, -170.1876835677589099 ) ) ;
#8112 = ORIENTED_EDGE ( 'NONE', *, *, #1473, .T. ) ;
#8113 = ORIENTED_EDGE ( 'NONE', *, *, #7060, .T. ) ;
#8114 = CARTESIAN_POINT ( 'NONE',  ( -442.8556549163562295, 3.750000000000000000, 5.997567954891120046 ) ) ;
#8115 = VECTOR ( 'NONE', #4834, 1000.000000000000000 ) ;
#8116 = DIRECTION ( 'NONE',  ( 1.000000000000000000, 0.000000000000000000, 0.000000000000000000 ) ) ;
#8117 = CARTESIAN_POINT ( 'NONE',  ( -346.8556549163546379, 3.625000000000000444, 19.70835166313717224 ) ) ;
#8118 = ADVANCED_FACE ( 'NONE', ( #1636 ), #6520, .T. ) ;
#8119 = AXIS2_PLACEMENT_3D ( 'NONE', #2337, #5183, #2199 ) ;
#8120 = CARTESIAN_POINT ( 'NONE',  ( -284.8556549163546379, 7.000000000000000000, 14.74756795489107120 ) ) ;
#8121 = CARTESIAN_POINT ( 'NONE',  ( -288.8556549163546379, 6.124999999999951150, -169.1555557941079542 ) ) ;
#8122 = VERTEX_POINT ( 'NONE', #5084 ) ;
#8123 = CARTESIAN_POINT ( 'NONE',  ( -265.8653422389342040, 5.324007913114982671, -168.6350940073689344 ) ) ;
#8124 = AXIS2_PLACEMENT_3D ( 'NONE', #8867, #6764, #3183 ) ;
#8125 = CARTESIAN_POINT ( 'NONE',  ( -348.1326922353961777, 4.193287934497922365, -170.1090397383235597 ) ) ;
#8126 = AXIS2_PLACEMENT_3D ( 'NONE', #371, #6664, #282 ) ;
#8127 = VECTOR ( 'NONE', #7297, 1000.000000000000000 ) ;
#8128 = CARTESIAN_POINT ( 'NONE',  ( -385.8027724493873052, 5.400530990989586222, -169.6508442660141611 ) ) ;
#8129 = DIRECTION ( 'NONE',  ( 0.000000000000000000, -1.000000000000000000, 0.000000000000000000 ) ) ;
#8130 = CARTESIAN_POINT ( 'NONE',  ( -287.1644673079408108, 4.534290388702119756, 19.58102888319265134 ) ) ;
#8131 = CARTESIAN_POINT ( 'NONE',  ( -306.9933177586864872, 4.500000000000003553, 18.71619492043911137 ) ) ;
#8132 = CARTESIAN_POINT ( 'NONE',  ( -406.8556549163546947, 3.625000000000000444, 19.70835166313716513 ) ) ;
#8133 = CARTESIAN_POINT ( 'NONE',  ( -348.1453858966529538, 4.184638865657229090, 19.61213454737418616 ) ) ;
#8134 = FACE_OUTER_BOUND ( 'NONE', #2960, .T. ) ;
#8135 = ORIENTED_EDGE ( 'NONE', *, *, #2561, .T. ) ;
#8136 = TOROIDAL_SURFACE ( 'NONE', #5781, 4.000000000000000000, 1.000000000000000000 ) ;
#8137 = B_SPLINE_CURVE_WITH_KNOTS ( 'NONE', 3,
 ( #3319, #6158, #5513, #2623, #9052, #4624, #7450, #8954, #6899, #9001, #8340, #1079, #5468, #8293, #3918, #1970 ),
 .UNSPECIFIED., .F., .F.,
 ( 4, 2, 2, 2, 2, 2, 2, 4 ),
 ( 0.000000000000000000, 0.0004705481978799543334, 0.0007058222968199306599, 0.0009410963957599070406, 0.001176370494699883421, 0.001411644593639859585, 0.001646918692579835966, 0.001882192791519812346 ),
 .UNSPECIFIED. ) ;
#8138 = EDGE_CURVE ( 'NONE', #4155, #3501, #5625, .T. ) ;
#8139 = CARTESIAN_POINT ( 'NONE',  ( -407.0150539045997675, 3.624999999999968914, -170.2132157533550298 ) ) ;
#8140 = CARTESIAN_POINT ( 'NONE',  ( -436.8556549163562295, 3.000000000000000000, 14.74756795489104455 ) ) ;
#8141 = FACE_OUTER_BOUND ( 'NONE', #911, .T. ) ;
#8142 = LINE ( 'NONE', #1646, #5008 ) ;
#8143 = CARTESIAN_POINT ( 'NONE',  ( -387.8556549163546379, 5.445482461464618673, 17.95736487927648994 ) ) ;
#8144 = ORIENTED_EDGE ( 'NONE', *, *, #5465, .T. ) ;
#8145 = ORIENTED_EDGE ( 'NONE', *, *, #5338, .F. ) ;
#8146 = ORIENTED_EDGE ( 'NONE', *, *, #8159, .F. ) ;
#8147 = AXIS2_PLACEMENT_3D ( 'NONE', #3627, #4423, #135 ) ;
#8148 = EDGE_CURVE ( 'NONE', #8630, #8190, #3564, .T. ) ;
#8149 = DIRECTION ( 'NONE',  ( -1.000000000000000000, 0.000000000000000000, 0.000000000000000000 ) ) ;
#8150 = CARTESIAN_POINT ( 'NONE',  ( -405.8556549163546379, 5.500000000000000888, 17.87006695409029078 ) ) ;
#8151 = CYLINDRICAL_SURFACE ( 'NONE', #1952, 1.150000000000012124 ) ;
#8152 = CARTESIAN_POINT ( 'NONE',  ( -285.9109257861002220, 5.167696473586342876, 18.30361823599984206 ) ) ;
#8153 = PLANE ( 'NONE',  #6323 ) ;
#8154 = ORIENTED_EDGE ( 'NONE', *, *, #8888, .T. ) ;
#8155 = FACE_OUTER_BOUND ( 'NONE', #9187, .T. ) ;
#8156 = FACE_BOUND ( 'NONE', #4407, .T. ) ;
#8157 = DIRECTION ( 'NONE',  ( 0.000000000000000000, 0.000000000000000000, 1.000000000000000000 ) ) ;
#8158 = ORIENTED_EDGE ( 'NONE', *, *, #7560, .T. ) ;
#8159 = EDGE_CURVE ( 'NONE', #141, #1193, #8581, .T. ) ;
#8160 = VERTEX_POINT ( 'NONE', #930 ) ;
#8161 = CARTESIAN_POINT ( 'NONE',  ( -388.5572270252096700, 4.802408741466615005, 19.41366632066187492 ) ) ;
#8162 = DIRECTION ( 'NONE',  ( -2.921639538487254261E-16, 0.000000000000000000, 1.000000000000000000 ) ) ;
#8163 = DIRECTION ( 'NONE',  ( -1.000000000000000000, -0.000000000000000000, -0.000000000000000000 ) ) ;
#8164 = CARTESIAN_POINT ( 'NONE',  ( -427.3868111759327917, 4.645770204743610243, -170.0332380380713460 ) ) ;
#8165 = EDGE_LOOP ( 'NONE', ( #5901, #6276, #5369, #2757 ) ) ;
#8166 = CARTESIAN_POINT ( 'NONE',  ( -367.7800760629614274, 5.113725464068129334, -168.8621966657040616 ) ) ;
#8167 = CARTESIAN_POINT ( 'NONE',  ( -250.8556549163562011, 6.099999999999999645, -173.3524320451088840 ) ) ;
#8168 = ORIENTED_EDGE ( 'NONE', *, *, #2370, .F. ) ;
#8169 = EDGE_CURVE ( 'NONE', #5203, #9004, #2192, .T. ) ;
#8170 = CARTESIAN_POINT ( 'NONE',  ( -427.8131617712234629, 5.118084154113255124, 19.30004661927853249 ) ) ;
#8171 = CARTESIAN_POINT ( 'NONE',  ( -327.8556549163545810, 5.499999999999984013, -168.3749310443081413 ) ) ;
#8172 = FACE_OUTER_BOUND ( 'NONE', #4730, .T. ) ;
#8173 = EDGE_CURVE ( 'NONE', #8631, #2105, #8754, .T. ) ;
#8174 = CARTESIAN_POINT ( 'NONE',  ( -346.6968085463536227, 4.500000000000002665, -169.2210590117058473 ) ) ;
#8175 = CYLINDRICAL_SURFACE ( 'NONE', #3910, 2.000000000000001776 ) ;
#8176 = DIRECTION ( 'NONE',  ( -1.000000000000000000, -0.000000000000000000, -2.921639538487254261E-16 ) ) ;
#8177 = CARTESIAN_POINT ( 'NONE',  ( -407.1644673079408676, 4.534290388702123309, 19.58102888319215040 ) ) ;
#8178 = CARTESIAN_POINT ( 'NONE',  ( -347.3857927667284002, 4.640946051867747890, 18.67203221619958953 ) ) ;
#8179 = CARTESIAN_POINT ( 'NONE',  ( -286.2377123859575363, 3.739460732190678094, 19.69279628593739773 ) ) ;
#8180 = EDGE_LOOP ( 'NONE', ( #6768, #3903, #8090, #6081 ) ) ;
#8181 = ADVANCED_FACE ( 'NONE', ( #7350 ), #5217, .T. ) ;
#8182 = CARTESIAN_POINT ( 'NONE',  ( -386.1743829770999241, 3.768189216954911380, 19.68870928488160033 ) ) ;
#8183 = EDGE_CURVE ( 'NONE', #3198, #3650, #92, .T. ) ;
#8184 = CARTESIAN_POINT ( 'NONE',  ( -406.8556549163546379, 4.500000000000000888, 18.71619492148794350 ) ) ;
#8185 = CARTESIAN_POINT ( 'NONE',  ( -250.8556549163562011, 1.000000000000000000, -171.2524320451088897 ) ) ;
#8186 = DIRECTION ( 'NONE',  ( -1.000000000000000000, -0.000000000000000000, -2.921639538487254261E-16 ) ) ;
#8187 = CARTESIAN_POINT ( 'NONE',  ( -388.8076187213024468, 5.561221672467599575, 19.04516059758639202 ) ) ;
#8188 = ORIENTED_EDGE ( 'NONE', *, *, #7425, .T. ) ;
#8189 = ORIENTED_EDGE ( 'NONE', *, *, #6356, .F. ) ;
#8190 = VERTEX_POINT ( 'NONE', #8940 ) ;
#8191 = DIRECTION ( 'NONE',  ( 0.000000000000000000, 0.000000000000000000, -1.000000000000000000 ) ) ;
#8192 = CARTESIAN_POINT ( 'NONE',  ( -346.7779828394989750, 4.500000003626994705, 19.59811202338650915 ) ) ;
#8193 = FACE_OUTER_BOUND ( 'NONE', #374, .T. ) ;
#8194 = CARTESIAN_POINT ( 'NONE',  ( -308.4992792783649520, 4.691125519188566351, -169.9601933210739162 ) ) ;
#8195 = CARTESIAN_POINT ( 'NONE',  ( -366.8556549163546379, 4.500000000000000888, 18.71619492148794706 ) ) ;
#8196 = ORIENTED_EDGE ( 'NONE', *, *, #8785, .T. ) ;
#8197 = CARTESIAN_POINT ( 'NONE',  ( -436.8556549163562295, 8.000000000000000000, 14.74756795489105343 ) ) ;
#8198 = PLANE ( 'NONE',  #7986 ) ;
#8199 = CARTESIAN_POINT ( 'NONE',  ( -445.8556549163562863, 0.000000000000000000, 0.000000000000000000 ) ) ;
#8200 = ORIENTED_EDGE ( 'NONE', *, *, #8469, .T. ) ;
#8201 = EDGE_CURVE ( 'NONE', #4952, #5665, #7661, .T. ) ;
#8202 = EDGE_LOOP ( 'NONE', ( #6428, #6790, #62 ) ) ;
#8203 = CARTESIAN_POINT ( 'NONE',  ( -267.3868111759328485, 4.645770204743610243, -170.0332380380713460 ) ) ;
#8204 = CARTESIAN_POINT ( 'NONE',  ( -346.7031920299984336, 4.500000005122825719, -170.1029761128765472 ) ) ;
#8205 = CYLINDRICAL_SURFACE ( 'NONE', #1512, 1.349999999999990097 ) ;
#8206 = DIRECTION ( 'NONE',  ( -1.000000000000000000, -0.000000000000000000, -0.000000000000000000 ) ) ;
#8207 = ORIENTED_EDGE ( 'NONE', *, *, #445, .T. ) ;
#8208 = CARTESIAN_POINT ( 'NONE',  ( 0.000000000000000000, 0.000000000000000000, -55.25243204510888972 ) ) ;
#8209 = CARTESIAN_POINT ( 'NONE',  ( -364.8556549163545810, 7.000000000000000000, -165.2524320451089181 ) ) ;
#8210 = EDGE_LOOP ( 'NONE', ( #7652, #1745, #4026, #1348 ) ) ;
#8211 = VECTOR ( 'NONE', #6038, 1000.000000000000000 ) ;
#8212 = CARTESIAN_POINT ( 'NONE',  ( -406.6968085463533384, 4.500000000000000888, -169.2210590117057905 ) ) ;
#8213 = FACE_OUTER_BOUND ( 'NONE', #2210, .T. ) ;
#8214 = CARTESIAN_POINT ( 'NONE',  ( -424.9921967915281584, 5.205896708463898293, 19.23730042618852565 ) ) ;
#8215 = CYLINDRICAL_SURFACE ( 'NONE', #8227, 1.000000000000000888 ) ;
#8216 = CIRCLE ( 'NONE', #3029, 1.000000000000000888 ) ;
#8217 = ADVANCED_FACE ( 'NONE', ( #5958 ), #6334, .F. ) ;
#8218 = CARTESIAN_POINT ( 'NONE',  ( -385.8796730116316098, 5.274488668813468450, -168.6905061599154863 ) ) ;
#8219 = CARTESIAN_POINT ( 'NONE',  ( -306.8556549163546379, 3.625000000000000000, -170.2132157533550298 ) ) ;
#8220 = ADVANCED_FACE ( 'NONE', ( #4609 ), #5768, .F. ) ;
#8221 = CARTESIAN_POINT ( 'NONE',  ( -287.0131176886567914, 4.509365819018567478, -169.2188268531743347 ) ) ;
#8222 =( BOUNDED_SURFACE ( )  B_SPLINE_SURFACE ( 3, 2, ( 
 ( #8672, #3599, #2297 ),
 ( #899, #7225, #5798 ),
 ( #4443, #2159, #5749 ),
 ( #7316, #941, #802 ),
 ( #7278, #8718, #61 ),
 ( #3646, #2901, #855 ),
 ( #2854, #5881, #6573 ),
 ( #5837, #4389, #5141 ),
 ( #7964, #8582, #189 ),
 ( #2346, #3695, #8628 ),
 ( #5189, #5004, #2206 ),
 ( #7827, #8010, #3780 ),
 ( #17, #2993, #8534 ),
 ( #7914, #2250, #5702 ),
 ( #1467, #4302, #7131 ),
 ( #5053, #7871, #1509 ),
 ( #4342, #6483, #107 ),
 ( #2950, #1552, #6533 ) ),
 .UNSPECIFIED., .F., .F., .F. ) 
 B_SPLINE_SURFACE_WITH_KNOTS ( ( 4, 2, 2, 2, 2, 2, 2, 2, 4 ),
 ( 3, 3 ),
 ( 0.002570143273061023439, 0.003429828132031379970, 0.004289512991001736934, 0.005149197849972093899, 0.006008882708942450863, 0.006868567567912807828, 0.007728252426883163925, 0.008587937285853521757, 0.009447622144823877854 ),
 ( 0.000000000000000000, 1.000000000000000000 ),
 .UNSPECIFIED. ) 
 GEOMETRIC_REPRESENTATION_ITEM ( )  RATIONAL_B_SPLINE_SURFACE ( (
 ( 1.000000000000000000, 0.8086075400626380194, 1.000000000000000000),
 ( 1.000000000000000000, 0.8086046895788295830, 1.000000000000000000),
 ( 1.000000000000000000, 0.8083252995959619991, 1.000000000000000000),
 ( 1.000000000000000000, 0.8071713254356611689, 1.000000000000000000),
 ( 1.000000000000000000, 0.8062832133945384561, 1.000000000000000000),
 ( 1.000000000000000000, 0.8038365881609169650, 1.000000000000000000),
 ( 1.000000000000000000, 0.8022795988069238993, 1.000000000000000000),
 ( 1.000000000000000000, 0.7981971180348746975, 1.000000000000000000),
 ( 1.000000000000000000, 0.7957444712841463819, 1.000000000000000000),
 ( 1.000000000000000000, 0.7895941266926003177, 1.000000000000000000),
 ( 1.000000000000000000, 0.7858529851646951503, 1.000000000000000000),
 ( 1.000000000000000000, 0.7767086560904037373, 1.000000000000000000),
 ( 1.000000000000000000, 0.7712924838386521209, 1.000000000000000000),
 ( 1.000000000000000000, 0.7577469115084999318, 1.000000000000000000),
 ( 1.000000000000000000, 0.7497269812810720691, 1.000000000000000000),
 ( 1.000000000000000000, 0.7305863714130946818, 1.000000000000000000),
 ( 1.000000000000000000, 0.7193740390466095702, 1.000000000000000000),
 ( 1.000000000000000000, 0.7071067811865450192, 1.000000000000000000) ) ) 
 REPRESENTATION_ITEM ( '' )  SURFACE ( )  );
#8223 = CARTESIAN_POINT ( 'NONE',  ( -407.4601476881188091, 4.682572633561749242, 19.51099171489871864 ) ) ;
#8224 = CARTESIAN_POINT ( 'NONE',  ( -426.1042084070909937, 4.836586271791883718, 18.57341617306330406 ) ) ;
#8225 = CARTESIAN_POINT ( 'NONE',  ( -305.8796730116316098, 5.274488668813468450, -168.6905061599154863 ) ) ;
#8226 = ORIENTED_EDGE ( 'NONE', *, *, #8936, .F. ) ;
#8227 = AXIS2_PLACEMENT_3D ( 'NONE', #8317, #1946, #5585 ) ;
#8228 = VECTOR ( 'NONE', #5500, 1000.000000000000000 ) ;
#8229 = CARTESIAN_POINT ( 'NONE',  ( -386.7158142648378316, 3.625000007438336613, 19.70835166220002321 ) ) ;
#8230 = CARTESIAN_POINT ( 'NONE',  ( -405.9657398064161384, 5.039146740864993035, 18.42502082235898442 ) ) ;
#8231 = CARTESIAN_POINT ( 'NONE',  ( -344.8556549163546379, 7.000000000000000000, 14.74756795489106587 ) ) ;
#8232 = CARTESIAN_POINT ( 'NONE',  ( -287.1328832646760816, 3.643135913638819723, -170.2110269203438122 ) ) ;
#8233 = EDGE_CURVE ( 'NONE', #2241, #7457, #2928, .T. ) ;
#8234 = AXIS2_PLACEMENT_3D ( 'NONE', #7585, #8378, #4058 ) ;
#8235 = CARTESIAN_POINT ( 'NONE',  ( -250.8556549163562011, 6.099999999999999645, 20.74756795489111028 ) ) ;
#8236 = VERTEX_POINT ( 'NONE', #4850 ) ;
#8237 = CARTESIAN_POINT ( 'NONE',  ( -436.8556549163562295, 3.000000000000000000, -165.2524320451089181 ) ) ;
#8238 = ORIENTED_EDGE ( 'NONE', *, *, #4550, .F. ) ;
#8239 = EDGE_LOOP ( 'NONE', ( #3749, #9151, #3568, #5982 ) ) ;
#8240 = AXIS2_PLACEMENT_3D ( 'NONE', #9115, #3439, #1843 ) ;
#8241 = DIRECTION ( 'NONE',  ( -1.000000000000000000, 0.000000000000000000, 0.000000000000000000 ) ) ;
#8242 = CARTESIAN_POINT ( 'NONE',  ( -405.8653458581868563, 5.323809698952780778, 18.13052145899953871 ) ) ;
#8243 = CARTESIAN_POINT ( 'NONE',  ( -446.8556549163562863, 0.000000000000000000, -146.2524320451088897 ) ) ;
#8244 = CARTESIAN_POINT ( 'NONE',  ( -306.9333269932106987, 4.500000003626995593, -170.1029761136050524 ) ) ;
#8245 = DIRECTION ( 'NONE',  ( -0.000000000000000000, -0.000000000000000000, 1.000000000000000000 ) ) ;
#8246 = ORIENTED_EDGE ( 'NONE', *, *, #2433, .T. ) ;
#8247 = CARTESIAN_POINT ( 'NONE',  ( -408.7192465032959490, 5.206273164145591714, 19.23712735037163313 ) ) ;
#8248 = DIRECTION ( 'NONE',  ( -0.000000000000000000, 1.000000000000000000, -0.000000000000000000 ) ) ;
#8249 = CARTESIAN_POINT ( 'NONE',  ( -346.8556549163546379, 3.500000000000000000, -169.2210590117058189 ) ) ;
#8250 = ORIENTED_EDGE ( 'NONE', *, *, #2482, .T. ) ;
#8251 = ORIENTED_EDGE ( 'NONE', *, *, #1782, .T. ) ;
#8252 = VECTOR ( 'NONE', #5281, 1000.000000000000000 ) ;
#8253 = CARTESIAN_POINT ( 'NONE',  ( -388.2240949084433623, 4.293400979081426705, 19.57871958445520377 ) ) ;
#8254 = VECTOR ( 'NONE', #3888, 1000.000000000000000 ) ;
#8255 = CARTESIAN_POINT ( 'NONE',  ( -365.8280541903450285, 3.972307589721721488, 19.65283708147275732 ) ) ;
#8256 = EDGE_CURVE ( 'NONE', #9149, #5477, #4145, .T. ) ;
#8257 = AXIS2_PLACEMENT_3D ( 'NONE', #5770, #1664, #6685 ) ;
#8258 = CARTESIAN_POINT ( 'NONE',  ( -427.5369268556093516, 3.768189216954908272, -170.1935733750994757 ) ) ;
#8259 = ORIENTED_EDGE ( 'NONE', *, *, #6464, .T. ) ;
#8260 = DIRECTION ( 'NONE',  ( -1.000000000000000000, 0.000000000000000000, -0.000000000000000000 ) ) ;
#8261 = CARTESIAN_POINT ( 'NONE',  ( -427.1656252369825211, 4.546024630548740397, -169.2085473060919298 ) ) ;
#8262 = ORIENTED_EDGE ( 'NONE', *, *, #2115, .F. ) ;
#8263 = DIRECTION ( 'NONE',  ( -0.000000000000000000, -1.000000000000000000, -0.000000000000000000 ) ) ;
#8264 = CARTESIAN_POINT ( 'NONE',  ( -347.4941735763148927, 4.727315172673871579, -169.1377181951108355 ) ) ;
#8265 = DIRECTION ( 'NONE',  ( 1.000000000000000000, 0.000000000000000000, 0.000000000000000000 ) ) ;
#8266 = CARTESIAN_POINT ( 'NONE',  ( -266.2377123859576500, 3.739460732190678982, 19.69279628593740128 ) ) ;
#8267 = CARTESIAN_POINT ( 'NONE',  ( -386.8556549163545810, 4.500000000000000888, -169.2210590117058189 ) ) ;
#8268 = CARTESIAN_POINT ( 'NONE',  ( -306.2171362563950083, 4.727315172673418608, 18.63285410489466898 ) ) ;
#8269 = CARTESIAN_POINT ( 'NONE',  ( -327.0152978225282254, 3.625000000000000444, 19.70835166313717934 ) ) ;
#8270 = CIRCLE ( 'NONE', #9029, 1.000000000000002665 ) ;
#8271 = CARTESIAN_POINT ( 'NONE',  ( -388.8556549163546379, 7.000000000000000000, 19.74756795489107475 ) ) ;
#8272 = CARTESIAN_POINT ( 'NONE',  ( -344.8845655813711346, 5.613761050926162177, 19.02108699399691361 ) ) ;
#8273 = CARTESIAN_POINT ( 'NONE',  ( -426.3330437580668217, 4.643937170568182005, 18.66985447363968120 ) ) ;
#8274 = CARTESIAN_POINT ( 'NONE',  ( -246.8556549163562863, 2.075948284916659503, -97.24070909338398394 ) ) ;
#8275 = ORIENTED_EDGE ( 'NONE', *, *, #4530, .T. ) ;
#8276 = EDGE_CURVE ( 'NONE', #508, #6999, #647, .T. ) ;
#8277 = CIRCLE ( 'NONE', #2049, 4.000000000000003553 ) ;
#8278 = DIRECTION ( 'NONE',  ( 1.000000000000000000, 0.000000000000000000, 0.000000000000000000 ) ) ;
#8279 = CARTESIAN_POINT ( 'NONE',  ( -346.8556549163545810, 4.500000000000000888, -169.2210590117058189 ) ) ;
#8280 = DIRECTION ( 'NONE',  ( 0.000000000000000000, 0.000000000000000000, 1.000000000000000000 ) ) ;
#8281 = AXIS2_PLACEMENT_3D ( 'NONE', #3923, #6765, #8917 ) ;
#8282 = CARTESIAN_POINT ( 'NONE',  ( -287.3868111759327917, 4.645770204743610243, -170.0332380380713460 ) ) ;
#8283 = AXIS2_PLACEMENT_3D ( 'NONE', #404, #6089, #8930 ) ;
#8284 = CARTESIAN_POINT ( 'NONE',  ( -388.8556549163546379, 6.124999999999960032, -169.1555557941079542 ) ) ;
#8285 = EDGE_LOOP ( 'NONE', ( #164, #3470, #4827, #6710 ) ) ;
#8286 = DIRECTION ( 'NONE',  ( -1.000000000000000000, -0.000000000000000000, -0.000000000000000000 ) ) ;
#8287 = EDGE_LOOP ( 'NONE', ( #5193, #1939, #8807, #7306 ) ) ;
#8288 = VERTEX_POINT ( 'NONE', #4279 ) ;
#8289 = EDGE_CURVE ( 'NONE', #1164, #8719, #2672, .T. ) ;
#8290 = ADVANCED_FACE ( 'NONE', ( #2745 ), #4798, .T. ) ;
#8291 = CARTESIAN_POINT ( 'NONE',  ( -367.8556549163546379, 5.500000000000000888, -168.3749310443081413 ) ) ;
#8292 = DIRECTION ( 'NONE',  ( 1.000000000000000000, 0.000000000000000000, 0.000000000000000000 ) ) ;
#8293 = CARTESIAN_POINT ( 'NONE',  ( -307.0131176886568483, 4.509365819018567478, -169.2188268531743347 ) ) ;
#8294 = CARTESIAN_POINT ( 'NONE',  ( -307.9084018391927771, 5.399915996860762846, -169.6511968241165675 ) ) ;
#8295 = CARTESIAN_POINT ( 'NONE',  ( -287.8556549163546379, 4.500000000000000888, 19.74756795489107475 ) ) ;
#8296 = VERTEX_POINT ( 'NONE', #605 ) ;
#8297 = LINE ( 'NONE', #6423, #854 ) ;
#8298 = CARTESIAN_POINT ( 'NONE',  ( -326.8556549163545810, 4.500000000000000888, 0.000000000000000000 ) ) ;
#8299 = CARTESIAN_POINT ( 'NONE',  ( -248.7635055709586709, 1.814843596775198575, -95.25243204510893236 ) ) ;
#8300 = ORIENTED_EDGE ( 'NONE', *, *, #1504, .T. ) ;
#8301 = AXIS2_PLACEMENT_3D ( 'NONE', #4173, #4832, #5013 ) ;
#8302 = ORIENTED_EDGE ( 'NONE', *, *, #5255, .F. ) ;
#8303 = EDGE_CURVE ( 'NONE', #942, #3940, #6648, .T. ) ;
#8304 = CARTESIAN_POINT ( 'NONE',  ( -424.8556549163545810, 3.000000000000000000, -165.2524320451089181 ) ) ;
#8305 = CARTESIAN_POINT ( 'NONE',  ( -345.8221547833343834, 6.023662094629164798, -169.2366910493328760 ) ) ;
#8306 = CARTESIAN_POINT ( 'NONE',  ( -266.1042084070910505, 4.836586271791882830, 18.57341617306332182 ) ) ;
#8307 = LINE ( 'NONE', #6224, #3261 ) ;
#8308 = CIRCLE ( 'NONE', #6384, 1.000000000000000888 ) ;
#8309 = ADVANCED_FACE ( 'NONE', ( #3352 ), #6285, .T. ) ;
#8310 = ORIENTED_EDGE ( 'NONE', *, *, #9059, .T. ) ;
#8311 = CARTESIAN_POINT ( 'NONE',  ( -368.8556549163546379, 6.124999999999951150, -169.1555557941079542 ) ) ;
#8312 = DIRECTION ( 'NONE',  ( 1.000000000000000000, 0.000000000000000000, 2.921639538487254261E-16 ) ) ;
#8313 = ORIENTED_EDGE ( 'NONE', *, *, #4401, .F. ) ;
#8314 = CARTESIAN_POINT ( 'NONE',  ( -405.3918877210923029, 4.413458803463324642, -170.0503618490929796 ) ) ;
#8315 = CARTESIAN_POINT ( 'NONE',  ( -442.8556549163562295, 3.750000000000000000, 4.847567954891102815 ) ) ;
#8316 = CARTESIAN_POINT ( 'NONE',  ( -288.8556549163546379, 8.000000000000000000, 14.74756795489107120 ) ) ;
#8317 = CARTESIAN_POINT ( 'NONE',  ( -428.8556549163546379, 7.000000000000000000, 19.74756795489107475 ) ) ;
#8318 = CARTESIAN_POINT ( 'NONE',  ( -426.8556549163546379, 3.625000000000000444, 19.70835166313716158 ) ) ;
#8319 = CARTESIAN_POINT ( 'NONE',  ( -305.8797666428928324, 5.274054342412982876, 18.18616927195840915 ) ) ;
#8320 = CARTESIAN_POINT ( 'NONE',  ( -444.8556549163562295, 3.750000000000000000, -70.85243204510886983 ) ) ;
#8321 = LINE ( 'NONE', #3950, #8890 ) ;
#8322 = CARTESIAN_POINT ( 'NONE',  ( -346.8556549163546379, 4.500000000000000888, 18.71619492148795061 ) ) ;
#8323 = DIRECTION ( 'NONE',  ( -1.000000000000000000, -0.000000000000000000, -0.000000000000000000 ) ) ;
#8324 = CARTESIAN_POINT ( 'NONE',  ( -246.8556549163563147, 5.521809953220750522, -95.42186339222742220 ) ) ;
#8325 = ORIENTED_EDGE ( 'NONE', *, *, #1573, .F. ) ;
#8326 = EDGE_CURVE ( 'NONE', #2669, #807, #4659, .T. ) ;
#8327 = LINE ( 'NONE', #5646, #6233 ) ;
#8328 = CARTESIAN_POINT ( 'NONE',  ( -326.3887548692463838, 4.613001498401151146, 18.68153728725017970 ) ) ;
#8329 = CARTESIAN_POINT ( 'NONE',  ( -367.8556549163546379, 7.000000000000000000, -165.2524320451089181 ) ) ;
#8330 = CARTESIAN_POINT ( 'NONE',  ( -405.8556549163546379, 7.000000000000000000, 14.74756795489105698 ) ) ;
#8331 = CARTESIAN_POINT ( 'NONE',  ( -388.6903340270924900, 5.117512316920580062, -169.7849026007241946 ) ) ;
#8332 = ORIENTED_EDGE ( 'NONE', *, *, #8998, .F. ) ;
#8333 = CARTESIAN_POINT ( 'NONE',  ( -306.8556549163546379, 3.625000000000000000, -170.2132157533550298 ) ) ;
#8334 = ORIENTED_EDGE ( 'NONE', *, *, #8148, .F. ) ;
#8335 = VECTOR ( 'NONE', #443, 1000.000000000000000 ) ;
#8336 = ORIENTED_EDGE ( 'NONE', *, *, #1047, .T. ) ;
#8337 = DIRECTION ( 'NONE',  ( -1.000000000000000000, -0.000000000000000000, -2.921639538487254261E-16 ) ) ;
#8338 = ADVANCED_FACE ( 'NONE', ( #4230 ), #4185, .F. ) ;
#8339 = CARTESIAN_POINT ( 'NONE',  ( -345.8029079935204209, 5.399915996860520373, 19.14633273389484458 ) ) ;
#8340 = CARTESIAN_POINT ( 'NONE',  ( -307.3782660746423971, 4.643937170568207762, -169.1747185638574820 ) ) ;
#8341 = CARTESIAN_POINT ( 'NONE',  ( -307.8891740945095421, 6.023604503293417345, -169.2367371627386490 ) ) ;
#8342 = CARTESIAN_POINT ( 'NONE',  ( -367.8839715321789754, 5.302404540044411085, 19.20125495518890446 ) ) ;
#8343 = ORIENTED_EDGE ( 'NONE', *, *, #329, .T. ) ;
#8344 = ADVANCED_FACE ( 'NONE', ( #5680 ), #8509, .F. ) ;
#8345 = CARTESIAN_POINT ( 'NONE',  ( -345.8556549163546379, 3.000000000000000000, 14.74756795489106587 ) ) ;
#8346 = CARTESIAN_POINT ( 'NONE',  ( -388.4853156518731225, 4.666530572644965069, -169.9684037520792401 ) ) ;
#8347 = ORIENTED_EDGE ( 'NONE', *, *, #7097, .T. ) ;
#8348 = ORIENTED_EDGE ( 'NONE', *, *, #2659, .T. ) ;
#8349 = LINE ( 'NONE', #1979, #5617 ) ;
#8350 = PLANE ( 'NONE',  #7808 ) ;
#8351 = CYLINDRICAL_SURFACE ( 'NONE', #4629, 5.000000000000004441 ) ;
#8352 = LINE ( 'NONE', #4080, #3554 ) ;
#8353 = ORIENTED_EDGE ( 'NONE', *, *, #888, .F. ) ;
#8354 = DIRECTION ( 'NONE',  ( 1.000000000000000000, 0.000000000000000000, 0.000000000000000000 ) ) ;
#8355 = EDGE_CURVE ( 'NONE', #5799, #1270, #1753, .T. ) ;
#8356 = CYLINDRICAL_SURFACE ( 'NONE', #3395, 1.000000000000000888 ) ;
#8357 = ORIENTED_EDGE ( 'NONE', *, *, #6911, .F. ) ;
#8358 = CARTESIAN_POINT ( 'NONE',  ( -405.9771489546598673, 5.002226165318922391, -168.9661219778111558 ) ) ;
#8359 = CARTESIAN_POINT ( 'NONE',  ( -348.8556549274293275, 5.988627236847626101, -169.2647413880723661 ) ) ;
#8360 = CARTESIAN_POINT ( 'NONE',  ( -426.5387405911663450, 3.649012588301084214, 19.70547760320675579 ) ) ;
#8361 = CARTESIAN_POINT ( 'NONE',  ( -265.4872286992631985, 4.293272472136242968, 19.57877009483504338 ) ) ;
#8362 = CARTESIAN_POINT ( 'NONE',  ( 0.000000000000000000, 3.000000000000000000, -165.2524320451089181 ) ) ;
#8363 = CARTESIAN_POINT ( 'NONE',  ( -305.8991525913288001, 5.115861466909914057, 19.30120737942230136 ) ) ;
#8364 = UNCERTAINTY_MEASURE_WITH_UNIT (LENGTH_MEASURE( 1.000000000000000082E-05 ), #4257, 'distance_accuracy_value', 'NONE');
#8365 = DIRECTION ( 'NONE',  ( -1.000000000000000000, -0.000000000000000000, -0.000000000000000000 ) ) ;
#8366 = CARTESIAN_POINT ( 'NONE',  ( -345.9109257861002789, 5.167696473586342876, 18.30361823599983140 ) ) ;
#8367 = DIRECTION ( 'NONE',  ( 1.000000000000000000, 0.000000000000000000, 2.921639538487137411E-16 ) ) ;
#8368 = CARTESIAN_POINT ( 'NONE',  ( -426.0199841525927127, 4.946426151581507114, 18.49902245509281684 ) ) ;
#8369 = DIRECTION ( 'NONE',  ( 0.000000000000000000, 0.000000000000000000, -1.000000000000000000 ) ) ;
#8370 = CIRCLE ( 'NONE', #2880, 1.000000000000000888 ) ;
#8371 = B_SPLINE_CURVE_WITH_KNOTS ( 'NONE', 3,
 ( #1124, #381, #4532, #2528, #4582, #5371, #1823, #8953, #3835, #3133, #6848, #2570, #1739, #5972, #3317, #7494 ),
 .UNSPECIFIED., .F., .F.,
 ( 4, 2, 2, 2, 2, 2, 2, 4 ),
 ( 0.000000000000000000, 0.0009498534235542482754, 0.001424780135331372467, 0.001899706847108496551, 0.002374633558885620634, 0.002849560270662744935, 0.003324486982439868801, 0.003799413694216993102 ),
 .UNSPECIFIED. ) ;
#8372 = CARTESIAN_POINT ( 'NONE',  ( -384.9347999200161894, 5.411312770688277318, 19.13079946506084994 ) ) ;
#8373 = CARTESIAN_POINT ( 'NONE',  ( -326.3084438545031958, 3.714219789345749589, 19.69642408864810790 ) ) ;
#8374 = CARTESIAN_POINT ( 'NONE',  ( -426.7170407422610765, 4.507254365895947856, 18.71444385685204637 ) ) ;
#8375 = EDGE_CURVE ( 'NONE', #7973, #771, #4136, .T. ) ;
#8376 = LINE ( 'NONE', #2664, #3082 ) ;
#8377 = AXIS2_PLACEMENT_3D ( 'NONE', #3446, #4095, #4941 ) ;
#8378 = DIRECTION ( 'NONE',  ( -1.000000000000000000, -0.000000000000000000, -0.000000000000000000 ) ) ;
#8379 = ORIENTED_EDGE ( 'NONE', *, *, #6547, .F. ) ;
#8380 = CARTESIAN_POINT ( 'NONE',  ( -365.8556549163545810, 6.124999999999977796, -169.1555557941079542 ) ) ;
#8381 = ORIENTED_EDGE ( 'NONE', *, *, #3853, .T. ) ;
#8382 = VERTEX_POINT ( 'NONE', #5725 ) ;
#8383 = CIRCLE ( 'NONE', #3333, 1.150000000000012124 ) ;
#8384 = VECTOR ( 'NONE', #6255, 1000.000000000000000 ) ;
#8385 = CARTESIAN_POINT ( 'NONE',  ( -407.6369613343886158, 4.872234721371595967, -169.0553227531928258 ) ) ;
#8386 = CARTESIAN_POINT ( 'NONE',  ( -249.3556549163562295, 0.000000000000000000, -93.25243204510888972 ) ) ;
#8387 = DIRECTION ( 'NONE',  ( -1.000000000000000000, 0.000000000000000000, 0.000000000000000000 ) ) ;
#8388 = CIRCLE ( 'NONE', #2448, 4.000000000000003553 ) ;
#8389 = PLANE ( 'NONE',  #5940 ) ;
#8390 = CARTESIAN_POINT ( 'NONE',  ( -367.1309806014494370, 3.625000010541184370, 19.70835166180910747 ) ) ;
#8391 = ORIENTED_EDGE ( 'NONE', *, *, #5645, .F. ) ;
#8392 = DIRECTION ( 'NONE',  ( 1.000000000000000000, 0.000000000000000000, 2.921639538487254261E-16 ) ) ;
#8393 = AXIS2_PLACEMENT_3D ( 'NONE', #3532, #691, #7892 ) ;
#8394 = CARTESIAN_POINT ( 'NONE',  ( -387.4735974467517963, 3.739460732190676318, -170.1976603761552838 ) ) ;
#8395 = VERTEX_POINT ( 'NONE', #4463 ) ;
#8396 = EDGE_CURVE ( 'NONE', #1555, #751, #6438, .T. ) ;
#8397 = AXIS2_PLACEMENT_3D ( 'NONE', #2222, #8551, #5067 ) ;
#8398 = EDGE_LOOP ( 'NONE', ( #9106, #8313, #2630, #3525 ) ) ;
#8399 = DIRECTION ( 'NONE',  ( -1.000000000000000000, -0.000000000000000000, -0.000000000000000000 ) ) ;
#8400 = CARTESIAN_POINT ( 'NONE',  ( -325.9381539265640981, 5.097364476298504421, -168.8780778088432726 ) ) ;
#8401 = FACE_OUTER_BOUND ( 'NONE', #1734, .T. ) ;
#8402 = DIRECTION ( 'NONE',  ( 1.000000000000000000, 0.000000000000000000, 0.000000000000000000 ) ) ;
#8403 = ORIENTED_EDGE ( 'NONE', *, *, #1137, .T. ) ;
#8404 = CARTESIAN_POINT ( 'NONE',  ( -367.8556549163546379, 3.000000000000000000, -165.2524320451089181 ) ) ;
#8405 = DIRECTION ( 'NONE',  ( 1.387778780781445676E-16, 0.000000000000000000, 1.000000000000000000 ) ) ;
#8406 = ORIENTED_EDGE ( 'NONE', *, *, #1473, .F. ) ;
#8407 = DIRECTION ( 'NONE',  ( 0.000000000000000000, 0.000000000000000000, -1.000000000000000000 ) ) ;
#8408 = AXIS2_PLACEMENT_3D ( 'NONE', #8006, #5137, #4297 ) ;
#8409 = DIRECTION ( 'NONE',  ( 0.000000000000000000, 1.691355389077385339E-14, -1.000000000000000000 ) ) ;
#8410 = AXIS2_PLACEMENT_3D ( 'NONE', #4806, #7631, #1264 ) ;
#8411 = CARTESIAN_POINT ( 'NONE',  ( -406.9333269932160988, 4.500000003626994705, -170.1029761136050809 ) ) ;
#8412 = CARTESIAN_POINT ( 'NONE',  ( -266.5387405911664587, 3.649012588301084214, 19.70547760320678066 ) ) ;
#8413 = EDGE_CURVE ( 'NONE', #1511, #4602, #7111, .T. ) ;
#8414 = CARTESIAN_POINT ( 'NONE',  ( -386.3000104555045482, 3.698795873745365892, -170.2053751441384293 ) ) ;
#8415 = CARTESIAN_POINT ( 'NONE',  ( -305.8026483570805567, 3.992597862135470077, 19.64913136511978919 ) ) ;
#8416 = CARTESIAN_POINT ( 'NONE',  ( -327.6181761947163409, 3.806447783934348017, 19.68281947754103811 ) ) ;
#8417 = VECTOR ( 'NONE', #2629, 1000.000000000000000 ) ;
#8418 = CARTESIAN_POINT ( 'NONE',  ( -367.5570656760510246, 4.783366251787010803, 18.60397357213508229 ) ) ;
#8419 = CARTESIAN_POINT ( 'NONE',  ( -308.8556549163546379, 6.124999999999944045, 18.65069170389011433 ) ) ;
#8420 = AXIS2_PLACEMENT_3D ( 'NONE', #6954, #1375, #2766 ) ;
#8421 = FACE_OUTER_BOUND ( 'NONE', #9068, .T. ) ;
#8422 = CIRCLE ( 'NONE', #2042, 1.150000000000012124 ) ;
#8423 = AXIS2_PLACEMENT_3D ( 'NONE', #1476, #2123, #7100 ) ;
#8424 = CARTESIAN_POINT ( 'NONE',  ( -385.8797666428928892, 5.274054342412983765, 18.18616927195839850 ) ) ;
#8425 = CARTESIAN_POINT ( 'NONE',  ( -325.8275480452115289, 5.301471067487108613, 19.20178546511899143 ) ) ;
#8426 = CARTESIAN_POINT ( 'NONE',  ( -425.8275480452115289, 5.301471067488843225, 19.20178546512109818 ) ) ;
#8427 = CARTESIAN_POINT ( 'NONE',  ( -287.7894550112946490, 3.907503744616715124, -170.1698937144555259 ) ) ;
#8428 = VECTOR ( 'NONE', #7616, 1000.000000000000000 ) ;
#8429 = CARTESIAN_POINT ( 'NONE',  ( -388.4992792783649520, 4.691125519188566351, -169.9601933210739162 ) ) ;
#8430 = VERTEX_POINT ( 'NONE', #2321 ) ;
#8431 = CIRCLE ( 'NONE', #3226, 4.000000000000000000 ) ;
#8432 = CARTESIAN_POINT ( 'NONE',  ( -384.8556549163545810, 6.124999999999951150, -169.1555557941079542 ) ) ;
#8433 = ORIENTED_EDGE ( 'NONE', *, *, #7093, .F. ) ;
#8434 = VECTOR ( 'NONE', #4628, 1000.000000000000000 ) ;
#8435 = ORIENTED_EDGE ( 'NONE', *, *, #1327, .F. ) ;
#8436 = CARTESIAN_POINT ( 'NONE',  ( -408.8556549163546379, 6.124999999999960032, -169.1555557941079542 ) ) ;
#8437 = CIRCLE ( 'NONE', #7537, 1.000000000000000444 ) ;
#8438 = CARTESIAN_POINT ( 'NONE',  ( -368.7192465032960058, 5.206273164145590826, 19.23712735037163313 ) ) ;
#8439 = CARTESIAN_POINT ( 'NONE',  ( -344.9347999200161325, 5.411312770688374130, 19.13079946506080375 ) ) ;
#8440 = CARTESIAN_POINT ( 'NONE',  ( -327.8556549163545810, 6.124999999999985789, 18.65069170389007880 ) ) ;
#8441 = AXIS2_PLACEMENT_3D ( 'NONE', #3015, #4322, #5858 ) ;
#8442 = CARTESIAN_POINT ( 'NONE',  ( -368.6906568940713669, 5.118411189682589679, 19.27962515578908409 ) ) ;
#8443 = ORIENTED_EDGE ( 'NONE', *, *, #6505, .F. ) ;
#8444 = DIRECTION ( 'NONE',  ( -2.921639538487254261E-16, 0.000000000000000000, 1.000000000000000000 ) ) ;
#8445 = CARTESIAN_POINT ( 'NONE',  ( -364.9920633294133268, 5.206273164145624577, -169.7419914405895156 ) ) ;
#8446 = VERTEX_POINT ( 'NONE', #8744 ) ;
#8447 = ORIENTED_EDGE ( 'NONE', *, *, #5590, .T. ) ;
#8448 = EDGE_CURVE ( 'NONE', #4877, #3050, #2229, .T. ) ;
#8449 = DIRECTION ( 'NONE',  ( 0.000000000000000000, 1.593777193553690256E-14, 1.000000000000000000 ) ) ;
#8450 = CARTESIAN_POINT ( 'NONE',  ( -326.0736626820214497, 4.873062145400256284, -169.0547937578537301 ) ) ;
#8451 = CARTESIAN_POINT ( 'NONE',  ( -367.9084018391928339, 5.399915996858983824, -169.6511968241145496 ) ) ;
#8452 = CARTESIAN_POINT ( 'NONE',  ( -427.8556549163546379, 5.445450499394114630, -168.4622801552191902 ) ) ;
#8453 = ORIENTED_EDGE ( 'NONE', *, *, #7741, .T. ) ;
#8454 = CARTESIAN_POINT ( 'NONE',  ( -444.8556549163562295, 3.750000000000000000, -150.0024320451088897 ) ) ;
#8455 = EDGE_CURVE ( 'NONE', #3050, #886, #9193, .T. ) ;
#8456 = DIRECTION ( 'NONE',  ( 0.000000000000000000, 1.170938346284343684E-14, -1.000000000000000000 ) ) ;
#8457 = ORIENTED_EDGE ( 'NONE', *, *, #1062, .T. ) ;
#8458 = DIRECTION ( 'NONE',  ( 0.000000000000000000, 0.000000000000000000, 1.000000000000000000 ) ) ;
#8459 = CARTESIAN_POINT ( 'NONE',  ( -364.8556549163546379, 6.124999999999970690, 18.65069170389008590 ) ) ;
#8460 = CARTESIAN_POINT ( 'NONE',  ( -246.8556549163562295, 3.614918877723273916, -55.34089832300261946 ) ) ;
#8461 = AXIS2_PLACEMENT_3D ( 'NONE', #6039, #540, #4783 ) ;
#8462 = CARTESIAN_POINT ( 'NONE',  ( -426.5803292312536996, 3.625000010539644713, -170.2132157520271392 ) ) ;
#8463 = CARTESIAN_POINT ( 'NONE',  ( -305.9218548214145699, 3.907503744616718677, 19.66502962423767542 ) ) ;
#8464 = B_SPLINE_CURVE_WITH_KNOTS ( 'NONE', 3,
 ( #6807, #2530, #1786, #4625, #2624, #3877, #6716, #7594, #1128, #525, #4770, #5470, #8152, #6024, #7549, #333 ),
 .UNSPECIFIED., .F., .F.,
 ( 4, 2, 2, 2, 2, 2, 2, 4 ),
 ( 0.000000000000000000, 0.0002351675953986707621, 0.0004703351907973415242, 0.0007055027861960122592, 0.0009406703815946830484, 0.001175837976993353729, 0.001411005572392024518, 0.001881340763189366097 ),
 .UNSPECIFIED. ) ;
#8465 = CARTESIAN_POINT ( 'NONE',  ( -250.8556549163562011, 6.099999999999999645, -171.2524320451088897 ) ) ;
#8466 = EDGE_CURVE ( 'NONE', #340, #284, #1577, .T. ) ;
#8467 = CARTESIAN_POINT ( 'NONE',  ( -367.8556549163545810, 5.416358229831103266, 18.00400097647164088 ) ) ;
#8468 = DIRECTION ( 'NONE',  ( -1.000000000000000000, 0.000000000000000000, 0.000000000000000000 ) ) ;
#8469 = EDGE_CURVE ( 'NONE', #7843, #6548, #1156, .T. ) ;
#8470 = LINE ( 'NONE', #5595, #3185 ) ;
#8471 = DIRECTION ( 'NONE',  ( 0.000000000000000000, 1.000000000000000000, 0.000000000000000000 ) ) ;
#8472 = CARTESIAN_POINT ( 'NONE',  ( -325.7989050678922354, 5.918887576269685091, 18.80982022867351944 ) ) ;
#8473 = CARTESIAN_POINT ( 'NONE',  ( -426.1178533641422632, 4.807602833727296243, 19.45241613551849014 ) ) ;
#8474 = CARTESIAN_POINT ( 'NONE',  ( -307.9123179345494350, 5.919283266445358294, 18.80952628309082897 ) ) ;
#8475 = CARTESIAN_POINT ( 'NONE',  ( -446.8556549163562863, 10.00000000000000000, -175.2524320451088897 ) ) ;
#8476 = B_SPLINE_CURVE_WITH_KNOTS ( 'NONE', 3,
 ( #3062, #5905, #8123, #5994, #6643, #1668, #4505, #6690, #3855, #4642, #263, #7990 ),
 .UNSPECIFIED., .F., .F.,
 ( 4, 2, 2, 2, 2, 4 ),
 ( 0.000000000000000000, 0.0004698356480513694476, 0.0009396712961027388952, 0.001174589120128379655, 0.001409506944154020197, 0.001879342592205448083 ),
 .UNSPECIFIED. ) ;
#8477 = CARTESIAN_POINT ( 'NONE',  ( -387.6369613343886158, 4.872234721371595967, -169.0553227531928258 ) ) ;
#8478 = EDGE_LOOP ( 'NONE', ( #1956, #8741, #2668, #6437 ) ) ;
#8479 = EDGE_CURVE ( 'NONE', #3362, #900, #780, .T. ) ;
#8480 = CARTESIAN_POINT ( 'NONE',  ( -304.8556549163544673, 5.877655079465398558, -169.3535902214992745 ) ) ;
#8481 = EDGE_LOOP ( 'NONE', ( #3739, #629, #5977, #6574, #7310, #8735 ) ) ;
#8482 = VERTEX_POINT ( 'NONE', #921 ) ;
#8483 = EDGE_CURVE ( 'NONE', #1511, #340, #2366, .T. ) ;
#8484 = CARTESIAN_POINT ( 'NONE',  ( -407.8459675937750717, 5.324007913114983559, 18.13022991715109100 ) ) ;
#8485 = DIRECTION ( 'NONE',  ( 0.000000000000000000, -0.6249999999999859002, 0.7806247497998110019 ) ) ;
#8486 = CARTESIAN_POINT ( 'NONE',  ( -344.9038783738810139, 5.560135856430530765, 19.04581960036731658 ) ) ;
#8487 = CARTESIAN_POINT ( 'NONE',  ( -327.9159306177390931, 3.977365129224733398, 19.65314828952654835 ) ) ;
#8488 = FACE_OUTER_BOUND ( 'NONE', #8960, .T. ) ;
#8489 = CARTESIAN_POINT ( 'NONE',  ( -256.8556549163562295, 3.000000000000000000, 14.74756795489107475 ) ) ;
#8490 = SHAPE_DEFINITION_REPRESENTATION ( #8003, #7759 ) ;
#8491 = ORIENTED_EDGE ( 'NONE', *, *, #5840, .T. ) ;
#8492 = ORIENTED_EDGE ( 'NONE', *, *, #393, .T. ) ;
#8493 = B_SPLINE_CURVE_WITH_KNOTS ( 'NONE', 3,
 ( #6001, #8894, #2512, #3025, #928, #5713, #1205, #8939, #6833, #6188, #2866, #8980, #5397, #8221, #6977, #556 ),
 .UNSPECIFIED., .F., .F.,
 ( 4, 2, 2, 2, 2, 2, 2, 4 ),
 ( 0.000000000000000000, 0.0004705481978799543334, 0.0007058222968199306599, 0.0009410963957599070406, 0.001176370494699883421, 0.001411644593639859585, 0.001646918692579835966, 0.001882192791519812346 ),
 .UNSPECIFIED. ) ;
#8494 = LINE ( 'NONE', #66, #4873 ) ;
#8495 = CARTESIAN_POINT ( 'NONE',  ( -444.8556549163562295, 0.000000000000000000, 156.0000000000000000 ) ) ;
#8496 = CARTESIAN_POINT ( 'NONE',  ( -367.9341163091268641, 5.603816879092914149, -169.5279948268551209 ) ) ;
#8497 = CARTESIAN_POINT ( 'NONE',  ( -325.9109257861002220, 5.167696473586345540, 18.30361823599983850 ) ) ;
#8498 = ORIENTED_EDGE ( 'NONE', *, *, #7838, .F. ) ;
#8499 = PLANE ( 'NONE',  #8423 ) ;
#8500 = EDGE_CURVE ( 'NONE', #7884, #9197, #5182, .T. ) ;
#8501 = CARTESIAN_POINT ( 'NONE',  ( -364.8556549163546379, 3.000000000000000000, 14.74756795489106231 ) ) ;
#8502 = EDGE_LOOP ( 'NONE', ( #5422, #5813, #6525, #118 ) ) ;
#8503 = FACE_OUTER_BOUND ( 'NONE', #6294, .T. ) ;
#8504 = CARTESIAN_POINT ( 'NONE',  ( -366.5493311088921473, 4.544316436061510700, 19.57651407055090687 ) ) ;
#8505 = CARTESIAN_POINT ( 'NONE',  ( -246.8556549163562295, 1.500000000000081934, -53.25243204510888972 ) ) ;
#8506 = CARTESIAN_POINT ( 'NONE',  ( -424.9345099126422269, 5.412504818266355322, -169.6350144964297044 ) ) ;
#8507 = DIRECTION ( 'NONE',  ( -1.000000000000000000, -0.000000000000000000, -0.000000000000000000 ) ) ;
#8508 = CARTESIAN_POINT ( 'NONE',  ( -268.6730116749450872, 5.070098603588712116, -169.8061121740519752 ) ) ;
#8509 = CYLINDRICAL_SURFACE ( 'NONE', #1015, 1.349999999999976108 ) ;
#8510 = CIRCLE ( 'NONE', #4500, 4.000000000000003553 ) ;
#8511 = FACE_OUTER_BOUND ( 'NONE', #6206, .T. ) ;
#8512 = CARTESIAN_POINT ( 'NONE',  ( -327.0095446511591604, 4.508727177066586655, -170.0986492161661943 ) ) ;
#8513 = EDGE_CURVE ( 'NONE', #7438, #3873, #114, .T. ) ;
#8514 = EDGE_CURVE ( 'NONE', #2580, #4755, #6511, .T. ) ;
#8515 = LINE ( 'NONE', #1631, #7718 ) ;
#8516 = CARTESIAN_POINT ( 'NONE',  ( -405.8556549163546379, 5.445450499393811761, 17.95741606499987242 ) ) ;
#8517 = FACE_OUTER_BOUND ( 'NONE', #1429, .T. ) ;
#8518 = CARTESIAN_POINT ( 'NONE',  ( -308.8556549222436729, 5.988703185082431268, 18.75981649060138778 ) ) ;
#8519 = CARTESIAN_POINT ( 'NONE',  ( -364.8556549163546379, 3.000000000000000000, 14.74756795489106231 ) ) ;
#8520 = CARTESIAN_POINT ( 'NONE',  ( -267.1309806014496644, 3.625000010541184370, 19.70835166180912168 ) ) ;
#8521 = ORIENTED_EDGE ( 'NONE', *, *, #832, .F. ) ;
#8522 = LINE ( 'NONE', #6567, #6314 ) ;
#8523 = ORIENTED_EDGE ( 'NONE', *, *, #2186, .F. ) ;
#8524 = AXIS2_PLACEMENT_3D ( 'NONE', #3105, #399, #1665 ) ;
#8525 = ORIENTED_EDGE ( 'NONE', *, *, #7624, .T. ) ;
#8526 = EDGE_CURVE ( 'NONE', #3315, #1593, #2799, .T. ) ;
#8527 = CARTESIAN_POINT ( 'NONE',  ( -407.8556549163546379, 5.500000000000000888, 17.87006695409029078 ) ) ;
#8528 = EDGE_CURVE ( 'NONE', #4952, #440, #7540, .T. ) ;
#8529 = FACE_OUTER_BOUND ( 'NONE', #4110, .T. ) ;
#8530 = CIRCLE ( 'NONE', #793, 1.349999999999990097 ) ;
#8531 = CARTESIAN_POINT ( 'NONE',  ( -345.2930420790493713, 4.555586803579785737, 19.50118134527031089 ) ) ;
#8532 = CARTESIAN_POINT ( 'NONE',  ( -264.8556549163545810, 8.000000000000000000, -165.2524320451089181 ) ) ;
#8533 = CARTESIAN_POINT ( 'NONE',  ( -327.6071014256183389, 4.836586271791889047, -169.0782802632811581 ) ) ;
#8534 = CARTESIAN_POINT ( 'NONE',  ( -246.8556549163562579, 3.481644839128379854, -96.96383657125528543 ) ) ;
#8535 = DIRECTION ( 'NONE',  ( 0.000000000000000000, 0.000000000000000000, 1.000000000000000000 ) ) ;
#8536 = ORIENTED_EDGE ( 'NONE', *, *, #8810, .T. ) ;
#8537 = VECTOR ( 'NONE', #7579, 1000.000000000000000 ) ;
#8538 = ORIENTED_EDGE ( 'NONE', *, *, #7955, .F. ) ;
#8539 = CARTESIAN_POINT ( 'NONE',  ( -267.9341163091268072, 5.603816879090840253, -169.5279948268532735 ) ) ;
#8540 = VECTOR ( 'NONE', #2697, 1000.000000000000000 ) ;
#8541 = CARTESIAN_POINT ( 'NONE',  ( -326.5468425247760820, 4.534290388700399355, -170.0858929734080789 ) ) ;
#8542 = CARTESIAN_POINT ( 'NONE',  ( -367.8315431898163865, 5.274054342412577867, -168.6910333621777056 ) ) ;
#8543 = VECTOR ( 'NONE', #8245, 1000.000000000000000 ) ;
#8544 = CARTESIAN_POINT ( 'NONE',  ( -428.8074314588282050, 5.560135856428987999, -169.5506836905861405 ) ) ;
#8545 = ORIENTED_EDGE ( 'NONE', *, *, #8952, .F. ) ;
#8546 = DIRECTION ( 'NONE',  ( 0.000000000000000000, -1.000000000000000000, 0.000000000000000000 ) ) ;
#8547 = DIRECTION ( 'NONE',  ( -1.000000000000000000, 0.000000000000000000, 0.000000000000000000 ) ) ;
#8548 = CARTESIAN_POINT ( 'NONE',  ( -368.6730116749450303, 5.070098603588712116, -169.8061121740519752 ) ) ;
#8549 = EDGE_LOOP ( 'NONE', ( #3388, #6815, #8107, #5633 ) ) ;
#8550 = AXIS2_PLACEMENT_3D ( 'NONE', #8489, #4072, #6905 ) ;
#8551 = DIRECTION ( 'NONE',  ( -1.000000000000000000, -0.000000000000000000, -2.921639538487254261E-16 ) ) ;
#8552 = CARTESIAN_POINT ( 'NONE',  ( -406.8556549163546379, 3.625000000000000444, -170.2132157533550298 ) ) ;
#8553 = CARTESIAN_POINT ( 'NONE',  ( -248.3619701178809009, 3.396313850011470681, -55.65765887147618685 ) ) ;
#8554 = ADVANCED_FACE ( 'NONE', ( #40 ), #2974, .F. ) ;
#8555 = CARTESIAN_POINT ( 'NONE',  ( -425.0206529386378520, 5.118411189684464624, -169.7844892460059896 ) ) ;
#8556 = CARTESIAN_POINT ( 'NONE',  ( -327.1725692415428739, 3.649012588301082882, -170.2103416934246525 ) ) ;
#8557 = CYLINDRICAL_SURFACE ( 'NONE', #2785, 1.000000000000000888 ) ;
#8558 = CARTESIAN_POINT ( 'NONE',  ( -427.8556549163546379, 3.000000000000000000, -165.2524320451089181 ) ) ;
#8559 = CARTESIAN_POINT ( 'NONE',  ( 0.000000000000000000, 8.000000000000000000, 0.000000000000000000 ) ) ;
#8560 = CARTESIAN_POINT ( 'NONE',  ( -428.8556549163546379, 6.124999999999945821, 18.65069170389009656 ) ) ;
#8561 = ADVANCED_FACE ( 'NONE', ( #1531 ), #7466, .F. ) ;
#8562 = VECTOR ( 'NONE', #2108, 1000.000000000000000 ) ;
#8563 = AXIS2_PLACEMENT_3D ( 'NONE', #910, #3748, #1431 ) ;
#8564 = FACE_OUTER_BOUND ( 'NONE', #8549, .T. ) ;
#8565 = LINE ( 'NONE', #6420, #6440 ) ;
#8566 = CARTESIAN_POINT ( 'NONE',  ( -426.2171362563950083, 4.727315172673418608, 18.63285410489465477 ) ) ;
#8567 = VECTOR ( 'NONE', #7086, 1000.000000000000000 ) ;
#8568 = CARTESIAN_POINT ( 'NONE',  ( -307.9085373833142967, 5.400530990987508773, 19.14598017579389477 ) ) ;
#8569 = DIRECTION ( 'NONE',  ( -1.000000000000000000, 0.000000000000000000, -0.000000000000000000 ) ) ;
#8570 = EDGE_CURVE ( 'NONE', #5472, #8873, #6510, .T. ) ;
#8571 = CARTESIAN_POINT ( 'NONE',  ( -288.8556549163546947, 5.877655079465401222, 18.84872613128142405 ) ) ;
#8572 = ORIENTED_EDGE ( 'NONE', *, *, #7060, .F. ) ;
#8573 = DIRECTION ( 'NONE',  ( -1.000000000000000000, -0.000000000000000000, -0.000000000000000000 ) ) ;
#8574 = ORIENTED_EDGE ( 'NONE', *, *, #6338, .F. ) ;
#8575 = FACE_OUTER_BOUND ( 'NONE', #1410, .T. ) ;
#8576 = VECTOR ( 'NONE', #8651, 1000.000000000000000 ) ;
#8577 = CIRCLE ( 'NONE', #5313, 2.500000000000002220 ) ;
#8578 = CARTESIAN_POINT ( 'NONE',  ( -347.4428557303486400, 4.687071811803892984, -169.1570276738594316 ) ) ;
#8579 = LINE ( 'NONE', #2204, #2369 ) ;
#8580 = CARTESIAN_POINT ( 'NONE',  ( -306.8556549163546379, 4.500000000000000888, 18.71619492148795771 ) ) ;
#8581 = CIRCLE ( 'NONE', #1603, 1.000000000000000888 ) ;
#8582 = CARTESIAN_POINT ( 'NONE',  ( -246.8556549163562579, 3.913004357334683991, -94.96466622485984033 ) ) ;
#8583 = ORIENTED_EDGE ( 'NONE', *, *, #6096, .F. ) ;
#8584 = EDGE_CURVE ( 'NONE', #401, #2542, #5920, .T. ) ;
#8585 = ORIENTED_EDGE ( 'NONE', *, *, #162, .T. ) ;
#8586 = CIRCLE ( 'NONE', #8126, 1.349999999999977884 ) ;
#8587 = LINE ( 'NONE', #4965, #6747 ) ;
#8588 = AXIS2_PLACEMENT_3D ( 'NONE', #1240, #594, #1347 ) ;
#8589 = CARTESIAN_POINT ( 'NONE',  ( -405.8950824154304087, 5.215001926881828176, -168.7584980031488442 ) ) ;
#8590 = FACE_OUTER_BOUND ( 'NONE', #3679, .T. ) ;
#8591 = CARTESIAN_POINT ( 'NONE',  ( -325.8653458581868563, 5.323809698952780778, 18.13052145899954226 ) ) ;
#8592 =( BOUNDED_SURFACE ( )  B_SPLINE_SURFACE ( 3, 2, ( 
 ( #4654, #8898, #6789 ),
 ( #5314, #8797, #3262 ),
 ( #5264, #5402, #7529 ),
 ( #318, #6101, #8225 ),
 ( #276, #4005, #6005 ),
 ( #1066, #1854, #6836 ),
 ( #7399, #4702, #1772 ),
 ( #3073, #7437, #4611 ),
 ( #8089, #8756, #6656 ),
 ( #2378, #5218, #6741 ),
 ( #1724, #1025, #3209 ),
 ( #6057, #2516, #607 ),
 ( #1258, #7678, #5452 ),
 ( #4233, #3406, #462 ) ),
 .UNSPECIFIED., .F., .F., .F. ) 
 B_SPLINE_SURFACE_WITH_KNOTS ( ( 4, 2, 2, 2, 2, 2, 4 ),
 ( 3, 3 ),
 ( 0.001015998582458484817, 0.001428449273945002788, 0.001840899965431520759, 0.002253350656918038514, 0.002665801348404556702, 0.003490702731377592644, 0.004315604114350628587 ),
 ( 0.000000000000000000, 1.000000000000000000 ),
 .UNSPECIFIED. ) 
 GEOMETRIC_REPRESENTATION_ITEM ( )  RATIONAL_B_SPLINE_SURFACE ( (
 ( 1.000000000000000000, 0.7071067811865496822, 1.000000000000000000),
 ( 1.000000000000000000, 0.7191539465619442018, 1.000000000000000000),
 ( 1.000000000000000000, 0.7296663882558011016, 1.000000000000000000),
 ( 1.000000000000000000, 0.7474372416597908630, 1.000000000000000000),
 ( 1.000000000000000000, 0.7547518899035197126, 1.000000000000000000),
 ( 1.000000000000000000, 0.7656299723743469343, 1.000000000000000000),
 ( 1.000000000000000000, 0.7691951883259209310, 1.000000000000000000),
 ( 1.000000000000000000, 0.7731396847002443007, 1.000000000000000000),
 ( 1.000000000000000000, 0.7734820014411815103, 1.000000000000000000),
 ( 1.000000000000000000, 0.7709873420233366303, 1.000000000000000000),
 ( 1.000000000000000000, 0.7646994115827951966, 1.000000000000000000),
 ( 1.000000000000000000, 0.7540697026764631161, 1.000000000000000000),
 ( 1.000000000000000000, 0.7498104614824783187, 1.000000000000000000),
 ( 1.000000000000000000, 0.7500000000000004441, 1.000000000000000000) ) ) 
 REPRESENTATION_ITEM ( '' )  SURFACE ( )  );
#8593 = VERTEX_POINT ( 'NONE', #2505 ) ;
#8594 = CARTESIAN_POINT ( 'NONE',  ( -286.8556549163545810, 4.500000000000000888, -169.2210590117058189 ) ) ;
#8595 = CARTESIAN_POINT ( 'NONE',  ( -284.9347999200161325, 5.411312770688183171, 19.13079946506090678 ) ) ;
#8596 = CARTESIAN_POINT ( 'NONE',  ( -251.8556549163562579, 10.00000000000000000, -170.2524320451088897 ) ) ;
#8597 = ORIENTED_EDGE ( 'NONE', *, *, #3149, .F. ) ;
#8598 = CARTESIAN_POINT ( 'NONE',  ( -442.8556549163562295, 3.750000000000000000, -0.5024320451088859496 ) ) ;
#8599 = AXIS2_PLACEMENT_3D ( 'NONE', #3670, #7989, #3716 ) ;
#8600 = EDGE_CURVE ( 'NONE', #2265, #6475, #3292, .T. ) ;
#8601 = CARTESIAN_POINT ( 'NONE',  ( -364.9347999200161325, 5.411312770688183171, 19.13079946506089613 ) ) ;
#8602 = DIRECTION ( 'NONE',  ( -1.000000000000000000, -0.000000000000000000, -2.921639538487254261E-16 ) ) ;
#8603 = EDGE_CURVE ( 'NONE', #8931, #70, #1901, .T. ) ;
#8604 = CARTESIAN_POINT ( 'NONE',  ( -265.8029079935166124, 5.399915996862359790, 19.14633273389708634 ) ) ;
#8605 = CARTESIAN_POINT ( 'NONE',  ( -406.1534622811192321, 4.784051302019449281, 18.60362175716053912 ) ) ;
#8606 = DIRECTION ( 'NONE',  ( -2.921639538487254261E-16, 0.000000000000000000, 1.000000000000000000 ) ) ;
#8607 = DIRECTION ( 'NONE',  ( -0.000000000000000000, 0.7806247497998098916, 0.6249999999999875655 ) ) ;
#8608 = LINE ( 'NONE', #2796, #666 ) ;
#8609 = B_SPLINE_CURVE_WITH_KNOTS ( 'NONE', 3,
 ( #8527, #7033, #8484, #662, #881, #575, #173, #3420, #3021, #8698, #2715, #1328 ),
 .UNSPECIFIED., .F., .F.,
 ( 4, 2, 2, 2, 2, 4 ),
 ( 0.000000000000000000, 0.0004698356480513705318, 0.0009396712961027410636, 0.001174589120128382257, 0.001409506944154023667, 0.001879342592205451336 ),
 .UNSPECIFIED. ) ;
#8610 = CARTESIAN_POINT ( 'NONE',  ( -327.2388583010181833, 4.571621889987042664, -170.0682608514804599 ) ) ;
#8611 = AXIS2_PLACEMENT_3D ( 'NONE', #1535, #4369, #5172 ) ;
#8612 = CARTESIAN_POINT ( 'NONE',  ( -366.8556549163546379, 5.500000000000000888, 0.000000000000000000 ) ) ;
#8613 = LINE ( 'NONE', #5037, #2582 ) ;
#8614 = CARTESIAN_POINT ( 'NONE',  ( -246.8556549163562295, 0.000000000000000000, -95.25243204510888972 ) ) ;
#8615 = CARTESIAN_POINT ( 'NONE',  ( -308.5011026021951466, 4.694546530220844005, 19.45406462802899838 ) ) ;
#8616 = VERTEX_POINT ( 'NONE', #8167 ) ;
#8617 = CARTESIAN_POINT ( 'NONE',  ( -308.8556549163546379, 6.124999999999951150, -169.1555557941079542 ) ) ;
#8618 = CARTESIAN_POINT ( 'NONE',  ( -287.0152978225282254, 3.625000000000000000, 19.70835166313717934 ) ) ;
#8620 = ORIENTED_EDGE ( 'NONE', *, *, #2248, .F. ) ;
#8619 = EDGE_CURVE ( 'NONE', #771, #141, #7211, .T. ) ;
#8621 = DIRECTION ( 'NONE',  ( -2.921639538487254261E-16, 0.000000000000000000, 1.000000000000000000 ) ) ;
#8622 = VERTEX_POINT ( 'NONE', #448 ) ;
#8623 = CARTESIAN_POINT ( 'NONE',  ( -267.5570656760510815, 4.783366251787010803, 18.60397357213509650 ) ) ;
#8624 = CARTESIAN_POINT ( 'NONE',  ( -424.8556549163546379, 3.000000000000000000, 14.74756795489105521 ) ) ;
#8625 = LINE ( 'NONE', #233, #4516 ) ;
#8626 = CARTESIAN_POINT ( 'NONE',  ( -287.0145012863558804, 4.500000000000002665, 18.71619492148796127 ) ) ;
#8627 = CARTESIAN_POINT ( 'NONE',  ( -307.1715777490387609, 4.538726258075910458, 18.70822841259226266 ) ) ;
#8628 = CARTESIAN_POINT ( 'NONE',  ( -246.8556549163562579, 4.507820071338043633, -96.44085969784462975 ) ) ;
#8629 = ORIENTED_EDGE ( 'NONE', *, *, #7300, .F. ) ;
#8630 = VERTEX_POINT ( 'NONE', #8121 ) ;
#8631 = VERTEX_POINT ( 'NONE', #1760 ) ;
#8632 = CARTESIAN_POINT ( 'NONE',  ( -248.3274443006071692, 3.607652210202178189, -55.81203997792019322 ) ) ;
#8633 = EDGE_CURVE ( 'NONE', #1773, #2824, #7255, .T. ) ;
#8634 = CARTESIAN_POINT ( 'NONE',  ( -406.5468425247760820, 4.534290388700399355, -170.0858929734080789 ) ) ;
#8635 = CARTESIAN_POINT ( 'NONE',  ( -367.6565166143253123, 4.875924695995476732, -169.9249766519588434 ) ) ;
#8636 = EDGE_CURVE ( 'NONE', #3783, #2759, #3089, .T. ) ;
#8637 = CARTESIAN_POINT ( 'NONE',  ( -385.3921034302338740, 4.413286528475444115, 19.54551902581028955 ) ) ;
#8638 = ORIENTED_EDGE ( 'NONE', *, *, #7252, .F. ) ;
#8639 = CARTESIAN_POINT ( 'NONE',  ( -285.2102072305102070, 4.694546530222388547, -169.9589287182462556 ) ) ;
#8640 = CARTESIAN_POINT ( 'NONE',  ( -286.1743829770999241, 3.768189216954951348, 19.68870928488160388 ) ) ;
#8641 = DIRECTION ( 'NONE',  ( 0.000000000000000000, 1.000000000000000000, 0.000000000000000000 ) ) ;
#8642 = ORIENTED_EDGE ( 'NONE', *, *, #4016, .F. ) ;
#8643 = DIRECTION ( 'NONE',  ( 0.000000000000000000, 1.593777193553690256E-14, 1.000000000000000000 ) ) ;
#8644 = EDGE_LOOP ( 'NONE', ( #5961, #804, #5806, #5245 ) ) ;
#8645 = CARTESIAN_POINT ( 'NONE',  ( -246.8556549163562295, 1.732449532307142714, -55.18439801353124352 ) ) ;
#8646 = VECTOR ( 'NONE', #68, 1000.000000000000000 ) ;
#8647 =( BOUNDED_SURFACE ( )  B_SPLINE_SURFACE ( 3, 2, ( 
 ( #3866, #4656, #5922 ),
 ( #8229, #3956, #8800 ),
 ( #421, #7401, #6745 ),
 ( #6794, #8760, #1728 ),
 ( #8182, #1815, #2383 ),
 ( #4570, #1859, #7484 ),
 ( #3264, #4705, #5223 ),
 ( #8043, #1681, #4520 ),
 ( #7355, #984, #3822 ),
 ( #6660, #7023, #9126 ),
 ( #2751, #4856, #5598 ),
 ( #2707, #3452, #5545 ),
 ( #1316, #6194, #1910 ),
 ( #8372, #652, #4757 ),
 ( #3494, #5455, #8424 ),
 ( #9039, #564, #4190 ),
 ( #4102, #6335, #2660 ),
 ( #3308, #2056, #7681 ) ),
 .UNSPECIFIED., .F., .F., .F. ) 
 B_SPLINE_SURFACE_WITH_KNOTS ( ( 4, 2, 2, 2, 2, 2, 2, 2, 4 ),
 ( 3, 3 ),
 ( 0.001323912745242751413, 0.001737514085360103433, 0.002151115425477455236, 0.002564716765594807039, 0.002978318105712158843, 0.003391919445829510646, 0.003805520785946862883, 0.004219122126064215120, 0.004632723466181566489 ),
 ( 0.000000000000000000, 1.000000000000000000 ),
 .UNSPECIFIED. ) 
 GEOMETRIC_REPRESENTATION_ITEM ( )  RATIONAL_B_SPLINE_SURFACE ( (
 ( 1.000000000000000000, 0.7499999999999998890, 1.000000000000000000),
 ( 1.000000000000000000, 0.7499939426360111572, 1.000000000000000000),
 ( 1.000000000000000000, 0.7509329894123278892, 1.000000000000000000),
 ( 1.000000000000000000, 0.7542720948101461209, 1.000000000000000000),
 ( 1.000000000000000000, 0.7567167381695644179, 1.000000000000000000),
 ( 1.000000000000000000, 0.7620345134626708150, 1.000000000000000000),
 ( 1.000000000000000000, 0.7649009816760473646, 1.000000000000000000),
 ( 1.000000000000000000, 0.7698131873212784582, 1.000000000000000000),
 ( 1.000000000000000000, 0.7718027581240053392, 1.000000000000000000),
 ( 1.000000000000000000, 0.7734778044123297169, 1.000000000000000000),
 ( 1.000000000000000000, 0.7731701811038578231, 1.000000000000000000),
 ( 1.000000000000000000, 0.7692320002427042169, 1.000000000000000000),
 ( 1.000000000000000000, 0.7656548337065423038, 1.000000000000000000),
 ( 1.000000000000000000, 0.7548043090973313163, 1.000000000000000000),
 ( 1.000000000000000000, 0.7474974637465933158, 1.000000000000000000),
 ( 1.000000000000000000, 0.7297066597614861871, 1.000000000000000000),
 ( 1.000000000000000000, 0.7191618347197589189, 1.000000000000000000),
 ( 1.000000000000000000, 0.7071067811865500152, 1.000000000000000000) ) ) 
 REPRESENTATION_ITEM ( '' )  SURFACE ( )  );
#8648 = CARTESIAN_POINT ( 'NONE',  ( -367.8556549163546379, 5.445482461464618673, 17.95736487927649350 ) ) ;
#8649 = CARTESIAN_POINT ( 'NONE',  ( -264.8645494405129739, 5.847915706121031398, 18.86079526954921803 ) ) ;
#8650 = EDGE_CURVE ( 'NONE', #2968, #560, #5636, .T. ) ;
#8651 = DIRECTION ( 'NONE',  ( 0.000000000000000000, 1.000000000000000000, 0.000000000000000000 ) ) ;
#8652 = DIRECTION ( 'NONE',  ( 0.000000000000000000, 1.691355389077385339E-14, -1.000000000000000000 ) ) ;
#8653 = DIRECTION ( 'NONE',  ( 0.000000000000000000, 0.000000000000000000, 1.000000000000000000 ) ) ;
#8654 = ORIENTED_CLOSED_SHELL ( 'NONE', *, #4418, .F. );
#8655 = CARTESIAN_POINT ( 'NONE',  ( -328.8074314588282050, 5.560135856428987999, -169.5506836905861405 ) ) ;
#8656 = LINE ( 'NONE', #2327, #2075 ) ;
#8657 = CARTESIAN_POINT ( 'NONE',  ( -428.8556549163546379, 7.000000000000000000, -165.2524320451089181 ) ) ;
#8658 = CARTESIAN_POINT ( 'NONE',  ( -264.8556549163545810, 3.000000000000000000, -165.2524320451089181 ) ) ;
#8659 = CARTESIAN_POINT ( 'NONE',  ( -287.9124047648170404, 5.918887576270607020, -169.3146843188903858 ) ) ;
#8660 = VERTEX_POINT ( 'NONE', #305 ) ;
#8661 = CARTESIAN_POINT ( 'NONE',  ( -288.3192064024752312, 4.413286528475440562, -170.0503831160281436 ) ) ;
#8662 = CARTESIAN_POINT ( 'NONE',  ( -268.7767999200670488, 5.412504818267989570, 19.13015040621103680 ) ) ;
#8663 = VERTEX_POINT ( 'NONE', #6128 ) ;
#8664 = CARTESIAN_POINT ( 'NONE',  ( -366.1089121559408568, 4.799337897234735806, -169.9625529789230711 ) ) ;
#8665 = ORIENTED_EDGE ( 'NONE', *, *, #4346, .F. ) ;
#8666 = CARTESIAN_POINT ( 'NONE',  ( -288.8556549163546379, 7.000000000000000000, -165.2524320451089181 ) ) ;
#8667 = EDGE_CURVE ( 'NONE', #5337, #3419, #3834, .T. ) ;
#8668 = FACE_OUTER_BOUND ( 'NONE', #1283, .T. ) ;
#8669 = CARTESIAN_POINT ( 'NONE',  ( -442.8556549163562295, 3.750000000000000000, -77.35243204510886983 ) ) ;
#8670 = CARTESIAN_POINT ( 'NONE',  ( -265.7767238698797883, 5.710848127064479307, -169.4589822817070512 ) ) ;
#8671 = CARTESIAN_POINT ( 'NONE',  ( -327.0131176886567346, 4.509365819018567478, -169.2188268531743347 ) ) ;
#8672 = CARTESIAN_POINT ( 'NONE',  ( -248.2402703009716163, 4.281686611218328053, -93.25243204510890394 ) ) ;
#8673 = ORIENTED_EDGE ( 'NONE', *, *, #6756, .T. ) ;
#8674 = ORIENTED_EDGE ( 'NONE', *, *, #6727, .T. ) ;
#8675 = ORIENTED_EDGE ( 'NONE', *, *, #4826, .F. ) ;
#8676 = AXIS2_PLACEMENT_3D ( 'NONE', #8044, #4521, #2203 ) ;
#8677 = CARTESIAN_POINT ( 'NONE',  ( -446.8556549163562863, 0.000000000000000000, -160.2524320451088897 ) ) ;
#8678 = CARTESIAN_POINT ( 'NONE',  ( -444.8556549163562295, 3.750000000000000000, -148.6524320451088954 ) ) ;
#8679 = CARTESIAN_POINT ( 'NONE',  ( -327.1715777490385904, 4.538726258075909570, 18.70822841259225555 ) ) ;
#8680 = ORIENTED_EDGE ( 'NONE', *, *, #6272, .F. ) ;
#8681 = FACE_OUTER_BOUND ( 'NONE', #4293, .T. ) ;
#8682 = CARTESIAN_POINT ( 'NONE',  ( -285.9383153597867704, 5.097004927023557563, 18.37354440211569084 ) ) ;
#8683 = DIRECTION ( 'NONE',  ( 0.000000000000000000, 0.000000000000000000, 1.000000000000000000 ) ) ;
#8684 = ORIENTED_EDGE ( 'NONE', *, *, #3409, .F. ) ;
#8685 = ADVANCED_FACE ( 'NONE', ( #6730 ), #3250, .F. ) ;
#8686 = ORIENTED_EDGE ( 'NONE', *, *, #590, .T. ) ;
#8687 = CARTESIAN_POINT ( 'NONE',  ( -265.7051140906761475, 4.072590210801840804, -170.1373539892367148 ) ) ;
#8688 =( GEOMETRIC_REPRESENTATION_CONTEXT ( 3 ) GLOBAL_UNCERTAINTY_ASSIGNED_CONTEXT ( ( #2700 ) ) GLOBAL_UNIT_ASSIGNED_CONTEXT ( ( #6153, #956, #8995 ) ) REPRESENTATION_CONTEXT ( 'NONE', 'WORKASPACE' ) );
#8689 = CARTESIAN_POINT ( 'NONE',  ( -426.6968085463533953, 4.500000000000000888, -169.2210590117057905 ) ) ;
#8690 = DIRECTION ( 'NONE',  ( 0.000000000000000000, -1.000000000000000000, 0.000000000000000000 ) ) ;
#8691 = CARTESIAN_POINT ( 'NONE',  ( -248.8556549163562295, 1.500000000000142331, -53.25243204510888972 ) ) ;
#8692 = CIRCLE ( 'NONE', #6611, 1.000000000000000888 ) ;
#8693 = CARTESIAN_POINT ( 'NONE',  ( -326.8556549163545242, 4.500000000000000888, -169.2210590117058189 ) ) ;
#8694 = SPHERICAL_SURFACE ( 'NONE', #2003, 5.000000000000000000 ) ;
#8695 = CARTESIAN_POINT ( 'NONE',  ( -428.4866328959737416, 4.668696823349396396, 19.46280359108043356 ) ) ;
#8696 = EDGE_CURVE ( 'NONE', #1259, #4399, #7988, .T. ) ;
#8697 = AXIS2_PLACEMENT_3D ( 'NONE', #4936, #6451, #772 ) ;
#8698 = CARTESIAN_POINT ( 'NONE',  ( -407.1715777490387040, 4.538726258075907793, 18.70822841259225555 ) ) ;
#8699 = CARTESIAN_POINT ( 'NONE',  ( -284.8556549163544105, 5.877655079465398558, -169.3535902214992745 ) ) ;
#8700 = CARTESIAN_POINT ( 'NONE',  ( -345.4872149242659134, 4.293400979081465785, -170.0835836746730365 ) ) ;
#8701 = CARTESIAN_POINT ( 'NONE',  ( -288.8467949769759002, 5.848454817159650432, 18.86040932463375341 ) ) ;
#8702 = CARTESIAN_POINT ( 'NONE',  ( -307.7659609333620097, 5.030307165849404960, 19.34439754652044385 ) ) ;
#8703 = ORIENTED_EDGE ( 'NONE', *, *, #4650, .T. ) ;
#8704 = CARTESIAN_POINT ( 'NONE',  ( -444.8556549163562295, 3.750000000000000000, -157.8524320451088840 ) ) ;
#8705 = CARTESIAN_POINT ( 'NONE',  ( -266.8556549163546379, 4.500000000000000888, 18.71619492148796127 ) ) ;
#8706 = CARTESIAN_POINT ( 'NONE',  ( -305.9771489546598104, 5.002226165318922391, -168.9661219778111558 ) ) ;
#8707 = ORIENTED_EDGE ( 'NONE', *, *, #4581, .T. ) ;
#8708 = EDGE_CURVE ( 'NONE', #1270, #3131, #3984, .T. ) ;
#8709 = AXIS2_PLACEMENT_3D ( 'NONE', #8877, #8924, #8162 ) ;
#8710 = CARTESIAN_POINT ( 'NONE',  ( -267.3780496486143079, 4.643806473694055192, 18.66990609846164517 ) ) ;
#8711 = AXIS2_PLACEMENT_3D ( 'NONE', #2406, #167, #6639 ) ;
#8712 = CARTESIAN_POINT ( 'NONE',  ( -344.8556549163545810, 5.499999999999960920, -168.3749310443081413 ) ) ;
#8713 = EDGE_CURVE ( 'NONE', #7735, #1344, #1148, .T. ) ;
#8714 = CARTESIAN_POINT ( 'NONE',  ( -345.8556549163546379, 4.500000000000000888, 19.74756795489107475 ) ) ;
#8715 = CARTESIAN_POINT ( 'NONE',  ( -264.8645148557371840, 5.848454817158821761, -169.3652734148521404 ) ) ;
#8716 = CARTESIAN_POINT ( 'NONE',  ( -445.8556549163562863, 7.000000000000000000, -160.2524320451088897 ) ) ;
#8717 = AXIS2_PLACEMENT_3D ( 'NONE', #8249, #7744, #3469 ) ;
#8718 = CARTESIAN_POINT ( 'NONE',  ( -246.8556549163562579, 4.557217304770269983, -94.12181199432791345 ) ) ;
#8719 = VERTEX_POINT ( 'NONE', #9113 ) ;
#8720 = ORIENTED_EDGE ( 'NONE', *, *, #2356, .F. ) ;
#8721 = ORIENTED_EDGE ( 'NONE', *, *, #3618, .T. ) ;
#8722 = DIRECTION ( 'NONE',  ( 0.000000000000000000, -1.000000000000000000, 0.000000000000000000 ) ) ;
#8723 = DIRECTION ( 'NONE',  ( -1.000000000000000000, 0.000000000000000000, -2.921639538487254261E-16 ) ) ;
#8724 = AXIS2_PLACEMENT_3D ( 'NONE', #8114, #2450, #2362 ) ;
#8725 = VECTOR ( 'NONE', #5576, 1000.000000000000000 ) ;
#8726 = CARTESIAN_POINT ( 'NONE',  ( -368.8556549163546379, 8.000000000000000000, -165.2524320451089181 ) ) ;
#8727 = ORIENTED_EDGE ( 'NONE', *, *, #6841, .T. ) ;
#8728 = CYLINDRICAL_SURFACE ( 'NONE', #106, 1.000000000000000888 ) ;
#8729 = CARTESIAN_POINT ( 'NONE',  ( -285.8952274193843550, 5.214525108020397148, 18.25415316029411628 ) ) ;
#8730 = DIRECTION ( 'NONE',  ( 0.000000000000000000, 1.000000000000000000, 0.000000000000000000 ) ) ;
#8731 = ORIENTED_EDGE ( 'NONE', *, *, #6070, .F. ) ;
#8732 = PRESENTATION_STYLE_ASSIGNMENT (( #4543 ) ) ;
#8733 = EDGE_CURVE ( 'NONE', #5348, #2721, #261, .T. ) ;
#8734 = CIRCLE ( 'NONE', #706, 5.000000000000000888 ) ;
#8735 = ORIENTED_EDGE ( 'NONE', *, *, #2927, .T. ) ;
#8736 = AXIS2_PLACEMENT_3D ( 'NONE', #5334, #5198, #1698 ) ;
#8737 = CARTESIAN_POINT ( 'NONE',  ( -246.8556549163562295, 4.557632275236247921, -56.38399210258083372 ) ) ;
#8738 = CARTESIAN_POINT ( 'NONE',  ( -426.1048201077168756, 4.835820077882200252, -169.0787849794647855 ) ) ;
#8739 = PLANE ( 'NONE',  #494 ) ;
#8740 = VECTOR ( 'NONE', #6677, 1000.000000000000000 ) ;
#8741 = ORIENTED_EDGE ( 'NONE', *, *, #493, .F. ) ;
#8742 = FACE_OUTER_BOUND ( 'NONE', #6320, .T. ) ;
#8743 = AXIS2_PLACEMENT_3D ( 'NONE', #2655, #5117, #828 ) ;
#8744 = CARTESIAN_POINT ( 'NONE',  ( -250.8556549163562011, 1.000000000000000000, -169.1524320451088954 ) ) ;
#8745 = CARTESIAN_POINT ( 'NONE',  ( -307.8556549163546379, 5.500000000000000888, 17.87006695409030499 ) ) ;
#8746 = CARTESIAN_POINT ( 'NONE',  ( -347.0095446511591604, 4.508727177066586655, -170.0986492161661943 ) ) ;
#8747 = ADVANCED_FACE ( 'NONE', ( #4740 ), #9204, .T. ) ;
#8748 = CARTESIAN_POINT ( 'NONE',  ( -248.2402703009716163, 4.281686611218325389, -57.25243204510889683 ) ) ;
#8749 = CARTESIAN_POINT ( 'NONE',  ( -308.5565095793086243, 4.800895434974115084, -169.9191317973535433 ) ) ;
#8750 = DIRECTION ( 'NONE',  ( 0.000000000000000000, -1.000000000000000000, 0.000000000000000000 ) ) ;
#8751 = ADVANCED_FACE ( 'NONE', ( #9070 ), #6275, .F. ) ;
#8752 = DIRECTION ( 'NONE',  ( 0.000000000000000000, 0.000000000000000000, 1.000000000000000000 ) ) ;
#8753 = ORIENTED_EDGE ( 'NONE', *, *, #6223, .T. ) ;
#8754 = LINE ( 'NONE', #7159, #3972 ) ;
#8755 = CARTESIAN_POINT ( 'NONE',  ( -347.6376471506903840, 4.873062145403102008, 18.54992966763537865 ) ) ;
#8756 = CARTESIAN_POINT ( 'NONE',  ( -305.9453488993511314, 5.030307165849416506, -169.8492616367375661 ) ) ;
#8757 = VERTEX_POINT ( 'NONE', #9020 ) ;
#8758 = CARTESIAN_POINT ( 'NONE',  ( -267.8556549163546379, 5.500000000000000888, 17.87006695409030854 ) ) ;
#8759 = AXIS2_PLACEMENT_3D ( 'NONE', #3092, #5933, #1694 ) ;
#8760 = CARTESIAN_POINT ( 'NONE',  ( -386.5493311088920336, 4.544316436061511588, 19.57651407055090331 ) ) ;
#8761 = CARTESIAN_POINT ( 'NONE',  ( -267.8556549163546379, 7.000000000000000000, 14.74756795489107297 ) ) ;
#8762 = CARTESIAN_POINT ( 'NONE',  ( -265.8273383005341088, 5.302404540044383552, -169.7061190454029429 ) ) ;
#8763 = DIRECTION ( 'NONE',  ( 0.000000000000000000, 0.6249999999999886757, 0.7806247497998090035 ) ) ;
#8764 = EDGE_CURVE ( 'NONE', #900, #3963, #2692, .T. ) ;
#8765 = CARTESIAN_POINT ( 'NONE',  ( -424.8556549163545810, 6.124999999999951150, -169.1555557941079542 ) ) ;
#8766 = ORIENTED_EDGE ( 'NONE', *, *, #1165, .F. ) ;
#8767 = EDGE_LOOP ( 'NONE', ( #8492, #8013 ) ) ;
#8768 = PRODUCT_DEFINITION ( 'ๆ', '', #6345, #4648 ) ;
#8769 = ORIENTED_EDGE ( 'NONE', *, *, #650, .F. ) ;
#8770 = CARTESIAN_POINT ( 'NONE',  ( -406.1089121559482464, 4.799337897232283545, -169.9625529789191489 ) ) ;
#8771 = DIRECTION ( 'NONE',  ( -1.000000000000000000, 0.000000000000000000, 0.000000000000000000 ) ) ;
#8772 = FACE_BOUND ( 'NONE', #1697, .T. ) ;
#8773 = CARTESIAN_POINT ( 'NONE',  ( -306.3330437580667649, 4.643937170568182005, 18.66985447363969541 ) ) ;
#8774 = CARTESIAN_POINT ( 'NONE',  ( -385.8556549163546379, 3.000000000000000000, 14.74756795489106054 ) ) ;
#8775 = ORIENTED_EDGE ( 'NONE', *, *, #6515, .F. ) ;
#8776 = CARTESIAN_POINT ( 'NONE',  ( -384.8556549163545810, 6.124999999999951150, -169.1555557941079542 ) ) ;
#8777 = CARTESIAN_POINT ( 'NONE',  ( -285.5786175973169065, 4.193287934494549063, 19.60417564810643398 ) ) ;
#8778 = CARTESIAN_POINT ( 'NONE',  ( -426.8556549163546379, 3.625000000000000000, -170.2132157533550298 ) ) ;
#8779 = ORIENTED_EDGE ( 'NONE', *, *, #217, .T. ) ;
#8780 = FACE_OUTER_BOUND ( 'NONE', #6859, .T. ) ;
#8781 = ORIENTED_EDGE ( 'NONE', *, *, #1435, .T. ) ;
#8782 = CARTESIAN_POINT ( 'NONE',  ( -436.8556549163562295, 8.000000000000000000, 0.000000000000000000 ) ) ;
#8783 = CARTESIAN_POINT ( 'NONE',  ( -326.8556549163545810, 3.625000000000000444, 19.70835166313717579 ) ) ;
#8784 = CARTESIAN_POINT ( 'NONE',  ( -444.8556549163562295, 3.750000000000000000, -72.00243204510887551 ) ) ;
#8785 = EDGE_CURVE ( 'NONE', #8430, #957, #7609, .T. ) ;
#8786 = CYLINDRICAL_SURFACE ( 'NONE', #7971, 1.000000000000000888 ) ;
#8787 = DIRECTION ( 'NONE',  ( 0.000000000000000000, 0.000000000000000000, 1.000000000000000000 ) ) ;
#8788 = CARTESIAN_POINT ( 'NONE',  ( -427.9341631952598846, 5.604658406166609375, 19.02260281621915894 ) ) ;
#8789 = CARTESIAN_POINT ( 'NONE',  ( -347.5369268556093516, 3.768189216954908272, -170.1935733750994757 ) ) ;
#8790 = TOROIDAL_SURFACE ( 'NONE', #2254, 4.000000000000000000, 1.000000000000000000 ) ;
#8791 = CARTESIAN_POINT ( 'NONE',  ( -446.8556549163562863, 10.00000000000000000, -175.2524320451088897 ) ) ;
#8792 = CARTESIAN_POINT ( 'NONE',  ( -268.8556549163546379, 7.000000000000000000, -165.2524320451089181 ) ) ;
#8793 = CARTESIAN_POINT ( 'NONE',  ( -288.1453858966529538, 4.184638865657339224, 19.61213454737416484 ) ) ;
#8794 = CARTESIAN_POINT ( 'NONE',  ( -446.8556549163562863, 7.000000000000000000, 78.00000000000000000 ) ) ;
#8795 = CARTESIAN_POINT ( 'NONE',  ( -407.9123179345493782, 5.919283266445178882, 18.80952628309081476 ) ) ;
#8796 = CARTESIAN_POINT ( 'NONE',  ( -347.4112993772124582, 3.698795873749119778, 19.70051105391996771 ) ) ;
#8797 = CARTESIAN_POINT ( 'NONE',  ( -305.8221547833344403, 6.023662094631590413, -169.2366910493347234 ) ) ;
#8798 = ORIENTED_EDGE ( 'NONE', *, *, #4140, .F. ) ;
#8799 = ADVANCED_FACE ( 'NONE', ( #7754 ), #8356, .T. ) ;
#8800 = CARTESIAN_POINT ( 'NONE',  ( -386.7857345905472357, 4.500000000000000888, 18.71619492074563595 ) ) ;
#8801 = DIRECTION ( 'NONE',  ( 0.000000000000000000, 0.000000000000000000, 1.000000000000000000 ) ) ;
#8802 = CARTESIAN_POINT ( 'NONE',  ( -265.8796730116316098, 5.274488668813468450, -168.6905061599154863 ) ) ;
#8803 = CARTESIAN_POINT ( 'NONE',  ( -250.8556549163562011, 6.099999999999999645, 18.64756795489111951 ) ) ;
#8804 = FACE_BOUND ( 'NONE', #94, .T. ) ;
#8805 = ORIENTED_EDGE ( 'NONE', *, *, #568, .T. ) ;
#8806 = AXIS2_PLACEMENT_3D ( 'NONE', #5774, #2832, #129 ) ;
#8807 = ORIENTED_EDGE ( 'NONE', *, *, #7282, .F. ) ;
#8808 = CIRCLE ( 'NONE', #4803, 5.000000000000004441 ) ;
#8809 = VERTEX_POINT ( 'NONE', #4220 ) ;
#8810 = EDGE_CURVE ( 'NONE', #2081, #3472, #3399, .T. ) ;
#8811 = EDGE_CURVE ( 'NONE', #7045, #3224, #4575, .T. ) ;
#8812 = LINE ( 'NONE', #2435, #8252 ) ;
#8813 = CARTESIAN_POINT ( 'NONE',  ( -326.8556549163545810, 3.625000000000000000, -170.2132157533550298 ) ) ;
#8814 = FACE_OUTER_BOUND ( 'NONE', #725, .T. ) ;
#8815 = CARTESIAN_POINT ( 'NONE',  ( -307.1962908863438315, 4.557275686227510114, -169.2053451122197600 ) ) ;
#8816 = CARTESIAN_POINT ( 'NONE',  ( -365.9853736802810431, 5.003640207569637788, 18.45466831438453781 ) ) ;
#8817 = ORIENTED_EDGE ( 'NONE', *, *, #4189, .T. ) ;
#8818 = CARTESIAN_POINT ( 'NONE',  ( -384.9920633294132699, 5.206273164145624577, -169.7419914405895156 ) ) ;
#8819 = LINE ( 'NONE', #2491, #5917 ) ;
#8820 = DIRECTION ( 'NONE',  ( -2.921639538487254261E-16, 0.000000000000000000, 1.000000000000000000 ) ) ;
#8821 = EDGE_LOOP ( 'NONE', ( #2116, #7003, #3549, #2470, #7978, #2061, #8379, #821, #246, #428, #3696, #7637, #3376, #5516, #6824, #6519, #4344, #8259, #7515, #7238, #5919, #7463, #7446, #6712, #1097, #8521, #4014, #6400 ) ) ;
#8822 = DIRECTION ( 'NONE',  ( 2.921639538487254261E-16, -0.000000000000000000, -1.000000000000000000 ) ) ;
#8823 = B_SPLINE_CURVE_WITH_KNOTS ( 'NONE', 3,
 ( #3644, #7222, #6531, #4301, #853, #2992, #4442, #8533, #2249, #4253, #716, #7913, #2158, #8671, #5002, #7824 ),
 .UNSPECIFIED., .F., .F.,
 ( 4, 2, 2, 2, 2, 2, 2, 4 ),
 ( 0.000000000000000000, 0.0004705481978799543334, 0.0007058222968199306599, 0.0009410963957599070406, 0.001176370494699883421, 0.001411644593639859585, 0.001646918692579835966, 0.001882192791519812346 ),
 .UNSPECIFIED. ) ;
#8824 = AXIS2_PLACEMENT_3D ( 'NONE', #3722, #7205, #835 ) ;
#8825 = VERTEX_POINT ( 'NONE', #4176 ) ;
#8826 = CARTESIAN_POINT ( 'NONE',  ( -387.4733861663404468, 3.739288344263300701, 19.69282342312303768 ) ) ;
#8827 = CARTESIAN_POINT ( 'NONE',  ( -346.3000104555044913, 3.698795873745365892, -170.2053751441384293 ) ) ;
#8828 = CIRCLE ( 'NONE', #8377, 4.000000000000003553 ) ;
#8829 = CARTESIAN_POINT ( 'NONE',  ( -367.8003840466089400, 5.167696473586352646, -168.8084823262176428 ) ) ;
#8830 = CARTESIAN_POINT ( 'NONE',  ( -427.8556549163547515, 5.416284592704887046, -168.5089829804601607 ) ) ;
#8831 = ORIENTED_EDGE ( 'NONE', *, *, #1982, .F. ) ;
#8832 = DIRECTION ( 'NONE',  ( -0.000000000000000000, -0.000000000000000000, 1.000000000000000000 ) ) ;
#8833 = CARTESIAN_POINT ( 'NONE',  ( -347.6193619629651153, 3.807091139239944244, -170.1875765360216803 ) ) ;
#8834 = EDGE_CURVE ( 'NONE', #5890, #4577, #4934, .T. ) ;
#8835 = VECTOR ( 'NONE', #1964, 1000.000000000000000 ) ;
#8836 = AXIS2_PLACEMENT_3D ( 'NONE', #1060, #7301, #3812 ) ;
#8837 = CIRCLE ( 'NONE', #5274, 1.349999999999976108 ) ;
#8838 = CARTESIAN_POINT ( 'NONE',  ( -345.8556549163545810, 5.500000000000000888, -168.3749310443081413 ) ) ;
#8839 = DIRECTION ( 'NONE',  ( 0.000000000000000000, 1.000000000000000000, -0.000000000000000000 ) ) ;
#8840 = CARTESIAN_POINT ( 'NONE',  ( -287.0081178026991893, 4.500000005119374258, 19.59811202265062491 ) ) ;
#8841 = AXIS2_PLACEMENT_3D ( 'NONE', #7592, #8292, #6759 ) ;
#8842 = CARTESIAN_POINT ( 'NONE',  ( -445.8556549163562863, 3.750000000000000000, -0.5024320451088859496 ) ) ;
#8843 = CARTESIAN_POINT ( 'NONE',  ( -408.8556549163546379, 6.124999999999981348, 18.65069170389007169 ) ) ;
#8844 = CARTESIAN_POINT ( 'NONE',  ( -347.8839715321790322, 5.302404540044530989, 19.20125495518866643 ) ) ;
#8845 = CARTESIAN_POINT ( 'NONE',  ( -1.885059646467264690E-15, 8.000000000000000000, 14.74756795489110850 ) ) ;
#8846 = ORIENTED_EDGE ( 'NONE', *, *, #8100, .T. ) ;
#8847 = AXIS2_PLACEMENT_3D ( 'NONE', #31, #2869, #8458 ) ;
#8848 = ADVANCED_FACE ( 'NONE', ( #6967 ), #1295, .F. ) ;
#8849 = CARTESIAN_POINT ( 'NONE',  ( -408.6730116749450303, 5.070098603588712116, -169.8061121740519752 ) ) ;
#8850 = ADVANCED_FACE ( 'NONE', ( #2641 ), #3524, .F. ) ;
#8851 = DIRECTION ( 'NONE',  ( 2.921639538487254261E-16, -0.000000000000000000, -1.000000000000000000 ) ) ;
#8852 = LINE ( 'NONE', #5319, #1868 ) ;
#8853 = DIRECTION ( 'NONE',  ( 1.000000000000000000, 0.000000000000000000, 0.000000000000000000 ) ) ;
#8854 = CARTESIAN_POINT ( 'NONE',  ( -387.7659609333618960, 5.030307165849322359, 19.34439754652015608 ) ) ;
#8855 = ORIENTED_EDGE ( 'NONE', *, *, #5192, .F. ) ;
#8856 = AXIS2_PLACEMENT_3D ( 'NONE', #6395, #13, #1220 ) ;
#8857 = ORIENTED_EDGE ( 'NONE', *, *, #6711, .T. ) ;
#8858 = AXIS2_PLACEMENT_3D ( 'NONE', #3766, #8750, #7347 ) ;
#8859 = ORIENTED_EDGE ( 'NONE', *, *, #5971, .T. ) ;
#8860 = LINE ( 'NONE', #2483, #829 ) ;
#8861 = EDGE_CURVE ( 'NONE', #1703, #6393, #1759, .T. ) ;
#8862 = CARTESIAN_POINT ( 'NONE',  ( -287.8556549163546379, 7.000000000000000000, 19.74756795489107475 ) ) ;
#8863 = CIRCLE ( 'NONE', #4864, 5.000000000000000888 ) ;
#8864 = DIRECTION ( 'NONE',  ( 1.000000000000000000, 0.000000000000000000, 0.000000000000000000 ) ) ;
#8865 = DIRECTION ( 'NONE',  ( 1.000000000000000000, 0.000000000000000000, 0.000000000000000000 ) ) ;
#8866 = ORIENTED_EDGE ( 'NONE', *, *, #4419, .F. ) ;
#8867 = CARTESIAN_POINT ( 'NONE',  ( -251.8556549163562579, 0.000000000000000000, -170.2524320451088897 ) ) ;
#8868 = ADVANCED_FACE ( 'NONE', ( #6176 ), #8136, .F. ) ;
#8869 = FACE_OUTER_BOUND ( 'NONE', #7228, .T. ) ;
#8870 = AXIS2_PLACEMENT_3D ( 'NONE', #2427, #8009, #2386 ) ;
#8871 = CARTESIAN_POINT ( 'NONE',  ( -425.0381541654786588, 5.070576912793788971, -169.8058771670545184 ) ) ;
#8872 = ORIENTED_EDGE ( 'NONE', *, *, #6254, .T. ) ;
#8873 = VERTEX_POINT ( 'NONE', #6867 ) ;
#8874 = CARTESIAN_POINT ( 'NONE',  ( -246.8556549163562295, 6.021665298933943866, -56.11260100056696842 ) ) ;
#8875 = VECTOR ( 'NONE', #763, 1000.000000000000000 ) ;
#8876 = AXIS2_PLACEMENT_3D ( 'NONE', #2589, #7608, #7660 ) ;
#8877 = CARTESIAN_POINT ( 'NONE',  ( -284.8556549163545810, 3.000000000000000000, -165.2524320451089181 ) ) ;
#8878 = DIRECTION ( 'NONE',  ( 0.000000000000000000, 0.000000000000000000, 1.000000000000000000 ) ) ;
#8879 = CARTESIAN_POINT ( 'NONE',  ( -384.8556549163546379, 8.000000000000000000, 14.74756795489106054 ) ) ;
#8880 = EDGE_LOOP ( 'NONE', ( #6122, #7967, #5553, #8302 ) ) ;
#8881 = DIRECTION ( 'NONE',  ( 0.000000000000000000, 0.6249999999999882316, 0.7806247497998093365 ) ) ;
#8882 = EDGE_CURVE ( 'NONE', #900, #3914, #491, .T. ) ;
#8883 = DIRECTION ( 'NONE',  ( 0.000000000000000000, 0.000000000000000000, 1.000000000000000000 ) ) ;
#8884 = VERTEX_POINT ( 'NONE', #6367 ) ;
#8885 = FACE_OUTER_BOUND ( 'NONE', #6709, .T. ) ;
#8886 = VECTOR ( 'NONE', #4097, 1000.000000000000000 ) ;
#8887 = CARTESIAN_POINT ( 'NONE',  ( -325.8556549163545810, 3.000000000000000000, 14.74756795489106764 ) ) ;
#8888 = EDGE_CURVE ( 'NONE', #2856, #7099, #1320, .T. ) ;
#8889 =( GEOMETRIC_REPRESENTATION_CONTEXT ( 3 ) GLOBAL_UNCERTAINTY_ASSIGNED_CONTEXT ( ( #8364 ) ) GLOBAL_UNIT_ASSIGNED_CONTEXT ( ( #4257, #5005, #758 ) ) REPRESENTATION_CONTEXT ( 'NONE', 'WORKASPACE' ) );
#8890 = VECTOR ( 'NONE', #6786, 1000.000000000000000 ) ;
#8891 = VECTOR ( 'NONE', #876, 1000.000000000000000 ) ;
#8892 = CARTESIAN_POINT ( 'NONE',  ( -345.9771489546599241, 5.002226165318923279, -168.9661219778111558 ) ) ;
#8893 = CARTESIAN_POINT ( 'NONE',  ( -307.0150539045997675, 3.624999999999968914, -170.2132157533550298 ) ) ;
#8894 = CARTESIAN_POINT ( 'NONE',  ( -287.8556549163546379, 5.416284592704887046, -168.5089829804601607 ) ) ;
#8895 =( BOUNDED_SURFACE ( )  B_SPLINE_SURFACE ( 3, 2, ( 
 ( #8967, #1889, #4739 ),
 ( #1430, #6407, #866 ),
 ( #7974, #27, #768 ),
 ( #726, #4352, #9203 ),
 ( #2216, #2825, #2909 ),
 ( #7139, #4219, #1519 ),
 ( #7181, #3610, #7052 ),
 ( #8639, #6496, #6445 ),
 ( #71, #814, #5064 ),
 ( #5671, #2169, #5761 ),
 ( #5846, #5015, #1564 ),
 ( #3657, #3523, #5712 ),
 ( #4266, #3704, #2864 ),
 ( #119, #7837, #8594 ) ),
 .UNSPECIFIED., .F., .F., .F. ) 
 B_SPLINE_SURFACE_WITH_KNOTS ( ( 4, 2, 2, 2, 2, 2, 4 ),
 ( 3, 3 ),
 ( 0.001015998582458484817, 0.001428449273945002788, 0.001840899965431520759, 0.002253350656918038514, 0.002665801348404556702, 0.003490702731377592644, 0.004315604114350628587 ),
 ( 0.000000000000000000, 1.000000000000000000 ),
 .UNSPECIFIED. ) 
 GEOMETRIC_REPRESENTATION_ITEM ( )  RATIONAL_B_SPLINE_SURFACE ( (
 ( 1.000000000000000000, 0.7071067811865496822, 1.000000000000000000),
 ( 1.000000000000000000, 0.7191539465619442018, 1.000000000000000000),
 ( 1.000000000000000000, 0.7296663882558011016, 1.000000000000000000),
 ( 1.000000000000000000, 0.7474372416597908630, 1.000000000000000000),
 ( 1.000000000000000000, 0.7547518899035197126, 1.000000000000000000),
 ( 1.000000000000000000, 0.7656299723743469343, 1.000000000000000000),
 ( 1.000000000000000000, 0.7691951883259209310, 1.000000000000000000),
 ( 1.000000000000000000, 0.7731396847002443007, 1.000000000000000000),
 ( 1.000000000000000000, 0.7734820014411815103, 1.000000000000000000),
 ( 1.000000000000000000, 0.7709873420233366303, 1.000000000000000000),
 ( 1.000000000000000000, 0.7646994115827951966, 1.000000000000000000),
 ( 1.000000000000000000, 0.7540697026764631161, 1.000000000000000000),
 ( 1.000000000000000000, 0.7498104614824783187, 1.000000000000000000),
 ( 1.000000000000000000, 0.7500000000000004441, 1.000000000000000000) ) ) 
 REPRESENTATION_ITEM ( '' )  SURFACE ( )  );
#8896 = CARTESIAN_POINT ( 'NONE',  ( -407.9085373833143535, 5.400530990987627789, 19.14598017579388056 ) ) ;
#8897 = FACE_OUTER_BOUND ( 'NONE', #4446, .T. ) ;
#8898 = CARTESIAN_POINT ( 'NONE',  ( -305.8556549163545810, 6.124999999999977796, -169.1555557941079542 ) ) ;
#8899 = ORIENTED_EDGE ( 'NONE', *, *, #7556, .T. ) ;
#8900 = CARTESIAN_POINT ( 'NONE',  ( -407.4735974467517394, 3.739460732190676318, -170.1976603761552838 ) ) ;
#8901 = CARTESIAN_POINT ( 'NONE',  ( -405.9383153597868272, 5.097004927023504273, 18.37354440211543505 ) ) ;
#8902 = DIRECTION ( 'NONE',  ( 0.000000000000000000, -1.000000000000000000, 0.000000000000000000 ) ) ;
#8903 = EDGE_CURVE ( 'NONE', #6991, #6166, #7883, .T. ) ;
#8904 = CARTESIAN_POINT ( 'NONE',  ( -385.8556549163546379, 5.500000000000000888, 19.74756795489107475 ) ) ;
#8905 = CARTESIAN_POINT ( 'NONE',  ( -387.9123179345494918, 5.919283266445357405, 18.80952628309081831 ) ) ;
#8906 = ORIENTED_EDGE ( 'NONE', *, *, #4955, .F. ) ;
#8907 = ORIENTED_EDGE ( 'NONE', *, *, #1144, .F. ) ;
#8908 = ORIENTED_EDGE ( 'NONE', *, *, #3013, .F. ) ;
#8909 = CIRCLE ( 'NONE', #8461, 1.349999999999976108 ) ;
#8910 = CARTESIAN_POINT ( 'NONE',  ( -441.8556549163562295, 3.000000000000000000, -170.2524320451089181 ) ) ;
#8911 = DIRECTION ( 'NONE',  ( 0.000000000000000000, 0.000000000000000000, -1.000000000000000000 ) ) ;
#8912 = CARTESIAN_POINT ( 'NONE',  ( -385.8556549163546379, 5.416284592704881717, 18.00411889024233858 ) ) ;
#8913 = CARTESIAN_POINT ( 'NONE',  ( -307.5458030052795948, 4.773209397924164321, -169.1145156408490777 ) ) ;
#8914 = CARTESIAN_POINT ( 'NONE',  ( -386.8556549163546379, 4.500000000000000888, 18.71619492148794706 ) ) ;
#8915 = ORIENTED_EDGE ( 'NONE', *, *, #1423, .F. ) ;
#8916 = DIRECTION ( 'NONE',  ( 0.000000000000000000, 0.000000000000000000, 1.000000000000000000 ) ) ;
#8917 = DIRECTION ( 'NONE',  ( 0.000000000000000000, 0.6249999999999882316, 0.7806247497998093365 ) ) ;
#8918 = DIRECTION ( 'NONE',  ( -1.000000000000000000, -0.000000000000000000, -0.000000000000000000 ) ) ;
#8919 = ORIENTED_EDGE ( 'NONE', *, *, #2429, .F. ) ;
#8920 = EDGE_CURVE ( 'NONE', #1076, #2489, #5321, .T. ) ;
#8921 = ORIENTED_EDGE ( 'NONE', *, *, #4447, .F. ) ;
#8922 = CARTESIAN_POINT ( 'NONE',  ( -266.9255752421616990, 4.500000000000000888, -169.2210590109625343 ) ) ;
#8923 = EDGE_CURVE ( 'NONE', #9132, #3552, #6508, .T. ) ;
#8924 = DIRECTION ( 'NONE',  ( -1.000000000000000000, -0.000000000000000000, -2.921639538487254261E-16 ) ) ;
#8925 = CARTESIAN_POINT ( 'NONE',  ( -365.4872286992631416, 4.293272472136242079, 19.57877009483503272 ) ) ;
#8926 = CARTESIAN_POINT ( 'NONE',  ( -385.9258535707914461, 5.116383170996373408, -168.8654494467709242 ) ) ;
#8927 = B_SPLINE_CURVE_WITH_KNOTS ( 'NONE', 3,
 ( #4146, #6330, #7021, #7724, #6286, #8273, #9171, #3405, #8224, #8368, #460, #9123, #5399, #4752, #4700, #7528 ),
 .UNSPECIFIED., .F., .F.,
 ( 4, 2, 2, 2, 2, 2, 2, 4 ),
 ( 0.000000000000000000, 0.0002351675953986707350, 0.0004703351907973414700, 0.0007055027861960121507, 0.0009406703815946829399, 0.001175837976993353729, 0.001411005572392024301, 0.001881340763189365880 ),
 .UNSPECIFIED. ) ;
#8928 = VERTEX_POINT ( 'NONE', #163 ) ;
#8929 = CARTESIAN_POINT ( 'NONE',  ( -367.8556549163546379, 5.500000000000000888, -168.3749310443081413 ) ) ;
#8930 = DIRECTION ( 'NONE',  ( -1.000000000000000000, 0.000000000000000000, 0.000000000000000000 ) ) ;
#8931 = VERTEX_POINT ( 'NONE', #817 ) ;
#8932 = CARTESIAN_POINT ( 'NONE',  ( -345.8556549163546379, 7.000000000000000000, 14.74756795489106587 ) ) ;
#8933 = CARTESIAN_POINT ( 'NONE',  ( -267.8556549163546379, 4.500000000000000888, 19.74756795489107475 ) ) ;
#8934 = CARTESIAN_POINT ( 'NONE',  ( -424.8556549163546379, 6.124999999999944933, 18.65069170389010011 ) ) ;
#8935 = CARTESIAN_POINT ( 'NONE',  ( -286.1048201077168187, 4.835820077882200252, -169.0787849794647855 ) ) ;
#8936 = EDGE_CURVE ( 'NONE', #7457, #8622, #316, .T. ) ;
#8937 = CARTESIAN_POINT ( 'NONE',  ( -436.8556549163562295, 3.000000000000000000, 14.74756795489104455 ) ) ;
#8938 = FACE_OUTER_BOUND ( 'NONE', #4404, .T. ) ;
#8939 = CARTESIAN_POINT ( 'NONE',  ( -287.6071014256183958, 4.836586271791889047, -169.0782802632811581 ) ) ;
#8940 = CARTESIAN_POINT ( 'NONE',  ( -286.8556549163546379, 3.625000000000000000, -170.2132157533550298 ) ) ;
#8941 = CARTESIAN_POINT ( 'NONE',  ( -347.0081178027108990, 4.500000005119375146, 19.59811202265062136 ) ) ;
#8942 = DIRECTION ( 'NONE',  ( -1.000000000000000000, 0.000000000000000000, -1.278217298088173739E-16 ) ) ;
#8943 = ORIENTED_EDGE ( 'NONE', *, *, #733, .T. ) ;
#8944 = CARTESIAN_POINT ( 'NONE',  ( -346.9352240827999481, 4.500000000000002665, -169.2210590117058473 ) ) ;
#8945 = CARTESIAN_POINT ( 'NONE',  ( -404.8645494405129170, 5.847915706121072255, 18.86079526954917185 ) ) ;
#8946 = CYLINDRICAL_SURFACE ( 'NONE', #3606, 1.150000000000012124 ) ;
#8947 = CARTESIAN_POINT ( 'NONE',  ( -287.7729944729223348, 5.097004927023129461, -168.8784084923340174 ) ) ;
#8948 = CARTESIAN_POINT ( 'NONE',  ( -249.3556549163562295, 0.000000000000000000, -95.25243204510888972 ) ) ;
#8949 = ORIENTED_EDGE ( 'NONE', *, *, #5677, .F. ) ;
#8950 = VERTEX_POINT ( 'NONE', #7289 ) ;
#8951 = ORIENTED_EDGE ( 'NONE', *, *, #8448, .F. ) ;
#8952 = EDGE_CURVE ( 'NONE', #1456, #8190, #3955, .T. ) ;
#8953 = CARTESIAN_POINT ( 'NONE',  ( -428.3192064024754018, 4.413286528475440562, -170.0503831160281436 ) ) ;
#8954 = CARTESIAN_POINT ( 'NONE',  ( -307.6071014256183958, 4.836586271791889047, -169.0782802632811581 ) ) ;
#8955 = CARTESIAN_POINT ( 'NONE',  ( -308.6903340270924332, 5.117512316920580062, -169.7849026007241946 ) ) ;
#8956 = CARTESIAN_POINT ( 'NONE',  ( -365.8556549163546947, 5.416284592704882606, 18.00411889024233858 ) ) ;
#8957 = ORIENTED_EDGE ( 'NONE', *, *, #6682, .F. ) ;
#8958 = DIRECTION ( 'NONE',  ( -1.000000000000000000, 0.000000000000000000, -1.278217298088173739E-16 ) ) ;
#8959 = CARTESIAN_POINT ( 'NONE',  ( -441.8556549163562295, 8.000000000000000000, -165.2524320451089181 ) ) ;
#8960 = EDGE_LOOP ( 'NONE', ( #306, #7031, #489, #1271 ) ) ;
#8961 = ORIENTED_EDGE ( 'NONE', *, *, #5411, .T. ) ;
#8962 = CARTESIAN_POINT ( 'NONE',  ( -266.9333269932106418, 4.500000003626995593, -170.1029761136050524 ) ) ;
#8963 = FACE_OUTER_BOUND ( 'NONE', #1608, .T. ) ;
#8964 = CARTESIAN_POINT ( 'NONE',  ( -266.1534622811191184, 4.784051302019448393, 18.60362175716056043 ) ) ;
#8965 = CARTESIAN_POINT ( 'NONE',  ( -426.9942690904481992, 4.507254365895950521, -169.2193079470704049 ) ) ;
#8966 = ORIENTED_EDGE ( 'NONE', *, *, #4912, .F. ) ;
#8967 = CARTESIAN_POINT ( 'NONE',  ( -284.8556549163545810, 6.124999999999972466, -169.1555557941079542 ) ) ;
#8968 = EDGE_CURVE ( 'NONE', #957, #5765, #8863, .T. ) ;
#8969 = CARTESIAN_POINT ( 'NONE',  ( -386.8556549163546379, 3.500000000000000444, 18.71619492148794706 ) ) ;
#8970 = EDGE_LOOP ( 'NONE', ( #4765, #1218, #1284, #7551 ) ) ;
#8971 = CIRCLE ( 'NONE', #940, 4.000000000000000000 ) ;
#8972 = DIRECTION ( 'NONE',  ( 0.000000000000000000, -1.000000000000000000, 0.000000000000000000 ) ) ;
#8973 = FACE_OUTER_BOUND ( 'NONE', #3102, .T. ) ;
#8974 = CARTESIAN_POINT ( 'NONE',  ( -427.8556549163546379, 5.500000000000000888, -168.3749310443081413 ) ) ;
#8975 = CARTESIAN_POINT ( 'NONE',  ( -265.3921034302339876, 4.413286528475444115, 19.54551902581030731 ) ) ;
#8976 = CIRCLE ( 'NONE', #7336, 4.000000000000000000 ) ;
#8977 = CARTESIAN_POINT ( 'NONE',  ( -265.2930420790494281, 4.555586803579785737, 19.50118134527032154 ) ) ;
#8978 = CARTESIAN_POINT ( 'NONE',  ( -306.8556549163546379, 4.500000000000000888, 19.59811202517614959 ) ) ;
#8979 = CARTESIAN_POINT ( 'NONE',  ( -308.3192064024752881, 4.413286528475440562, -170.0503831160281436 ) ) ;
#8980 = CARTESIAN_POINT ( 'NONE',  ( -287.2406072713884555, 4.573837122825717749, -169.2002916657260130 ) ) ;
#8981 = CARTESIAN_POINT ( 'NONE',  ( -407.8556549163546379, 6.124999999999985789, 18.65069170389006814 ) ) ;
#8982 = CARTESIAN_POINT ( 'NONE',  ( -407.7259361524282326, 5.003640207569657328, -168.9595324046023848 ) ) ;
#8983 = EDGE_CURVE ( 'NONE', #343, #5801, #4454, .T. ) ;
#8984 = EDGE_CURVE ( 'NONE', #3315, #1605, #3327, .T. ) ;
#8985 = CARTESIAN_POINT ( 'NONE',  ( -246.8556549163562579, 6.184658438426472671, -93.25243204510888972 ) ) ;
#8986 = ORIENTED_EDGE ( 'NONE', *, *, #2163, .F. ) ;
#8987 = CIRCLE ( 'NONE', #5419, 1.349999999999990097 ) ;
#8988 = CARTESIAN_POINT ( 'NONE',  ( -327.8556549163545810, 3.000000000000000000, -165.2524320451089181 ) ) ;
#8989 = CARTESIAN_POINT ( 'NONE',  ( -405.2120305543442669, 4.691125519188227955, 19.45532923085620425 ) ) ;
#8990 = CARTESIAN_POINT ( 'NONE',  ( -256.8556549163562295, 3.000000000000000000, 19.74756795489107475 ) ) ;
#8991 = DIRECTION ( 'NONE',  ( 0.000000000000000000, 0.6249999999999882316, 0.7806247497998093365 ) ) ;
#8992 = CARTESIAN_POINT ( 'NONE',  ( -387.8556549163546379, 5.445450499394114630, -168.4622801552191902 ) ) ;
#8993 = EDGE_LOOP ( 'NONE', ( #152, #8435, #3886, #6162 ) ) ;
#8994 = EDGE_CURVE ( 'NONE', #2679, #8288, #2494, .T. ) ;
#8995 =( NAMED_UNIT ( * ) SI_UNIT ( $, .STERADIAN. ) SOLID_ANGLE_UNIT ( ) );
#8996 = EDGE_LOOP ( 'NONE', ( #3975, #1749, #527, #844 ) ) ;
#8997 = ORIENTED_EDGE ( 'NONE', *, *, #6446, .F. ) ;
#8998 = EDGE_CURVE ( 'NONE', #8616, #581, #1313, .T. ) ;
#8999 = LINE ( 'NONE', #4718, #7959 ) ;
#9000 = LINE ( 'NONE', #4623, #5136 ) ;
#9001 = CARTESIAN_POINT ( 'NONE',  ( -307.4428557303486400, 4.687071811803892984, -169.1570276738594316 ) ) ;
#9002 = CARTESIAN_POINT ( 'NONE',  ( -308.7765099126931432, 5.411312770689274743, -169.6356635552781995 ) ) ;
#9003 = DIRECTION ( 'NONE',  ( -1.000000000000000000, 0.000000000000000000, 0.000000000000000000 ) ) ;
#9004 = VERTEX_POINT ( 'NONE', #7183 ) ;
#9005 = CARTESIAN_POINT ( 'NONE',  ( -305.8556549163546379, 4.500000000000000888, 19.74756795489107475 ) ) ;
#9006 = FACE_OUTER_BOUND ( 'NONE', #4974, .T. ) ;
#9007 = CARTESIAN_POINT ( 'NONE',  ( -248.6618665517937359, 2.126214283665325500, -95.24426731757721143 ) ) ;
#9008 = VERTEX_POINT ( 'NONE', #2310 ) ;
#9009 = ORIENTED_EDGE ( 'NONE', *, *, #1504, .F. ) ;
#9010 = CIRCLE ( 'NONE', #5001, 1.349999999999977884 ) ;
#9011 = DIRECTION ( 'NONE',  ( -1.000000000000000000, -0.000000000000000000, -0.000000000000000000 ) ) ;
#9012 = AXIS2_PLACEMENT_3D ( 'NONE', #4883, #4214, #6268 ) ;
#9013 = CARTESIAN_POINT ( 'NONE',  ( -345.8556549163545810, 5.445482461463257984, -168.4622289694927986 ) ) ;
#9014 = CARTESIAN_POINT ( 'NONE',  ( -364.8556549163546379, 6.124999999999944933, 18.65069170389010722 ) ) ;
#9015 = AXIS2_PLACEMENT_3D ( 'NONE', #3375, #3321, #1181 ) ;
#9016 = CARTESIAN_POINT ( 'NONE',  ( -427.6565166143253123, 4.875924695994214630, -169.9249766519568823 ) ) ;
#9017 = ORIENTED_EDGE ( 'NONE', *, *, #162, .F. ) ;
#9018 = CARTESIAN_POINT ( 'NONE',  ( -324.8556549163545242, 5.499999999999960920, -168.3749310443081413 ) ) ;
#9019 = EDGE_CURVE ( 'NONE', #2390, #2868, #2964, .T. ) ;
#9020 = CARTESIAN_POINT ( 'NONE',  ( -425.8556549163546379, 5.500000000000000888, 17.87006695409029078 ) ) ;
#9021 = ORIENTED_EDGE ( 'NONE', *, *, #356, .F. ) ;
#9022 = CARTESIAN_POINT ( 'NONE',  ( -406.0931336379928780, 3.806447783934358231, -170.1876835677589099 ) ) ;
#9023 = DIRECTION ( 'NONE',  ( 0.000000000000000000, 0.000000000000000000, -1.000000000000000000 ) ) ;
#9024 = CARTESIAN_POINT ( 'NONE',  ( -425.4872286992631416, 4.293272472136242968, 19.57877009483502917 ) ) ;
#9025 = FACE_OUTER_BOUND ( 'NONE', #1369, .T. ) ;
#9026 = FACE_OUTER_BOUND ( 'NONE', #671, .T. ) ;
#9027 = CARTESIAN_POINT ( 'NONE',  ( -305.8952274193842982, 5.214525108020450439, 18.25415316029435431 ) ) ;
#9028 = CARTESIAN_POINT ( 'NONE',  ( -328.6731556672306169, 5.070576912793773872, 19.30101307683661460 ) ) ;
#9029 = AXIS2_PLACEMENT_3D ( 'NONE', #8029, #2543, #402 ) ;
#9030 = CARTESIAN_POINT ( 'NONE',  ( -287.8556549163546379, 3.000000000000000000, 14.74756795489107120 ) ) ;
#9031 = DIRECTION ( 'NONE',  ( 0.000000000000000000, 0.000000000000000000, 1.000000000000000000 ) ) ;
#9032 = DIRECTION ( 'NONE',  ( 0.000000000000000000, 0.6249999999999882316, 0.7806247497998093365 ) ) ;
#9033 = CARTESIAN_POINT ( 'NONE',  ( -246.8556549163562011, 1.788665160513569941, -97.25243204510888972 ) ) ;
#9034 = ORIENTED_EDGE ( 'NONE', *, *, #2597, .F. ) ;
#9035 = CIRCLE ( 'NONE', #3968, 1.000000000000000888 ) ;
#9036 = EDGE_CURVE ( 'NONE', #5799, #4579, #3207, .T. ) ;
#9037 = CIRCLE ( 'NONE', #253, 5.000000000000004441 ) ;
#9038 = EDGE_CURVE ( 'NONE', #1193, #4677, #5779, .T. ) ;
#9039 = CARTESIAN_POINT ( 'NONE',  ( -384.8645494405129739, 5.847915706121115775, 18.86079526954914698 ) ) ;
#9040 = CARTESIAN_POINT ( 'NONE',  ( -325.8026483570804999, 3.992597862135470077, 19.64913136511978919 ) ) ;
#9041 = CARTESIAN_POINT ( 'NONE',  ( -408.8556549163546379, 7.000000000000000000, 19.74756795489107475 ) ) ;
#9042 = AXIS2_PLACEMENT_3D ( 'NONE', #626, #2025, #1975 ) ;
#9043 = CARTESIAN_POINT ( 'NONE',  ( -287.1619787238170716, 4.544316436059742337, -170.0813781607695034 ) ) ;
#9044 = CARTESIAN_POINT ( 'NONE',  ( -387.9124047648170404, 5.918887576270607020, -169.3146843188903858 ) ) ;
#9045 = ORIENTED_EDGE ( 'NONE', *, *, #2202, .T. ) ;
#9046 = CARTESIAN_POINT ( 'NONE',  ( -365.0753333789934345, 4.974239720232511708, -169.8486235559576585 ) ) ;
#9047 = VERTEX_POINT ( 'NONE', #1002 ) ;
#9048 = ORIENTED_EDGE ( 'NONE', *, *, #7503, .F. ) ;
#9049 = EDGE_CURVE ( 'NONE', #929, #5203, #3517, .T. ) ;
#9050 = CARTESIAN_POINT ( 'NONE',  ( -368.3194221116168592, 4.413458803463290003, 19.54549775887513974 ) ) ;
#9051 = CARTESIAN_POINT ( 'NONE',  ( -306.5387405911662881, 3.649012588301083770, 19.70547760320676645 ) ) ;
#9052 = CARTESIAN_POINT ( 'NONE',  ( -307.7800760629614274, 5.113725464068129334, -168.8621966657040616 ) ) ;
#9053 = CARTESIAN_POINT ( 'NONE',  ( -308.8556549274293275, 5.988627236847626101, -169.2647413880723661 ) ) ;
#9054 = CARTESIAN_POINT ( 'NONE',  ( -367.4112993772124582, 3.698795873749040730, 19.70051105391997481 ) ) ;
#9055 = VERTEX_POINT ( 'NONE', #296 ) ;
#9056 = CARTESIAN_POINT ( 'NONE',  ( -384.8556549163545810, 7.000000000000000000, -165.2524320451089181 ) ) ;
#9057 = B_SPLINE_CURVE_WITH_KNOTS ( 'NONE', 3,
 ( #8934, #3397, #2595, #8214, #6872, #7470, #5489, #6780, #9024, #497, #3343, #7519, #6180, #8360, #3943, #4792 ),
 .UNSPECIFIED., .F., .F.,
 ( 4, 2, 2, 2, 2, 2, 2, 4 ),
 ( 0.000000000000000000, 0.0009498534235542423123, 0.001424780135331365962, 0.001899706847108489612, 0.002374633558885613262, 0.002849560270662737128, 0.003324486982439860561, 0.003799413694216984428 ),
 .UNSPECIFIED. ) ;
#9058 = CARTESIAN_POINT ( 'NONE',  ( -365.8285758049789820, 3.971882637441350283, -170.1577872574326591 ) ) ;
#9059 = EDGE_CURVE ( 'NONE', #856, #7843, #3142, .T. ) ;
#9060 = EDGE_LOOP ( 'NONE', ( #6102, #1110, #351, #4954 ) ) ;
#9061 = CIRCLE ( 'NONE', #3706, 4.999999999999999112 ) ;
#9062 = ORIENTED_EDGE ( 'NONE', *, *, #8276, .T. ) ;
#9063 = CARTESIAN_POINT ( 'NONE',  ( -388.7192465032959490, 5.206273164145589938, 19.23712735037162957 ) ) ;
#9064 = CARTESIAN_POINT ( 'NONE',  ( -325.8556549163545242, 5.445482461463225121, -168.4622289694928554 ) ) ;
#9065 = CARTESIAN_POINT ( 'NONE',  ( -266.3330437580668217, 4.643937170568182005, 18.66985447363969897 ) ) ;
#9066 = CARTESIAN_POINT ( 'NONE',  ( -385.9771489546600378, 5.002226165318923279, -168.9661219778111558 ) ) ;
#9067 = CIRCLE ( 'NONE', #9211, 1.000000000000000444 ) ;
#9068 = EDGE_LOOP ( 'NONE', ( #6217, #6619, #914 ) ) ;
#9069 = CYLINDRICAL_SURFACE ( 'NONE', #6644, 1.349999999999990097 ) ;
#9070 = FACE_OUTER_BOUND ( 'NONE', #3738, .T. ) ;
#9071 = ORIENTED_EDGE ( 'NONE', *, *, #7838, .T. ) ;
#9072 = CARTESIAN_POINT ( 'NONE',  ( -426.8556549163546947, 4.500000000000000888, 18.71619492148793995 ) ) ;
#9073 = CARTESIAN_POINT ( 'NONE',  ( -348.2359510929709359, 4.308023494658913322, -170.0800365345099578 ) ) ;
#9074 = CARTESIAN_POINT ( 'NONE',  ( -366.8556549163546379, 4.500000000000000888, 18.71619492148794706 ) ) ;
#9075 = DIRECTION ( 'NONE',  ( 0.000000000000000000, 0.000000000000000000, -1.000000000000000000 ) ) ;
#9076 = EDGE_CURVE ( 'NONE', #6857, #813, #4494, .T. ) ;
#9077 = CARTESIAN_POINT ( 'NONE',  ( -306.7779828394986339, 4.500000003626994705, 19.59811202338748259 ) ) ;
#9078 = CARTESIAN_POINT ( 'NONE',  ( -328.8556549163546379, 5.877655079465405663, 18.84872613128141339 ) ) ;
#9079 = CARTESIAN_POINT ( 'NONE',  ( -346.0199841525925422, 4.946426151581507114, 18.49902245509283105 ) ) ;
#9080 = CARTESIAN_POINT ( 'NONE',  ( -367.7854562619177159, 5.116383170996373408, 18.36058535655305590 ) ) ;
#9081 = CARTESIAN_POINT ( 'NONE',  ( -407.6913256801166767, 4.946426151581515107, -169.0038865453106780 ) ) ;
#9082 = CARTESIAN_POINT ( 'NONE',  ( -246.8556549163562579, 1.500000000000048184, -97.25243204510888972 ) ) ;
#9083 = ORIENTED_EDGE ( 'NONE', *, *, #8022, .F. ) ;
#9084 = DIRECTION ( 'NONE',  ( -1.000000000000000000, 0.000000000000000000, 0.000000000000000000 ) ) ;
#9085 = CARTESIAN_POINT ( 'NONE',  ( -326.2171362563949515, 4.727315172673418608, 18.63285410489466898 ) ) ;
#9086 = CARTESIAN_POINT ( 'NONE',  ( -425.9383153597867704, 5.097004927023557563, 18.37354440211567308 ) ) ;
#9087 = DIRECTION ( 'NONE',  ( -1.387778780781445676E-16, -0.000000000000000000, -1.000000000000000000 ) ) ;
#9088 = EDGE_CURVE ( 'NONE', #7862, #3026, #5301, .T. ) ;
#9089 = CARTESIAN_POINT ( 'NONE',  ( -388.8074314588282618, 5.560135856428987999, -169.5506836905861405 ) ) ;
#9090 = EDGE_LOOP ( 'NONE', ( #5811, #4061, #5551, #752 ) ) ;
#9091 = CARTESIAN_POINT ( 'NONE',  ( -405.4872286992630848, 4.293272472136242079, 19.57877009483502917 ) ) ;
#9092 = VERTEX_POINT ( 'NONE', #6721 ) ;
#9093 = AXIS2_PLACEMENT_3D ( 'NONE', #6818, #3288, #4929 ) ;
#9094 = VERTEX_POINT ( 'NONE', #2444 ) ;
#9095 = CARTESIAN_POINT ( 'NONE',  ( -407.7651547829831316, 5.029006227352279090, -169.8499098049644829 ) ) ;
#9096 = PLANE ( 'NONE',  #7068 ) ;
#9097 = CARTESIAN_POINT ( 'NONE',  ( -344.8556549163545810, 7.000000000000000000, -165.2524320451089181 ) ) ;
#9098 = DIRECTION ( 'NONE',  ( 0.000000000000000000, 0.7806247497998088924, -0.6249999999999886757 ) ) ;
#9099 = CARTESIAN_POINT ( 'NONE',  ( -446.8556549163562863, 10.00000000000000000, -175.2524320451088897 ) ) ;
#9100 = ORIENTED_EDGE ( 'NONE', *, *, #4193, .T. ) ;
#9101 = DIRECTION ( 'NONE',  ( 1.000000000000000000, 0.000000000000000000, 0.000000000000000000 ) ) ;
#9102 = CARTESIAN_POINT ( 'NONE',  ( -366.8556549163546379, 3.625000000000000000, -170.2132157533550298 ) ) ;
#9103 = ORIENTED_EDGE ( 'NONE', *, *, #2112, .F. ) ;
#9104 = EDGE_CURVE ( 'NONE', #7828, #6166, #4406, .T. ) ;
#9105 = ADVANCED_FACE ( 'NONE', ( #3186, #1791, #7456 ), #1045, .T. ) ;
#9106 = ORIENTED_EDGE ( 'NONE', *, *, #8903, .F. ) ;
#9107 = CARTESIAN_POINT ( 'NONE',  ( -327.8556549163545810, 3.000000000000000000, 14.74756795489106764 ) ) ;
#9108 = CARTESIAN_POINT ( 'NONE',  ( -325.7771466374532565, 5.604658406166490359, -169.5274669064384057 ) ) ;
#9109 = CARTESIAN_POINT ( 'NONE',  ( -265.8653458581868563, 5.323809698952779890, 18.13052145899955292 ) ) ;
#9110 = CARTESIAN_POINT ( 'NONE',  ( -326.2684541023606926, 4.687071811803895649, 18.65216358364155980 ) ) ;
#9111 = ORIENTED_EDGE ( 'NONE', *, *, #6804, .T. ) ;
#9112 = LINE ( 'NONE', #2732, #8725 ) ;
#9113 = CARTESIAN_POINT ( 'NONE',  ( -346.8556549163546379, 4.500000000000000888, 18.71619492148795061 ) ) ;
#9114 = ORIENTED_EDGE ( 'NONE', *, *, #6858, .T. ) ;
#9115 = CARTESIAN_POINT ( 'NONE',  ( -248.8556549163562579, 6.184658438426473559, -57.25243204510889683 ) ) ;
#9116 = CARTESIAN_POINT ( 'NONE',  ( -348.7765099126930863, 5.411312770689274743, -169.6356635552781995 ) ) ;
#9117 = CARTESIAN_POINT ( 'NONE',  ( -406.8556549163546379, 4.500000000000000888, -170.1029761153939717 ) ) ;
#9118 = CARTESIAN_POINT ( 'NONE',  ( -264.8556549163546379, 5.877829809576793352, 18.84858623523066967 ) ) ;
#9119 = DIRECTION ( 'NONE',  ( 0.000000000000000000, -0.000000000000000000, 1.000000000000000000 ) ) ;
#9120 = CARTESIAN_POINT ( 'NONE',  ( -305.4753587397422052, 4.308023494659618535, 19.57517244429188707 ) ) ;
#9121 = CARTESIAN_POINT ( 'NONE',  ( -246.8556549163562295, 2.646592366487434678, -53.30282638468747791 ) ) ;
#9122 = DIRECTION ( 'NONE',  ( -2.921639538487254261E-16, 0.000000000000000000, 1.000000000000000000 ) ) ;
#9123 = CARTESIAN_POINT ( 'NONE',  ( -425.9312337697478483, 5.113725464068107129, 18.35733257548619690 ) ) ;
#9124 = CARTESIAN_POINT ( 'NONE',  ( -428.0061957420330714, 4.072590210801801724, 19.63248989901885011 ) ) ;
#9125 = AXIS2_PLACEMENT_3D ( 'NONE', #3898, #7431, #1672 ) ;
#9126 = CARTESIAN_POINT ( 'NONE',  ( -386.0743484983213989, 4.872234721370825916, 18.55045866297566803 ) ) ;
#9127 = CARTESIAN_POINT ( 'NONE',  ( -325.8221357381984262, 6.023604503296707158, 18.73187307252268141 ) ) ;
#9128 = DIRECTION ( 'NONE',  ( 0.000000000000000000, -0.6249999999999859002, 0.7806247497998110019 ) ) ;
#9129 = CARTESIAN_POINT ( 'NONE',  ( -286.9954955678716146, 3.625000007438516914, -170.2132157524178524 ) ) ;
#9130 = CARTESIAN_POINT ( 'NONE',  ( -387.1328832646760816, 3.643135913638819723, -170.2110269203438122 ) ) ;
#9132 = VERTEX_POINT ( 'NONE', #391 ) ;
#9131 = EDGE_CURVE ( 'NONE', #6723, #5327, #954, .T. ) ;
#9133 = CARTESIAN_POINT ( 'NONE',  ( -365.8556549163545810, 5.499999999999989342, -168.3749310443081413 ) ) ;
#9134 = EDGE_LOOP ( 'NONE', ( #7586, #8207, #122, #2389 ) ) ;
#9135 = ORIENTED_EDGE ( 'NONE', *, *, #7544, .F. ) ;
#9136 = AXIS2_PLACEMENT_3D ( 'NONE', #226, #8621, #5692 ) ;
#9137 = EDGE_CURVE ( 'NONE', #449, #2824, #3237, .T. ) ;
#9138 = CIRCLE ( 'NONE', #3633, 5.000000000000000888 ) ;
#9139 = DIRECTION ( 'NONE',  ( 0.000000000000000000, -0.6249999999999859002, 0.7806247497998110019 ) ) ;
#9140 = LINE ( 'NONE', #1273, #2615 ) ;
#9141 = DIRECTION ( 'NONE',  ( -1.000000000000000000, 0.000000000000000000, -1.278217298088173739E-16 ) ) ;
#9142 = AXIS2_PLACEMENT_3D ( 'NONE', #4002, #6979, #606 ) ;
#9143 = CARTESIAN_POINT ( 'NONE',  ( -327.3857927667283434, 4.640946051867747890, 18.67203221619959308 ) ) ;
#9144 = CARTESIAN_POINT ( 'NONE',  ( -366.8556549163546379, 4.500000000000000888, 18.71619492148794706 ) ) ;
#9145 = VERTEX_POINT ( 'NONE', #4676 ) ;
#9146 = DIRECTION ( 'NONE',  ( 1.000000000000000000, 0.000000000000000000, 0.000000000000000000 ) ) ;
#9147 = AXIS2_PLACEMENT_3D ( 'NONE', #7547, #6157, #6113 ) ;
#9148 = CARTESIAN_POINT ( 'NONE',  ( -366.2379236663687152, 3.739288344263323349, -170.1976875133409237 ) ) ;
#9149 = VERTEX_POINT ( 'NONE', #7502 ) ;
#9150 = AXIS2_PLACEMENT_3D ( 'NONE', #2592, #8263, #2737 ) ;
#9151 = ORIENTED_EDGE ( 'NONE', *, *, #5780, .F. ) ;
#9152 = DIRECTION ( 'NONE',  ( 0.000000000000000000, -1.000000000000000000, 0.000000000000000000 ) ) ;
#9153 = EDGE_CURVE ( 'NONE', #5133, #143, #1133, .T. ) ;
#9154 = CARTESIAN_POINT ( 'NONE',  ( -325.8273383005339952, 5.302404540044383552, -169.7061190454029429 ) ) ;
#9155 = CARTESIAN_POINT ( 'NONE',  ( -367.7455700262930804, 5.039146740864987706, -168.9298849125770801 ) ) ;
#9156 = EDGE_CURVE ( 'NONE', #6999, #343, #6308, .T. ) ;
#9157 = CARTESIAN_POINT ( 'NONE',  ( -445.8556549163562863, 7.000000000000000000, -82.25243204510888972 ) ) ;
#9158 = ORIENTED_EDGE ( 'NONE', *, *, #7027, .F. ) ;
#9159 = CARTESIAN_POINT ( 'NONE',  ( -407.8556549163546379, 5.500000000000000888, 17.87006695409029078 ) ) ;
#9160 = CARTESIAN_POINT ( 'NONE',  ( -444.8556549163562295, 0.000000000000000000, -68.25243204510887551 ) ) ;
#9161 = ORIENTED_EDGE ( 'NONE', *, *, #6822, .F. ) ;
#9162 = DIRECTION ( 'NONE',  ( 0.000000000000000000, 0.000000000000000000, 1.000000000000000000 ) ) ;
#9163 = AXIS2_PLACEMENT_3D ( 'NONE', #442, #3287, #3331 ) ;
#9164 = CARTESIAN_POINT ( 'NONE',  ( -365.7766847069803475, 5.710072106084422394, 18.95463741994086604 ) ) ;
#9165 = CARTESIAN_POINT ( 'NONE',  ( -285.8556549163546379, 5.500000000000000888, 19.74756795489107475 ) ) ;
#9166 = CARTESIAN_POINT ( 'NONE',  ( -266.7857345905475199, 4.500000000000000888, 18.71619492074468027 ) ) ;
#9167 = CARTESIAN_POINT ( 'NONE',  ( -305.2120305543443237, 4.691125519188196868, 19.45532923085622912 ) ) ;
#9168 = EDGE_CURVE ( 'NONE', #8630, #5673, #5748, .T. ) ;
#9169 = DIRECTION ( 'NONE',  ( -1.000000000000000000, -0.000000000000000000, -2.921639538487254261E-16 ) ) ;
#9170 = CARTESIAN_POINT ( 'NONE',  ( -248.8556549163562295, 0.000000000000000000, -55.25243204510888972 ) ) ;
#9171 = CARTESIAN_POINT ( 'NONE',  ( -426.2684541023607494, 4.687071811803895649, 18.65216358364154914 ) ) ;
#9172 = EDGE_CURVE ( 'NONE', #8622, #1513, #4547, .T. ) ;
#9173 = SPHERICAL_SURFACE ( 'NONE', #7483, 5.000000000000000000 ) ;
#9174 = AXIS2_PLACEMENT_3D ( 'NONE', #4306, #5624, #4927 ) ;
#9175 = AXIS2_PLACEMENT_3D ( 'NONE', #8075, #303, #1799 ) ;
#9176 = CARTESIAN_POINT ( 'NONE',  ( -428.8556549163546379, 3.000000000000000000, 14.74756795489105343 ) ) ;
#9177 = CARTESIAN_POINT ( 'NONE',  ( -325.9657398064161384, 5.039146740864993035, 18.42502082235899508 ) ) ;
#9178 = CARTESIAN_POINT ( 'NONE',  ( -425.7771935235824117, 5.603816879088945768, 19.02313073663664156 ) ) ;
#9179 = CARTESIAN_POINT ( 'NONE',  ( -287.8556549163546379, 5.445450499394082655, -168.4622801552192470 ) ) ;
#9180 = CARTESIAN_POINT ( 'NONE',  ( -408.2240949084434192, 4.293400979081430258, 19.57871958445521088 ) ) ;
#9181 = CARTESIAN_POINT ( 'NONE',  ( -387.1292604473475194, 4.535687915297963002, -169.2115169503409788 ) ) ;
#9182 = ORIENTED_EDGE ( 'NONE', *, *, #112, .T. ) ;
#9183 = VECTOR ( 'NONE', #3360, 1000.000000000000000 ) ;
#9184 = CARTESIAN_POINT ( 'NONE',  ( -406.5387405911662881, 3.649012588301083770, 19.70547760320675224 ) ) ;
#9185 = ORIENTED_EDGE ( 'NONE', *, *, #9156, .T. ) ;
#9186 = AXIS2_PLACEMENT_3D ( 'NONE', #4725, #4023, #7814 ) ;
#9187 = EDGE_LOOP ( 'NONE', ( #8145, #7704, #1620, #6916 ) ) ;
#9188 = EDGE_CURVE ( 'NONE', #4922, #4121, #1439, .T. ) ;
#9189 = CARTESIAN_POINT ( 'NONE',  ( -407.9341163091267504, 5.603816879088887148, -169.5279948268513976 ) ) ;
#9190 = CARTESIAN_POINT ( 'NONE',  ( -264.8556549163546379, 3.000000000000000000, 14.74756795489107297 ) ) ;
#9191 = CARTESIAN_POINT ( 'NONE',  ( -346.3291516371583043, 4.647039145978594021, 18.66881868764273023 ) ) ;
#9192 = CARTESIAN_POINT ( 'NONE',  ( -327.9341631952597140, 5.604658406166609375, 19.02260281621916960 ) ) ;
#9193 = CIRCLE ( 'NONE', #8441, 1.000000000000000888 ) ;
#9194 = CARTESIAN_POINT ( 'NONE',  ( -367.6023976767530144, 4.799337897231886529, 19.45768888869950430 ) ) ;
#9195 = DIRECTION ( 'NONE',  ( -0.000000000000000000, -1.000000000000000000, -0.000000000000000000 ) ) ;
#9196 = ORIENTED_EDGE ( 'NONE', *, *, #9131, .T. ) ;
#9197 = VERTEX_POINT ( 'NONE', #1931 ) ;
#9198 = LINE ( 'NONE', #7134, #8875 ) ;
#9199 = CARTESIAN_POINT ( 'NONE',  ( -325.8950824154304087, 5.215001926881828176, -168.7584980031488442 ) ) ;
#9200 = CARTESIAN_POINT ( 'NONE',  ( -367.4582074330630803, 4.692344901070914176, -170.0114884923029877 ) ) ;
#9201 = CARTESIAN_POINT ( 'NONE',  ( -326.5456845957266978, 4.546024630548740397, 18.70368321587407934 ) ) ;
#9202 = ORIENTED_EDGE ( 'NONE', *, *, #6387, .T. ) ;
#9203 = CARTESIAN_POINT ( 'NONE',  ( -285.8796730116316098, 5.274488668813468450, -168.6905061599154863 ) ) ;
#9204 = PLANE ( 'NONE',  #2649 ) ;
#9205 = EDGE_LOOP ( 'NONE', ( #8381, #2359, #151, #9182, #6109, #4305, #8246, #9100 ) ) ;
#9206 = EDGE_CURVE ( 'NONE', #6668, #659, #8103, .T. ) ;
#9207 = FACE_OUTER_BOUND ( 'NONE', #191, .T. ) ;
#9208 = CARTESIAN_POINT ( 'NONE',  ( -365.4753587397422052, 4.308023494659507513, 19.57517244429191194 ) ) ;
#9209 = EDGE_CURVE ( 'NONE', #1888, #4677, #383, .T. ) ;
#9210 = DIRECTION ( 'NONE',  ( 0.000000000000000000, -1.000000000000000000, 0.000000000000000000 ) ) ;
#9211 = AXIS2_PLACEMENT_3D ( 'NONE', #5699, #2110, #4299 ) ;
#9212 = CARTESIAN_POINT ( 'NONE',  ( -425.8950824154304655, 5.215001926881828176, -168.7584980031488442 ) ) ;
#9213 = CARTESIAN_POINT ( 'NONE',  ( -427.8556549163546379, 3.000000000000000000, 14.74756795489105343 ) ) ;
#9214 = DIRECTION ( 'NONE',  ( 2.921639538487254261E-16, -0.000000000000000000, -1.000000000000000000 ) ) ;
#9215 = CARTESIAN_POINT ( 'NONE',  ( -347.8459675937750717, 5.324007913114983559, 18.13022991715109811 ) ) ;
#9216 = DIRECTION ( 'NONE',  ( -0.000000000000000000, -1.000000000000000000, -0.000000000000000000 ) ) ;
#9217 = CARTESIAN_POINT ( 'NONE',  ( -327.4028659782060231, 3.714219789345969858, -170.2012881788659513 ) ) ;
#9218 = EDGE_CURVE ( 'NONE', #1593, #2268, #4436, .T. ) ;
ENDSEC;
END-ISO-10303-21;
